{"anniston-oxford-35096": {"city": "Anniston-Oxford", "rent": 1010, "zip": "35096"}, "anniston-oxford-35905": {"city": "Anniston-Oxford", "rent": 880, "zip": "35905"}, "anniston-oxford-36201": {"city": "Anniston-Oxford", "rent": 860, "zip": "36201"}, "anniston-oxford-36202": {"city": "Anniston-Oxford", "rent": 960, "zip": "36202"}, "anniston-oxford-36203": {"city": "Anniston-Oxford", "rent": 1020, "zip": "36203"}, "anniston-oxford-36204": {"city": "Anniston-Oxford", "rent": 960, "zip": "36204"}, "anniston-oxford-36205": {"city": "Anniston-Oxford", "rent": 920, "zip": "36205"}, "anniston-oxford-36206": {"city": "Anniston-Oxford", "rent": 1010, "zip": "36206"}, "anniston-oxford-36207": {"city": "Anniston-Oxford", "rent": 1090, "zip": "36207"}, "anniston-oxford-36250": {"city": "Anniston-Oxford", "rent": 1180, "zip": "36250"}, "anniston-oxford-36257": {"city": "Anniston-Oxford", "rent": 960, "zip": "36257"}, "anniston-oxford-36260": {"city": "Anniston-Oxford", "rent": 850, "zip": "36260"}, "anniston-oxford-36265": {"city": "Anniston-Oxford", "rent": 920, "zip": "36265"}, "anniston-oxford-36271": {"city": "Anniston-Oxford", "rent": 910, "zip": "36271"}, "anniston-oxford-36272": {"city": "Anniston-Oxford", "rent": 900, "zip": "36272"}, "anniston-oxford-36277": {"city": "Anniston-Oxford", "rent": 1070, "zip": "36277"}, "anniston-oxford-36279": {"city": "Anniston-Oxford", "rent": 1280, "zip": "36279"}, "auburn-opelika-36801": {"city": "Auburn-Opelika", "rent": 1100, "zip": "36801"}, "auburn-opelika-36803": {"city": "Auburn-Opelika", "rent": 1180, "zip": "36803"}, "auburn-opelika-36804": {"city": "Auburn-Opelika", "rent": 1060, "zip": "36804"}, "auburn-opelika-36830": {"city": "Auburn-Opelika", "rent": 1380, "zip": "36830"}, "auburn-opelika-36831": {"city": "Auburn-Opelika", "rent": 1180, "zip": "36831"}, "auburn-opelika-36832": {"city": "Auburn-Opelika", "rent": 1190, "zip": "36832"}, "auburn-opelika-36849": {"city": "Auburn-Opelika", "rent": 1270, "zip": "36849"}, "auburn-opelika-36850": {"city": "Auburn-Opelika", "rent": 1060, "zip": "36850"}, "auburn-opelika-36852": {"city": "Auburn-Opelika", "rent": 1170, "zip": "36852"}, "auburn-opelika-36854": {"city": "Auburn-Opelika", "rent": 1160, "zip": "36854"}, "auburn-opelika-36865": {"city": "Auburn-Opelika", "rent": 1190, "zip": "36865"}, "auburn-opelika-36866": {"city": "Auburn-Opelika", "rent": 1060, "zip": "36866"}, "auburn-opelika-36867": {"city": "Auburn-Opelika", "rent": 1060, "zip": "36867"}, "auburn-opelika-36870": {"city": "Auburn-Opelika", "rent": 1150, "zip": "36870"}, "auburn-opelika-36874": {"city": "Auburn-Opelika", "rent": 1170, "zip": "36874"}, "auburn-opelika-36877": {"city": "Auburn-Opelika", "rent": 1260, "zip": "36877"}, "auburn-opelika-36879": {"city": "Auburn-Opelika", "rent": 1060, "zip": "36879"}, "macon-county-36013": {"city": "Macon County", "rent": 1380, "zip": "36013"}, "macon-county-36029": {"city": "Macon County", "rent": 900, "zip": "36029"}, "macon-county-36031": {"city": "Macon County", "rent": 850, "zip": "36031"}, "macon-county-36039": {"city": "Macon County", "rent": 1020, "zip": "36039"}, "macon-county-36075": {"city": "Macon County", "rent": 1200, "zip": "36075"}, "macon-county-36078": {"city": "Macon County", "rent": 900, "zip": "36078"}, "macon-county-36083": {"city": "Macon County", "rent": 960, "zip": "36083"}, "macon-county-36087": {"city": "Macon County", "rent": 1000, "zip": "36087"}, "macon-county-36088": {"city": "Macon County", "rent": 1060, "zip": "36088"}, "macon-county-36089": {"city": "Macon County", "rent": 790, "zip": "36089"}, "macon-county-36804": {"city": "Macon County", "rent": 1060, "zip": "36804"}, "macon-county-36830": {"city": "Macon County", "rent": 1380, "zip": "36830"}, "macon-county-36832": {"city": "Macon County", "rent": 1190, "zip": "36832"}, "macon-county-36860": {"city": "Macon County", "rent": 1000, "zip": "36860"}, "macon-county-36866": {"city": "Macon County", "rent": 1060, "zip": "36866"}, "birmingham-hoover-35004": {"city": "Birmingham-Hoover", "rent": 1520, "zip": "35004"}, "birmingham-hoover-35005": {"city": "Birmingham-Hoover", "rent": 1160, "zip": "35005"}, "birmingham-hoover-35006": {"city": "Birmingham-Hoover", "rent": 1020, "zip": "35006"}, "birmingham-hoover-35007": {"city": "Birmingham-Hoover", "rent": 1420, "zip": "35007"}, "birmingham-hoover-35013": {"city": "Birmingham-Hoover", "rent": 1020, "zip": "35013"}, "birmingham-hoover-35016": {"city": "Birmingham-Hoover", "rent": 1020, "zip": "35016"}, "birmingham-hoover-35020": {"city": "Birmingham-Hoover", "rent": 1040, "zip": "35020"}, "birmingham-hoover-35021": {"city": "Birmingham-Hoover", "rent": 1260, "zip": "35021"}, "birmingham-hoover-35022": {"city": "Birmingham-Hoover", "rent": 1090, "zip": "35022"}, "birmingham-hoover-35023": {"city": "Birmingham-Hoover", "rent": 1310, "zip": "35023"}, "birmingham-hoover-35031": {"city": "Birmingham-Hoover", "rent": 1020, "zip": "35031"}, "birmingham-hoover-35034": {"city": "Birmingham-Hoover", "rent": 1020, "zip": "35034"}, "birmingham-hoover-35035": {"city": "Birmingham-Hoover", "rent": 1020, "zip": "35035"}, "birmingham-hoover-35036": {"city": "Birmingham-Hoover", "rent": 1120, "zip": "35036"}, "birmingham-hoover-35040": {"city": "Birmingham-Hoover", "rent": 1640, "zip": "35040"}, "birmingham-hoover-35042": {"city": "Birmingham-Hoover", "rent": 1020, "zip": "35042"}, "birmingham-hoover-35043": {"city": "Birmingham-Hoover", "rent": 1470, "zip": "35043"}, "birmingham-hoover-35048": {"city": "Birmingham-Hoover", "rent": 1260, "zip": "35048"}, "birmingham-hoover-35049": {"city": "Birmingham-Hoover", "rent": 1020, "zip": "35049"}, "birmingham-hoover-35051": {"city": "Birmingham-Hoover", "rent": 1020, "zip": "35051"}, "birmingham-hoover-35052": {"city": "Birmingham-Hoover", "rent": 1230, "zip": "35052"}, "birmingham-hoover-35054": {"city": "Birmingham-Hoover", "rent": 1410, "zip": "35054"}, "birmingham-hoover-35060": {"city": "Birmingham-Hoover", "rent": 1110, "zip": "35060"}, "birmingham-hoover-35061": {"city": "Birmingham-Hoover", "rent": 1370, "zip": "35061"}, "birmingham-hoover-35062": {"city": "Birmingham-Hoover", "rent": 1020, "zip": "35062"}, "birmingham-hoover-35063": {"city": "Birmingham-Hoover", "rent": 1020, "zip": "35063"}, "birmingham-hoover-35064": {"city": "Birmingham-Hoover", "rent": 1200, "zip": "35064"}, "birmingham-hoover-35068": {"city": "Birmingham-Hoover", "rent": 1280, "zip": "35068"}, "birmingham-hoover-35071": {"city": "Birmingham-Hoover", "rent": 1290, "zip": "35071"}, "birmingham-hoover-35073": {"city": "Birmingham-Hoover", "rent": 1100, "zip": "35073"}, "birmingham-hoover-35074": {"city": "Birmingham-Hoover", "rent": 1070, "zip": "35074"}, "birmingham-hoover-35077": {"city": "Birmingham-Hoover", "rent": 1020, "zip": "35077"}, "birmingham-hoover-35078": {"city": "Birmingham-Hoover", "rent": 1020, "zip": "35078"}, "birmingham-hoover-35079": {"city": "Birmingham-Hoover", "rent": 1020, "zip": "35079"}, "birmingham-hoover-35080": {"city": "Birmingham-Hoover", "rent": 1780, "zip": "35080"}, "birmingham-hoover-35091": {"city": "Birmingham-Hoover", "rent": 1050, "zip": "35091"}, "birmingham-hoover-35094": {"city": "Birmingham-Hoover", "rent": 1090, "zip": "35094"}, "birmingham-hoover-35097": {"city": "Birmingham-Hoover", "rent": 1220, "zip": "35097"}, "birmingham-hoover-35111": {"city": "Birmingham-Hoover", "rent": 1200, "zip": "35111"}, "birmingham-hoover-35112": {"city": "Birmingham-Hoover", "rent": 1110, "zip": "35112"}, "birmingham-hoover-35114": {"city": "Birmingham-Hoover", "rent": 1310, "zip": "35114"}, "birmingham-hoover-35115": {"city": "Birmingham-Hoover", "rent": 1020, "zip": "35115"}, "birmingham-hoover-35116": {"city": "Birmingham-Hoover", "rent": 1100, "zip": "35116"}, "birmingham-hoover-35117": {"city": "Birmingham-Hoover", "rent": 1160, "zip": "35117"}, "birmingham-hoover-35118": {"city": "Birmingham-Hoover", "rent": 1070, "zip": "35118"}, "birmingham-hoover-35119": {"city": "Birmingham-Hoover", "rent": 1260, "zip": "35119"}, "birmingham-hoover-35120": {"city": "Birmingham-Hoover", "rent": 1110, "zip": "35120"}, "birmingham-hoover-35121": {"city": "Birmingham-Hoover", "rent": 1020, "zip": "35121"}, "birmingham-hoover-35124": {"city": "Birmingham-Hoover", "rent": 1610, "zip": "35124"}, "birmingham-hoover-35125": {"city": "Birmingham-Hoover", "rent": 1140, "zip": "35125"}, "birmingham-hoover-35126": {"city": "Birmingham-Hoover", "rent": 1320, "zip": "35126"}, "birmingham-hoover-35127": {"city": "Birmingham-Hoover", "rent": 1400, "zip": "35127"}, "birmingham-hoover-35128": {"city": "Birmingham-Hoover", "rent": 1310, "zip": "35128"}, "birmingham-hoover-35130": {"city": "Birmingham-Hoover", "rent": 1020, "zip": "35130"}, "birmingham-hoover-35131": {"city": "Birmingham-Hoover", "rent": 1020, "zip": "35131"}, "birmingham-hoover-35133": {"city": "Birmingham-Hoover", "rent": 1020, "zip": "35133"}, "birmingham-hoover-35135": {"city": "Birmingham-Hoover", "rent": 1250, "zip": "35135"}, "birmingham-hoover-35143": {"city": "Birmingham-Hoover", "rent": 1020, "zip": "35143"}, "birmingham-hoover-35146": {"city": "Birmingham-Hoover", "rent": 1020, "zip": "35146"}, "birmingham-hoover-35147": {"city": "Birmingham-Hoover", "rent": 1820, "zip": "35147"}, "birmingham-hoover-35148": {"city": "Birmingham-Hoover", "rent": 1020, "zip": "35148"}, "birmingham-hoover-35172": {"city": "Birmingham-Hoover", "rent": 1020, "zip": "35172"}, "birmingham-hoover-35173": {"city": "Birmingham-Hoover", "rent": 1490, "zip": "35173"}, "birmingham-hoover-35176": {"city": "Birmingham-Hoover", "rent": 1020, "zip": "35176"}, "birmingham-hoover-35178": {"city": "Birmingham-Hoover", "rent": 1020, "zip": "35178"}, "birmingham-hoover-35180": {"city": "Birmingham-Hoover", "rent": 1020, "zip": "35180"}, "birmingham-hoover-35181": {"city": "Birmingham-Hoover", "rent": 1160, "zip": "35181"}, "birmingham-hoover-35184": {"city": "Birmingham-Hoover", "rent": 1020, "zip": "35184"}, "birmingham-hoover-35185": {"city": "Birmingham-Hoover", "rent": 1460, "zip": "35185"}, "birmingham-hoover-35186": {"city": "Birmingham-Hoover", "rent": 1290, "zip": "35186"}, "birmingham-hoover-35188": {"city": "Birmingham-Hoover", "rent": 1040, "zip": "35188"}, "birmingham-hoover-35201": {"city": "Birmingham-Hoover", "rent": 1260, "zip": "35201"}, "birmingham-hoover-35202": {"city": "Birmingham-Hoover", "rent": 1260, "zip": "35202"}, "birmingham-hoover-35203": {"city": "Birmingham-Hoover", "rent": 1020, "zip": "35203"}, "birmingham-hoover-35204": {"city": "Birmingham-Hoover", "rent": 1020, "zip": "35204"}, "birmingham-hoover-35205": {"city": "Birmingham-Hoover", "rent": 1400, "zip": "35205"}, "birmingham-hoover-35206": {"city": "Birmingham-Hoover", "rent": 1150, "zip": "35206"}, "birmingham-hoover-35207": {"city": "Birmingham-Hoover", "rent": 1020, "zip": "35207"}, "birmingham-hoover-35208": {"city": "Birmingham-Hoover", "rent": 1070, "zip": "35208"}, "birmingham-hoover-35209": {"city": "Birmingham-Hoover", "rent": 1580, "zip": "35209"}, "birmingham-hoover-35210": {"city": "Birmingham-Hoover", "rent": 1230, "zip": "35210"}, "birmingham-hoover-35211": {"city": "Birmingham-Hoover", "rent": 1150, "zip": "35211"}, "birmingham-hoover-35212": {"city": "Birmingham-Hoover", "rent": 1020, "zip": "35212"}, "birmingham-hoover-35213": {"city": "Birmingham-Hoover", "rent": 1900, "zip": "35213"}, "birmingham-hoover-35214": {"city": "Birmingham-Hoover", "rent": 1100, "zip": "35214"}, "birmingham-hoover-35215": {"city": "Birmingham-Hoover", "rent": 1260, "zip": "35215"}, "birmingham-hoover-35216": {"city": "Birmingham-Hoover", "rent": 1590, "zip": "35216"}, "birmingham-hoover-35217": {"city": "Birmingham-Hoover", "rent": 1040, "zip": "35217"}, "birmingham-hoover-35218": {"city": "Birmingham-Hoover", "rent": 1030, "zip": "35218"}, "birmingham-hoover-35219": {"city": "Birmingham-Hoover", "rent": 1260, "zip": "35219"}, "birmingham-hoover-35220": {"city": "Birmingham-Hoover", "rent": 1260, "zip": "35220"}, "birmingham-hoover-35221": {"city": "Birmingham-Hoover", "rent": 1120, "zip": "35221"}, "birmingham-hoover-35222": {"city": "Birmingham-Hoover", "rent": 1170, "zip": "35222"}, "birmingham-hoover-35223": {"city": "Birmingham-Hoover", "rent": 1900, "zip": "35223"}, "birmingham-hoover-35224": {"city": "Birmingham-Hoover", "rent": 1110, "zip": "35224"}, "birmingham-hoover-35226": {"city": "Birmingham-Hoover", "rent": 1620, "zip": "35226"}, "birmingham-hoover-35228": {"city": "Birmingham-Hoover", "rent": 1150, "zip": "35228"}, "birmingham-hoover-35229": {"city": "Birmingham-Hoover", "rent": 1580, "zip": "35229"}, "birmingham-hoover-35231": {"city": "Birmingham-Hoover", "rent": 1260, "zip": "35231"}, "birmingham-hoover-35232": {"city": "Birmingham-Hoover", "rent": 1260, "zip": "35232"}, "birmingham-hoover-35233": {"city": "Birmingham-Hoover", "rent": 1730, "zip": "35233"}, "birmingham-hoover-35234": {"city": "Birmingham-Hoover", "rent": 1020, "zip": "35234"}, "birmingham-hoover-35235": {"city": "Birmingham-Hoover", "rent": 1360, "zip": "35235"}, "birmingham-hoover-35236": {"city": "Birmingham-Hoover", "rent": 1260, "zip": "35236"}, "birmingham-hoover-35238": {"city": "Birmingham-Hoover", "rent": 1460, "zip": "35238"}, "birmingham-hoover-35242": {"city": "Birmingham-Hoover", "rent": 1800, "zip": "35242"}, "birmingham-hoover-35243": {"city": "Birmingham-Hoover", "rent": 1690, "zip": "35243"}, "birmingham-hoover-35244": {"city": "Birmingham-Hoover", "rent": 1560, "zip": "35244"}, "birmingham-hoover-35249": {"city": "Birmingham-Hoover", "rent": 1730, "zip": "35249"}, "birmingham-hoover-35253": {"city": "Birmingham-Hoover", "rent": 1260, "zip": "35253"}, "birmingham-hoover-35254": {"city": "Birmingham-Hoover", "rent": 1020, "zip": "35254"}, "birmingham-hoover-35255": {"city": "Birmingham-Hoover", "rent": 1260, "zip": "35255"}, "birmingham-hoover-35259": {"city": "Birmingham-Hoover", "rent": 1260, "zip": "35259"}, "birmingham-hoover-35260": {"city": "Birmingham-Hoover", "rent": 1260, "zip": "35260"}, "birmingham-hoover-35261": {"city": "Birmingham-Hoover", "rent": 1260, "zip": "35261"}, "birmingham-hoover-35266": {"city": "Birmingham-Hoover", "rent": 1260, "zip": "35266"}, "birmingham-hoover-35285": {"city": "Birmingham-Hoover", "rent": 1260, "zip": "35285"}, "birmingham-hoover-35293": {"city": "Birmingham-Hoover", "rent": 1260, "zip": "35293"}, "birmingham-hoover-35294": {"city": "Birmingham-Hoover", "rent": 1260, "zip": "35294"}, "birmingham-hoover-35295": {"city": "Birmingham-Hoover", "rent": 1260, "zip": "35295"}, "birmingham-hoover-35444": {"city": "Birmingham-Hoover", "rent": 1240, "zip": "35444"}, "birmingham-hoover-35456": {"city": "Birmingham-Hoover", "rent": 1170, "zip": "35456"}, "birmingham-hoover-35906": {"city": "Birmingham-Hoover", "rent": 1110, "zip": "35906"}, "birmingham-hoover-35952": {"city": "Birmingham-Hoover", "rent": 1020, "zip": "35952"}, "birmingham-hoover-35953": {"city": "Birmingham-Hoover", "rent": 1220, "zip": "35953"}, "birmingham-hoover-35957": {"city": "Birmingham-Hoover", "rent": 1020, "zip": "35957"}, "birmingham-hoover-35972": {"city": "Birmingham-Hoover", "rent": 1020, "zip": "35972"}, "birmingham-hoover-35976": {"city": "Birmingham-Hoover", "rent": 1020, "zip": "35976"}, "birmingham-hoover-35980": {"city": "Birmingham-Hoover", "rent": 1020, "zip": "35980"}, "birmingham-hoover-35987": {"city": "Birmingham-Hoover", "rent": 1050, "zip": "35987"}, "birmingham-hoover-36750": {"city": "Birmingham-Hoover", "rent": 1140, "zip": "36750"}, "birmingham-hoover-36792": {"city": "Birmingham-Hoover", "rent": 1060, "zip": "36792"}, "birmingham-hoover-36793": {"city": "Birmingham-Hoover", "rent": 1040, "zip": "36793"}, "chilton-county-35035": {"city": "Chilton County", "rent": 1020, "zip": "35035"}, "chilton-county-35040": {"city": "Chilton County", "rent": 1640, "zip": "35040"}, "chilton-county-35045": {"city": "Chilton County", "rent": 1020, "zip": "35045"}, "chilton-county-35046": {"city": "Chilton County", "rent": 800, "zip": "35046"}, "chilton-county-35085": {"city": "Chilton County", "rent": 980, "zip": "35085"}, "chilton-county-35115": {"city": "Chilton County", "rent": 1020, "zip": "35115"}, "chilton-county-35171": {"city": "Chilton County", "rent": 1060, "zip": "35171"}, "chilton-county-36006": {"city": "Chilton County", "rent": 990, "zip": "36006"}, "chilton-county-36051": {"city": "Chilton County", "rent": 1020, "zip": "36051"}, "chilton-county-36091": {"city": "Chilton County", "rent": 940, "zip": "36091"}, "chilton-county-36750": {"city": "Chilton County", "rent": 1140, "zip": "36750"}, "chilton-county-36758": {"city": "Chilton County", "rent": 900, "zip": "36758"}, "chilton-county-36790": {"city": "Chilton County", "rent": 990, "zip": "36790"}, "chilton-county-36792": {"city": "Chilton County", "rent": 1060, "zip": "36792"}, "chilton-county-36793": {"city": "Chilton County", "rent": 1040, "zip": "36793"}, "walker-county-35006": {"city": "Walker County", "rent": 1020, "zip": "35006"}, "walker-county-35033": {"city": "Walker County", "rent": 1020, "zip": "35033"}, "walker-county-35038": {"city": "Walker County", "rent": 890, "zip": "35038"}, "walker-county-35062": {"city": "Walker County", "rent": 1020, "zip": "35062"}, "walker-county-35063": {"city": "Walker County", "rent": 1020, "zip": "35063"}, "walker-county-35130": {"city": "Walker County", "rent": 1020, "zip": "35130"}, "walker-county-35148": {"city": "Walker County", "rent": 1020, "zip": "35148"}, "walker-county-35501": {"city": "Walker County", "rent": 920, "zip": "35501"}, "walker-county-35502": {"city": "Walker County", "rent": 890, "zip": "35502"}, "walker-county-35503": {"city": "Walker County", "rent": 860, "zip": "35503"}, "walker-county-35504": {"city": "Walker County", "rent": 870, "zip": "35504"}, "walker-county-35541": {"city": "Walker County", "rent": 900, "zip": "35541"}, "walker-county-35546": {"city": "Walker County", "rent": 1030, "zip": "35546"}, "walker-county-35549": {"city": "Walker County", "rent": 780, "zip": "35549"}, "walker-county-35550": {"city": "Walker County", "rent": 800, "zip": "35550"}, "walker-county-35554": {"city": "Walker County", "rent": 780, "zip": "35554"}, "walker-county-35573": {"city": "Walker County", "rent": 780, "zip": "35573"}, "walker-county-35578": {"city": "Walker County", "rent": 1160, "zip": "35578"}, "walker-county-35579": {"city": "Walker County", "rent": 1030, "zip": "35579"}, "walker-county-35580": {"city": "Walker County", "rent": 900, "zip": "35580"}, "walker-county-35584": {"city": "Walker County", "rent": 1140, "zip": "35584"}, "walker-county-35587": {"city": "Walker County", "rent": 810, "zip": "35587"}, "daphne-fairhope-foley-36480": {"city": "Daphne-Fairhope-Foley", "rent": 1120, "zip": "36480"}, "daphne-fairhope-foley-36502": {"city": "Daphne-Fairhope-Foley", "rent": 1120, "zip": "36502"}, "daphne-fairhope-foley-36507": {"city": "Daphne-Fairhope-Foley", "rent": 1120, "zip": "36507"}, "daphne-fairhope-foley-36511": {"city": "Daphne-Fairhope-Foley", "rent": 1260, "zip": "36511"}, "daphne-fairhope-foley-36526": {"city": "Daphne-Fairhope-Foley", "rent": 1520, "zip": "36526"}, "daphne-fairhope-foley-36527": {"city": "Daphne-Fairhope-Foley", "rent": 1580, "zip": "36527"}, "daphne-fairhope-foley-36530": {"city": "Daphne-Fairhope-Foley", "rent": 1130, "zip": "36530"}, "daphne-fairhope-foley-36532": {"city": "Daphne-Fairhope-Foley", "rent": 1570, "zip": "36532"}, "daphne-fairhope-foley-36533": {"city": "Daphne-Fairhope-Foley", "rent": 1350, "zip": "36533"}, "daphne-fairhope-foley-36535": {"city": "Daphne-Fairhope-Foley", "rent": 1200, "zip": "36535"}, "daphne-fairhope-foley-36536": {"city": "Daphne-Fairhope-Foley", "rent": 1350, "zip": "36536"}, "daphne-fairhope-foley-36542": {"city": "Daphne-Fairhope-Foley", "rent": 1410, "zip": "36542"}, "daphne-fairhope-foley-36547": {"city": "Daphne-Fairhope-Foley", "rent": 1450, "zip": "36547"}, "daphne-fairhope-foley-36549": {"city": "Daphne-Fairhope-Foley", "rent": 1330, "zip": "36549"}, "daphne-fairhope-foley-36550": {"city": "Daphne-Fairhope-Foley", "rent": 1120, "zip": "36550"}, "daphne-fairhope-foley-36551": {"city": "Daphne-Fairhope-Foley", "rent": 1290, "zip": "36551"}, "daphne-fairhope-foley-36555": {"city": "Daphne-Fairhope-Foley", "rent": 1200, "zip": "36555"}, "daphne-fairhope-foley-36559": {"city": "Daphne-Fairhope-Foley", "rent": 1550, "zip": "36559"}, "daphne-fairhope-foley-36561": {"city": "Daphne-Fairhope-Foley", "rent": 1470, "zip": "36561"}, "daphne-fairhope-foley-36562": {"city": "Daphne-Fairhope-Foley", "rent": 1120, "zip": "36562"}, "daphne-fairhope-foley-36564": {"city": "Daphne-Fairhope-Foley", "rent": 1350, "zip": "36564"}, "daphne-fairhope-foley-36567": {"city": "Daphne-Fairhope-Foley", "rent": 1170, "zip": "36567"}, "daphne-fairhope-foley-36574": {"city": "Daphne-Fairhope-Foley", "rent": 1230, "zip": "36574"}, "daphne-fairhope-foley-36576": {"city": "Daphne-Fairhope-Foley", "rent": 1160, "zip": "36576"}, "daphne-fairhope-foley-36577": {"city": "Daphne-Fairhope-Foley", "rent": 1350, "zip": "36577"}, "daphne-fairhope-foley-36578": {"city": "Daphne-Fairhope-Foley", "rent": 1160, "zip": "36578"}, "daphne-fairhope-foley-36579": {"city": "Daphne-Fairhope-Foley", "rent": 1120, "zip": "36579"}, "daphne-fairhope-foley-36580": {"city": "Daphne-Fairhope-Foley", "rent": 1120, "zip": "36580"}, "decatur-35016": {"city": "Decatur", "rent": 1020, "zip": "35016"}, "decatur-35019": {"city": "Decatur", "rent": 840, "zip": "35019"}, "decatur-35058": {"city": "Decatur", "rent": 870, "zip": "35058"}, "decatur-35087": {"city": "Decatur", "rent": 970, "zip": "35087"}, "decatur-35175": {"city": "Decatur", "rent": 900, "zip": "35175"}, "decatur-35179": {"city": "Decatur", "rent": 840, "zip": "35179"}, "decatur-35540": {"city": "Decatur", "rent": 840, "zip": "35540"}, "decatur-35565": {"city": "Decatur", "rent": 840, "zip": "35565"}, "decatur-35601": {"city": "Decatur", "rent": 990, "zip": "35601"}, "decatur-35602": {"city": "Decatur", "rent": 980, "zip": "35602"}, "decatur-35603": {"city": "Decatur", "rent": 1000, "zip": "35603"}, "decatur-35618": {"city": "Decatur", "rent": 840, "zip": "35618"}, "decatur-35619": {"city": "Decatur", "rent": 1170, "zip": "35619"}, "decatur-35621": {"city": "Decatur", "rent": 1230, "zip": "35621"}, "decatur-35622": {"city": "Decatur", "rent": 1010, "zip": "35622"}, "decatur-35640": {"city": "Decatur", "rent": 950, "zip": "35640"}, "decatur-35643": {"city": "Decatur", "rent": 880, "zip": "35643"}, "decatur-35650": {"city": "Decatur", "rent": 840, "zip": "35650"}, "decatur-35651": {"city": "Decatur", "rent": 840, "zip": "35651"}, "decatur-35654": {"city": "Decatur", "rent": 880, "zip": "35654"}, "decatur-35670": {"city": "Decatur", "rent": 900, "zip": "35670"}, "decatur-35672": {"city": "Decatur", "rent": 880, "zip": "35672"}, "decatur-35673": {"city": "Decatur", "rent": 890, "zip": "35673"}, "decatur-35754": {"city": "Decatur", "rent": 890, "zip": "35754"}, "decatur-35775": {"city": "Decatur", "rent": 1280, "zip": "35775"}, "dothan-36301": {"city": "Dothan", "rent": 910, "zip": "36301"}, "dothan-36302": {"city": "Dothan", "rent": 970, "zip": "36302"}, "dothan-36303": {"city": "Dothan", "rent": 960, "zip": "36303"}, "dothan-36304": {"city": "Dothan", "rent": 970, "zip": "36304"}, "dothan-36305": {"city": "Dothan", "rent": 1260, "zip": "36305"}, "dothan-36312": {"city": "Dothan", "rent": 900, "zip": "36312"}, "dothan-36313": {"city": "Dothan", "rent": 870, "zip": "36313"}, "dothan-36314": {"city": "Dothan", "rent": 810, "zip": "36314"}, "dothan-36316": {"city": "Dothan", "rent": 910, "zip": "36316"}, "dothan-36318": {"city": "Dothan", "rent": 830, "zip": "36318"}, "dothan-36319": {"city": "Dothan", "rent": 890, "zip": "36319"}, "dothan-36320": {"city": "Dothan", "rent": 900, "zip": "36320"}, "dothan-36321": {"city": "Dothan", "rent": 900, "zip": "36321"}, "dothan-36322": {"city": "Dothan", "rent": 810, "zip": "36322"}, "dothan-36340": {"city": "Dothan", "rent": 810, "zip": "36340"}, "dothan-36343": {"city": "Dothan", "rent": 1020, "zip": "36343"}, "dothan-36344": {"city": "Dothan", "rent": 850, "zip": "36344"}, "dothan-36345": {"city": "Dothan", "rent": 950, "zip": "36345"}, "dothan-36350": {"city": "Dothan", "rent": 810, "zip": "36350"}, "dothan-36352": {"city": "Dothan", "rent": 810, "zip": "36352"}, "dothan-36370": {"city": "Dothan", "rent": 810, "zip": "36370"}, "dothan-36375": {"city": "Dothan", "rent": 900, "zip": "36375"}, "dothan-36376": {"city": "Dothan", "rent": 910, "zip": "36376"}, "dothan-36442": {"city": "Dothan", "rent": 830, "zip": "36442"}, "dothan-36453": {"city": "Dothan", "rent": 810, "zip": "36453"}, "dothan-36467": {"city": "Dothan", "rent": 810, "zip": "36467"}, "dothan-36477": {"city": "Dothan", "rent": 810, "zip": "36477"}, "henry-county-36016": {"city": "Henry County", "rent": 810, "zip": "36016"}, "henry-county-36027": {"city": "Henry County", "rent": 1000, "zip": "36027"}, "henry-county-36303": {"city": "Henry County", "rent": 960, "zip": "36303"}, "henry-county-36310": {"city": "Henry County", "rent": 780, "zip": "36310"}, "henry-county-36317": {"city": "Henry County", "rent": 840, "zip": "36317"}, "henry-county-36319": {"city": "Henry County", "rent": 890, "zip": "36319"}, "henry-county-36345": {"city": "Henry County", "rent": 950, "zip": "36345"}, "henry-county-36350": {"city": "Henry County", "rent": 810, "zip": "36350"}, "henry-county-36353": {"city": "Henry County", "rent": 980, "zip": "36353"}, "henry-county-36373": {"city": "Henry County", "rent": 830, "zip": "36373"}, "florence-muscle-shoals-35582": {"city": "Florence-Muscle Shoals", "rent": 880, "zip": "35582"}, "florence-muscle-shoals-35610": {"city": "Florence-Muscle Shoals", "rent": 1130, "zip": "35610"}, "florence-muscle-shoals-35614": {"city": "Florence-Muscle Shoals", "rent": 1240, "zip": "35614"}, "florence-muscle-shoals-35616": {"city": "Florence-Muscle Shoals", "rent": 980, "zip": "35616"}, "florence-muscle-shoals-35630": {"city": "Florence-Muscle Shoals", "rent": 1050, "zip": "35630"}, "florence-muscle-shoals-35631": {"city": "Florence-Muscle Shoals", "rent": 980, "zip": "35631"}, "florence-muscle-shoals-35632": {"city": "Florence-Muscle Shoals", "rent": 1050, "zip": "35632"}, "florence-muscle-shoals-35633": {"city": "Florence-Muscle Shoals", "rent": 990, "zip": "35633"}, "florence-muscle-shoals-35634": {"city": "Florence-Muscle Shoals", "rent": 1090, "zip": "35634"}, "florence-muscle-shoals-35645": {"city": "Florence-Muscle Shoals", "rent": 1080, "zip": "35645"}, "florence-muscle-shoals-35646": {"city": "Florence-Muscle Shoals", "rent": 880, "zip": "35646"}, "florence-muscle-shoals-35648": {"city": "Florence-Muscle Shoals", "rent": 880, "zip": "35648"}, "florence-muscle-shoals-35652": {"city": "Florence-Muscle Shoals", "rent": 1130, "zip": "35652"}, "florence-muscle-shoals-35653": {"city": "Florence-Muscle Shoals", "rent": 880, "zip": "35653"}, "florence-muscle-shoals-35654": {"city": "Florence-Muscle Shoals", "rent": 880, "zip": "35654"}, "florence-muscle-shoals-35660": {"city": "Florence-Muscle Shoals", "rent": 1010, "zip": "35660"}, "florence-muscle-shoals-35661": {"city": "Florence-Muscle Shoals", "rent": 1170, "zip": "35661"}, "florence-muscle-shoals-35662": {"city": "Florence-Muscle Shoals", "rent": 1030, "zip": "35662"}, "florence-muscle-shoals-35672": {"city": "Florence-Muscle Shoals", "rent": 880, "zip": "35672"}, "florence-muscle-shoals-35674": {"city": "Florence-Muscle Shoals", "rent": 980, "zip": "35674"}, "florence-muscle-shoals-35677": {"city": "Florence-Muscle Shoals", "rent": 1020, "zip": "35677"}, "florence-muscle-shoals-38852": {"city": "Florence-Muscle Shoals", "rent": 880, "zip": "38852"}, "gadsden-35121": {"city": "Gadsden", "rent": 1020, "zip": "35121"}, "gadsden-35901": {"city": "Gadsden", "rent": 900, "zip": "35901"}, "gadsden-35902": {"city": "Gadsden", "rent": 930, "zip": "35902"}, "gadsden-35903": {"city": "Gadsden", "rent": 930, "zip": "35903"}, "gadsden-35904": {"city": "Gadsden", "rent": 900, "zip": "35904"}, "gadsden-35905": {"city": "Gadsden", "rent": 880, "zip": "35905"}, "gadsden-35906": {"city": "Gadsden", "rent": 1110, "zip": "35906"}, "gadsden-35907": {"city": "Gadsden", "rent": 1260, "zip": "35907"}, "gadsden-35952": {"city": "Gadsden", "rent": 1020, "zip": "35952"}, "gadsden-35954": {"city": "Gadsden", "rent": 850, "zip": "35954"}, "gadsden-35956": {"city": "Gadsden", "rent": 920, "zip": "35956"}, "gadsden-35957": {"city": "Gadsden", "rent": 1020, "zip": "35957"}, "gadsden-35961": {"city": "Gadsden", "rent": 850, "zip": "35961"}, "gadsden-35972": {"city": "Gadsden", "rent": 1020, "zip": "35972"}, "gadsden-35990": {"city": "Gadsden", "rent": 850, "zip": "35990"}, "gadsden-36271": {"city": "Gadsden", "rent": 910, "zip": "36271"}, "gadsden-36272": {"city": "Gadsden", "rent": 900, "zip": "36272"}, "huntsville-35610": {"city": "Huntsville", "rent": 1130, "zip": "35610"}, "huntsville-35611": {"city": "Huntsville", "rent": 1130, "zip": "35611"}, "huntsville-35612": {"city": "Huntsville", "rent": 1130, "zip": "35612"}, "huntsville-35613": {"city": "Huntsville", "rent": 1400, "zip": "35613"}, "huntsville-35614": {"city": "Huntsville", "rent": 1240, "zip": "35614"}, "huntsville-35615": {"city": "Huntsville", "rent": 1950, "zip": "35615"}, "huntsville-35620": {"city": "Huntsville", "rent": 1160, "zip": "35620"}, "huntsville-35647": {"city": "Huntsville", "rent": 1180, "zip": "35647"}, "huntsville-35649": {"city": "Huntsville", "rent": 1950, "zip": "35649"}, "huntsville-35652": {"city": "Huntsville", "rent": 1130, "zip": "35652"}, "huntsville-35671": {"city": "Huntsville", "rent": 1280, "zip": "35671"}, "huntsville-35739": {"city": "Huntsville", "rent": 1130, "zip": "35739"}, "huntsville-35741": {"city": "Huntsville", "rent": 1460, "zip": "35741"}, "huntsville-35742": {"city": "Huntsville", "rent": 1130, "zip": "35742"}, "huntsville-35748": {"city": "Huntsville", "rent": 1130, "zip": "35748"}, "huntsville-35749": {"city": "Huntsville", "rent": 1510, "zip": "35749"}, "huntsville-35750": {"city": "Huntsville", "rent": 1280, "zip": "35750"}, "huntsville-35756": {"city": "Huntsville", "rent": 1950, "zip": "35756"}, "huntsville-35757": {"city": "Huntsville", "rent": 1720, "zip": "35757"}, "huntsville-35758": {"city": "Huntsville", "rent": 1590, "zip": "35758"}, "huntsville-35759": {"city": "Huntsville", "rent": 1620, "zip": "35759"}, "huntsville-35760": {"city": "Huntsville", "rent": 1130, "zip": "35760"}, "huntsville-35761": {"city": "Huntsville", "rent": 1230, "zip": "35761"}, "huntsville-35762": {"city": "Huntsville", "rent": 1340, "zip": "35762"}, "huntsville-35763": {"city": "Huntsville", "rent": 1970, "zip": "35763"}, "huntsville-35773": {"city": "Huntsville", "rent": 1280, "zip": "35773"}, "huntsville-35776": {"city": "Huntsville", "rent": 1130, "zip": "35776"}, "huntsville-35801": {"city": "Huntsville", "rent": 1430, "zip": "35801"}, "huntsville-35802": {"city": "Huntsville", "rent": 1280, "zip": "35802"}, "huntsville-35803": {"city": "Huntsville", "rent": 1390, "zip": "35803"}, "huntsville-35804": {"city": "Huntsville", "rent": 1340, "zip": "35804"}, "huntsville-35805": {"city": "Huntsville", "rent": 1130, "zip": "35805"}, "huntsville-35806": {"city": "Huntsville", "rent": 1530, "zip": "35806"}, "huntsville-35807": {"city": "Huntsville", "rent": 1340, "zip": "35807"}, "huntsville-35808": {"city": "Huntsville", "rent": 1970, "zip": "35808"}, "huntsville-35809": {"city": "Huntsville", "rent": 1340, "zip": "35809"}, "huntsville-35810": {"city": "Huntsville", "rent": 1250, "zip": "35810"}, "huntsville-35811": {"city": "Huntsville", "rent": 1240, "zip": "35811"}, "huntsville-35812": {"city": "Huntsville", "rent": 1340, "zip": "35812"}, "huntsville-35813": {"city": "Huntsville", "rent": 1340, "zip": "35813"}, "huntsville-35814": {"city": "Huntsville", "rent": 1340, "zip": "35814"}, "huntsville-35815": {"city": "Huntsville", "rent": 1340, "zip": "35815"}, "huntsville-35816": {"city": "Huntsville", "rent": 1130, "zip": "35816"}, "huntsville-35824": {"city": "Huntsville", "rent": 1490, "zip": "35824"}, "huntsville-35896": {"city": "Huntsville", "rent": 1360, "zip": "35896"}, "mobile-36505": {"city": "Mobile", "rent": 1440, "zip": "36505"}, "mobile-36509": {"city": "Mobile", "rent": 900, "zip": "36509"}, "mobile-36512": {"city": "Mobile", "rent": 1180, "zip": "36512"}, "mobile-36513": {"city": "Mobile", "rent": 960, "zip": "36513"}, "mobile-36521": {"city": "Mobile", "rent": 940, "zip": "36521"}, "mobile-36522": {"city": "Mobile", "rent": 900, "zip": "36522"}, "mobile-36523": {"city": "Mobile", "rent": 1120, "zip": "36523"}, "mobile-36525": {"city": "Mobile", "rent": 1020, "zip": "36525"}, "mobile-36528": {"city": "Mobile", "rent": 1480, "zip": "36528"}, "mobile-36541": {"city": "Mobile", "rent": 1080, "zip": "36541"}, "mobile-36544": {"city": "Mobile", "rent": 900, "zip": "36544"}, "mobile-36560": {"city": "Mobile", "rent": 1000, "zip": "36560"}, "mobile-36568": {"city": "Mobile", "rent": 1000, "zip": "36568"}, "mobile-36571": {"city": "Mobile", "rent": 1080, "zip": "36571"}, "mobile-36572": {"city": "Mobile", "rent": 1330, "zip": "36572"}, "mobile-36575": {"city": "Mobile", "rent": 1150, "zip": "36575"}, "mobile-36582": {"city": "Mobile", "rent": 960, "zip": "36582"}, "mobile-36587": {"city": "Mobile", "rent": 990, "zip": "36587"}, "mobile-36590": {"city": "Mobile", "rent": 1080, "zip": "36590"}, "mobile-36601": {"city": "Mobile", "rent": 1080, "zip": "36601"}, "mobile-36602": {"city": "Mobile", "rent": 1020, "zip": "36602"}, "mobile-36603": {"city": "Mobile", "rent": 900, "zip": "36603"}, "mobile-36604": {"city": "Mobile", "rent": 950, "zip": "36604"}, "mobile-36605": {"city": "Mobile", "rent": 1100, "zip": "36605"}, "mobile-36606": {"city": "Mobile", "rent": 1020, "zip": "36606"}, "mobile-36607": {"city": "Mobile", "rent": 1050, "zip": "36607"}, "mobile-36608": {"city": "Mobile", "rent": 1240, "zip": "36608"}, "mobile-36609": {"city": "Mobile", "rent": 1090, "zip": "36609"}, "mobile-36610": {"city": "Mobile", "rent": 900, "zip": "36610"}, "mobile-36611": {"city": "Mobile", "rent": 1040, "zip": "36611"}, "mobile-36612": {"city": "Mobile", "rent": 900, "zip": "36612"}, "mobile-36613": {"city": "Mobile", "rent": 1230, "zip": "36613"}, "mobile-36615": {"city": "Mobile", "rent": 1080, "zip": "36615"}, "mobile-36616": {"city": "Mobile", "rent": 1080, "zip": "36616"}, "mobile-36617": {"city": "Mobile", "rent": 1140, "zip": "36617"}, "mobile-36618": {"city": "Mobile", "rent": 1190, "zip": "36618"}, "mobile-36619": {"city": "Mobile", "rent": 1130, "zip": "36619"}, "mobile-36633": {"city": "Mobile", "rent": 1080, "zip": "36633"}, "mobile-36640": {"city": "Mobile", "rent": 1080, "zip": "36640"}, "mobile-36652": {"city": "Mobile", "rent": 1040, "zip": "36652"}, "mobile-36660": {"city": "Mobile", "rent": 1080, "zip": "36660"}, "mobile-36663": {"city": "Mobile", "rent": 980, "zip": "36663"}, "mobile-36670": {"city": "Mobile", "rent": 1080, "zip": "36670"}, "mobile-36671": {"city": "Mobile", "rent": 1080, "zip": "36671"}, "mobile-36685": {"city": "Mobile", "rent": 1080, "zip": "36685"}, "mobile-36688": {"city": "Mobile", "rent": 1240, "zip": "36688"}, "mobile-36689": {"city": "Mobile", "rent": 1080, "zip": "36689"}, "mobile-36691": {"city": "Mobile", "rent": 1080, "zip": "36691"}, "mobile-36693": {"city": "Mobile", "rent": 1140, "zip": "36693"}, "mobile-36695": {"city": "Mobile", "rent": 1270, "zip": "36695"}, "montgomery-35010": {"city": "Montgomery", "rent": 900, "zip": "35010"}, "montgomery-35136": {"city": "Montgomery", "rent": 900, "zip": "35136"}, "montgomery-36003": {"city": "Montgomery", "rent": 900, "zip": "36003"}, "montgomery-36006": {"city": "Montgomery", "rent": 990, "zip": "36006"}, "montgomery-36008": {"city": "Montgomery", "rent": 1180, "zip": "36008"}, "montgomery-36013": {"city": "Montgomery", "rent": 1380, "zip": "36013"}, "montgomery-36020": {"city": "Montgomery", "rent": 940, "zip": "36020"}, "montgomery-36022": {"city": "Montgomery", "rent": 980, "zip": "36022"}, "montgomery-36024": {"city": "Montgomery", "rent": 900, "zip": "36024"}, "montgomery-36025": {"city": "Montgomery", "rent": 1080, "zip": "36025"}, "montgomery-36026": {"city": "Montgomery", "rent": 900, "zip": "36026"}, "montgomery-36029": {"city": "Montgomery", "rent": 900, "zip": "36029"}, "montgomery-36032": {"city": "Montgomery", "rent": 900, "zip": "36032"}, "montgomery-36036": {"city": "Montgomery", "rent": 960, "zip": "36036"}, "montgomery-36040": {"city": "Montgomery", "rent": 900, "zip": "36040"}, "montgomery-36041": {"city": "Montgomery", "rent": 900, "zip": "36041"}, "montgomery-36043": {"city": "Montgomery", "rent": 1000, "zip": "36043"}, "montgomery-36046": {"city": "Montgomery", "rent": 900, "zip": "36046"}, "montgomery-36047": {"city": "Montgomery", "rent": 900, "zip": "36047"}, "montgomery-36051": {"city": "Montgomery", "rent": 1020, "zip": "36051"}, "montgomery-36052": {"city": "Montgomery", "rent": 1150, "zip": "36052"}, "montgomery-36054": {"city": "Montgomery", "rent": 960, "zip": "36054"}, "montgomery-36057": {"city": "Montgomery", "rent": 1300, "zip": "36057"}, "montgomery-36064": {"city": "Montgomery", "rent": 1440, "zip": "36064"}, "montgomery-36066": {"city": "Montgomery", "rent": 1240, "zip": "36066"}, "montgomery-36067": {"city": "Montgomery", "rent": 1040, "zip": "36067"}, "montgomery-36068": {"city": "Montgomery", "rent": 1180, "zip": "36068"}, "montgomery-36069": {"city": "Montgomery", "rent": 900, "zip": "36069"}, "montgomery-36078": {"city": "Montgomery", "rent": 900, "zip": "36078"}, "montgomery-36080": {"city": "Montgomery", "rent": 1000, "zip": "36080"}, "montgomery-36091": {"city": "Montgomery", "rent": 940, "zip": "36091"}, "montgomery-36092": {"city": "Montgomery", "rent": 960, "zip": "36092"}, "montgomery-36093": {"city": "Montgomery", "rent": 1050, "zip": "36093"}, "montgomery-36101": {"city": "Montgomery", "rent": 900, "zip": "36101"}, "montgomery-36102": {"city": "Montgomery", "rent": 1010, "zip": "36102"}, "montgomery-36103": {"city": "Montgomery", "rent": 1010, "zip": "36103"}, "montgomery-36104": {"city": "Montgomery", "rent": 900, "zip": "36104"}, "montgomery-36105": {"city": "Montgomery", "rent": 930, "zip": "36105"}, "montgomery-36106": {"city": "Montgomery", "rent": 1070, "zip": "36106"}, "montgomery-36107": {"city": "Montgomery", "rent": 900, "zip": "36107"}, "montgomery-36108": {"city": "Montgomery", "rent": 900, "zip": "36108"}, "montgomery-36109": {"city": "Montgomery", "rent": 1030, "zip": "36109"}, "montgomery-36110": {"city": "Montgomery", "rent": 960, "zip": "36110"}, "montgomery-36111": {"city": "Montgomery", "rent": 1000, "zip": "36111"}, "montgomery-36112": {"city": "Montgomery", "rent": 1290, "zip": "36112"}, "montgomery-36113": {"city": "Montgomery", "rent": 1520, "zip": "36113"}, "montgomery-36114": {"city": "Montgomery", "rent": 1010, "zip": "36114"}, "montgomery-36115": {"city": "Montgomery", "rent": 1410, "zip": "36115"}, "montgomery-36116": {"city": "Montgomery", "rent": 1040, "zip": "36116"}, "montgomery-36117": {"city": "Montgomery", "rent": 1300, "zip": "36117"}, "montgomery-36119": {"city": "Montgomery", "rent": 1010, "zip": "36119"}, "montgomery-36120": {"city": "Montgomery", "rent": 1010, "zip": "36120"}, "montgomery-36121": {"city": "Montgomery", "rent": 1010, "zip": "36121"}, "montgomery-36123": {"city": "Montgomery", "rent": 1010, "zip": "36123"}, "montgomery-36124": {"city": "Montgomery", "rent": 1010, "zip": "36124"}, "montgomery-36125": {"city": "Montgomery", "rent": 1010, "zip": "36125"}, "montgomery-36130": {"city": "Montgomery", "rent": 1010, "zip": "36130"}, "montgomery-36131": {"city": "Montgomery", "rent": 1010, "zip": "36131"}, "montgomery-36701": {"city": "Montgomery", "rent": 900, "zip": "36701"}, "montgomery-36703": {"city": "Montgomery", "rent": 900, "zip": "36703"}, "montgomery-36749": {"city": "Montgomery", "rent": 900, "zip": "36749"}, "montgomery-36752": {"city": "Montgomery", "rent": 900, "zip": "36752"}, "montgomery-36758": {"city": "Montgomery", "rent": 900, "zip": "36758"}, "montgomery-36761": {"city": "Montgomery", "rent": 900, "zip": "36761"}, "montgomery-36775": {"city": "Montgomery", "rent": 1230, "zip": "36775"}, "montgomery-36785": {"city": "Montgomery", "rent": 900, "zip": "36785"}, "greene-county-35442": {"city": "Greene County", "rent": 970, "zip": "35442"}, "greene-county-35443": {"city": "Greene County", "rent": 970, "zip": "35443"}, "greene-county-35462": {"city": "Greene County", "rent": 1180, "zip": "35462"}, "greene-county-35463": {"city": "Greene County", "rent": 1170, "zip": "35463"}, "greene-county-35464": {"city": "Greene County", "rent": 970, "zip": "35464"}, "greene-county-35469": {"city": "Greene County", "rent": 1160, "zip": "35469"}, "greene-county-35480": {"city": "Greene County", "rent": 1030, "zip": "35480"}, "greene-county-35491": {"city": "Greene County", "rent": 1140, "zip": "35491"}, "greene-county-36740": {"city": "Greene County", "rent": 1080, "zip": "36740"}, "tuscaloosa-35006": {"city": "Tuscaloosa", "rent": 1020, "zip": "35006"}, "tuscaloosa-35111": {"city": "Tuscaloosa", "rent": 1200, "zip": "35111"}, "tuscaloosa-35184": {"city": "Tuscaloosa", "rent": 1020, "zip": "35184"}, "tuscaloosa-35188": {"city": "Tuscaloosa", "rent": 1040, "zip": "35188"}, "tuscaloosa-35401": {"city": "Tuscaloosa", "rent": 1130, "zip": "35401"}, "tuscaloosa-35402": {"city": "Tuscaloosa", "rent": 1180, "zip": "35402"}, "tuscaloosa-35403": {"city": "Tuscaloosa", "rent": 1180, "zip": "35403"}, "tuscaloosa-35404": {"city": "Tuscaloosa", "rent": 1180, "zip": "35404"}, "tuscaloosa-35405": {"city": "Tuscaloosa", "rent": 1300, "zip": "35405"}, "tuscaloosa-35406": {"city": "Tuscaloosa", "rent": 1520, "zip": "35406"}, "tuscaloosa-35407": {"city": "Tuscaloosa", "rent": 1180, "zip": "35407"}, "tuscaloosa-35441": {"city": "Tuscaloosa", "rent": 1100, "zip": "35441"}, "tuscaloosa-35444": {"city": "Tuscaloosa", "rent": 1240, "zip": "35444"}, "tuscaloosa-35446": {"city": "Tuscaloosa", "rent": 1030, "zip": "35446"}, "tuscaloosa-35449": {"city": "Tuscaloosa", "rent": 1180, "zip": "35449"}, "tuscaloosa-35452": {"city": "Tuscaloosa", "rent": 1500, "zip": "35452"}, "tuscaloosa-35453": {"city": "Tuscaloosa", "rent": 1110, "zip": "35453"}, "tuscaloosa-35456": {"city": "Tuscaloosa", "rent": 1170, "zip": "35456"}, "tuscaloosa-35457": {"city": "Tuscaloosa", "rent": 1030, "zip": "35457"}, "tuscaloosa-35458": {"city": "Tuscaloosa", "rent": 1030, "zip": "35458"}, "tuscaloosa-35463": {"city": "Tuscaloosa", "rent": 1170, "zip": "35463"}, "tuscaloosa-35466": {"city": "Tuscaloosa", "rent": 1030, "zip": "35466"}, "tuscaloosa-35469": {"city": "Tuscaloosa", "rent": 1160, "zip": "35469"}, "tuscaloosa-35473": {"city": "Tuscaloosa", "rent": 1110, "zip": "35473"}, "tuscaloosa-35474": {"city": "Tuscaloosa", "rent": 1160, "zip": "35474"}, "tuscaloosa-35475": {"city": "Tuscaloosa", "rent": 1080, "zip": "35475"}, "tuscaloosa-35476": {"city": "Tuscaloosa", "rent": 1130, "zip": "35476"}, "tuscaloosa-35480": {"city": "Tuscaloosa", "rent": 1030, "zip": "35480"}, "tuscaloosa-35486": {"city": "Tuscaloosa", "rent": 1180, "zip": "35486"}, "tuscaloosa-35487": {"city": "Tuscaloosa", "rent": 1130, "zip": "35487"}, "tuscaloosa-35490": {"city": "Tuscaloosa", "rent": 1040, "zip": "35490"}, "tuscaloosa-35546": {"city": "Tuscaloosa", "rent": 1030, "zip": "35546"}, "tuscaloosa-35555": {"city": "Tuscaloosa", "rent": 1030, "zip": "35555"}, "tuscaloosa-35574": {"city": "Tuscaloosa", "rent": 1030, "zip": "35574"}, "tuscaloosa-35579": {"city": "Tuscaloosa", "rent": 1030, "zip": "35579"}, "tuscaloosa-36738": {"city": "Tuscaloosa", "rent": 1030, "zip": "36738"}, "tuscaloosa-36742": {"city": "Tuscaloosa", "rent": 1030, "zip": "36742"}, "tuscaloosa-36744": {"city": "Tuscaloosa", "rent": 1030, "zip": "36744"}, "tuscaloosa-36756": {"city": "Tuscaloosa", "rent": 1030, "zip": "36756"}, "tuscaloosa-36765": {"city": "Tuscaloosa", "rent": 1030, "zip": "36765"}, "tuscaloosa-36776": {"city": "Tuscaloosa", "rent": 1030, "zip": "36776"}, "tuscaloosa-36786": {"city": "Tuscaloosa", "rent": 1030, "zip": "36786"}, "pickens-county-35442": {"city": "Pickens County", "rent": 970, "zip": "35442"}, "pickens-county-35447": {"city": "Pickens County", "rent": 860, "zip": "35447"}, "pickens-county-35461": {"city": "Pickens County", "rent": 1160, "zip": "35461"}, "pickens-county-35466": {"city": "Pickens County", "rent": 1030, "zip": "35466"}, "pickens-county-35481": {"city": "Pickens County", "rent": 780, "zip": "35481"}, "pickens-county-35555": {"city": "Pickens County", "rent": 1030, "zip": "35555"}, "pickens-county-35574": {"city": "Pickens County", "rent": 1030, "zip": "35574"}, "pickens-county-35576": {"city": "Pickens County", "rent": 850, "zip": "35576"}, "barbour-county-36016": {"city": "Barbour County", "rent": 810, "zip": "36016"}, "barbour-county-36017": {"city": "Barbour County", "rent": 780, "zip": "36017"}, "barbour-county-36027": {"city": "Barbour County", "rent": 1000, "zip": "36027"}, "barbour-county-36048": {"city": "Barbour County", "rent": 790, "zip": "36048"}, "barbour-county-36053": {"city": "Barbour County", "rent": 1000, "zip": "36053"}, "barbour-county-36072": {"city": "Barbour County", "rent": 780, "zip": "36072"}, "barbour-county-36311": {"city": "Barbour County", "rent": 780, "zip": "36311"}, "barbour-county-36317": {"city": "Barbour County", "rent": 840, "zip": "36317"}, "barbour-county-36374": {"city": "Barbour County", "rent": 810, "zip": "36374"}, "bullock-county-36005": {"city": "Bullock County", "rent": 970, "zip": "36005"}, "bullock-county-36029": {"city": "Bullock County", "rent": 900, "zip": "36029"}, "bullock-county-36031": {"city": "Bullock County", "rent": 850, "zip": "36031"}, "bullock-county-36052": {"city": "Bullock County", "rent": 1150, "zip": "36052"}, "bullock-county-36053": {"city": "Bullock County", "rent": 1000, "zip": "36053"}, "bullock-county-36081": {"city": "Bullock County", "rent": 920, "zip": "36081"}, "bullock-county-36089": {"city": "Bullock County", "rent": 790, "zip": "36089"}, "bullock-county-36830": {"city": "Bullock County", "rent": 1380, "zip": "36830"}, "bullock-county-36860": {"city": "Bullock County", "rent": 1000, "zip": "36860"}, "butler-county-36030": {"city": "Butler County", "rent": 850, "zip": "36030"}, "butler-county-36032": {"city": "Butler County", "rent": 900, "zip": "36032"}, "butler-county-36033": {"city": "Butler County", "rent": 780, "zip": "36033"}, "butler-county-36037": {"city": "Butler County", "rent": 850, "zip": "36037"}, "butler-county-36042": {"city": "Butler County", "rent": 810, "zip": "36042"}, "butler-county-36071": {"city": "Butler County", "rent": 800, "zip": "36071"}, "butler-county-36456": {"city": "Butler County", "rent": 780, "zip": "36456"}, "butler-county-36474": {"city": "Butler County", "rent": 780, "zip": "36474"}, "chambers-county-36274": {"city": "Chambers County", "rent": 900, "zip": "36274"}, "chambers-county-36276": {"city": "Chambers County", "rent": 900, "zip": "36276"}, "chambers-county-36801": {"city": "Chambers County", "rent": 1100, "zip": "36801"}, "chambers-county-36850": {"city": "Chambers County", "rent": 1060, "zip": "36850"}, "chambers-county-36852": {"city": "Chambers County", "rent": 1170, "zip": "36852"}, "chambers-county-36854": {"city": "Chambers County", "rent": 1160, "zip": "36854"}, "chambers-county-36855": {"city": "Chambers County", "rent": 1100, "zip": "36855"}, "chambers-county-36862": {"city": "Chambers County", "rent": 900, "zip": "36862"}, "chambers-county-36863": {"city": "Chambers County", "rent": 900, "zip": "36863"}, "chambers-county-36879": {"city": "Chambers County", "rent": 1060, "zip": "36879"}, "cherokee-county-30165": {"city": "Cherokee County", "rent": 1220, "zip": "30165"}, "cherokee-county-35901": {"city": "Cherokee County", "rent": 900, "zip": "35901"}, "cherokee-county-35903": {"city": "Cherokee County", "rent": 930, "zip": "35903"}, "cherokee-county-35959": {"city": "Cherokee County", "rent": 810, "zip": "35959"}, "cherokee-county-35960": {"city": "Cherokee County", "rent": 840, "zip": "35960"}, "cherokee-county-35961": {"city": "Cherokee County", "rent": 850, "zip": "35961"}, "cherokee-county-35967": {"city": "Cherokee County", "rent": 800, "zip": "35967"}, "cherokee-county-35973": {"city": "Cherokee County", "rent": 880, "zip": "35973"}, "cherokee-county-35983": {"city": "Cherokee County", "rent": 810, "zip": "35983"}, "cherokee-county-35984": {"city": "Cherokee County", "rent": 870, "zip": "35984"}, "cherokee-county-36272": {"city": "Cherokee County", "rent": 900, "zip": "36272"}, "choctaw-county-36558": {"city": "Choctaw County", "rent": 990, "zip": "36558"}, "choctaw-county-36904": {"city": "Choctaw County", "rent": 880, "zip": "36904"}, "choctaw-county-36908": {"city": "Choctaw County", "rent": 800, "zip": "36908"}, "choctaw-county-36910": {"city": "Choctaw County", "rent": 940, "zip": "36910"}, "choctaw-county-36912": {"city": "Choctaw County", "rent": 1170, "zip": "36912"}, "choctaw-county-36913": {"city": "Choctaw County", "rent": 860, "zip": "36913"}, "choctaw-county-36915": {"city": "Choctaw County", "rent": 820, "zip": "36915"}, "choctaw-county-36916": {"city": "Choctaw County", "rent": 850, "zip": "36916"}, "choctaw-county-36919": {"city": "Choctaw County", "rent": 830, "zip": "36919"}, "choctaw-county-36921": {"city": "Choctaw County", "rent": 780, "zip": "36921"}, "choctaw-county-36922": {"city": "Choctaw County", "rent": 970, "zip": "36922"}, "clarke-county-36436": {"city": "Clarke County", "rent": 790, "zip": "36436"}, "clarke-county-36446": {"city": "Clarke County", "rent": 800, "zip": "36446"}, "clarke-county-36451": {"city": "Clarke County", "rent": 800, "zip": "36451"}, "clarke-county-36482": {"city": "Clarke County", "rent": 790, "zip": "36482"}, "clarke-county-36524": {"city": "Clarke County", "rent": 780, "zip": "36524"}, "clarke-county-36540": {"city": "Clarke County", "rent": 780, "zip": "36540"}, "clarke-county-36545": {"city": "Clarke County", "rent": 780, "zip": "36545"}, "clarke-county-36727": {"city": "Clarke County", "rent": 790, "zip": "36727"}, "clarke-county-36751": {"city": "Clarke County", "rent": 850, "zip": "36751"}, "clarke-county-36784": {"city": "Clarke County", "rent": 850, "zip": "36784"}, "clay-county-35072": {"city": "Clay County", "rent": 780, "zip": "35072"}, "clay-county-35082": {"city": "Clay County", "rent": 810, "zip": "35082"}, "clay-county-35150": {"city": "Clay County", "rent": 1010, "zip": "35150"}, "clay-county-35160": {"city": "Clay County", "rent": 780, "zip": "35160"}, "clay-county-36251": {"city": "Clay County", "rent": 780, "zip": "36251"}, "clay-county-36255": {"city": "Clay County", "rent": 810, "zip": "36255"}, "clay-county-36256": {"city": "Clay County", "rent": 880, "zip": "36256"}, "clay-county-36258": {"city": "Clay County", "rent": 820, "zip": "36258"}, "clay-county-36266": {"city": "Clay County", "rent": 780, "zip": "36266"}, "clay-county-36267": {"city": "Clay County", "rent": 780, "zip": "36267"}, "clay-county-36268": {"city": "Clay County", "rent": 800, "zip": "36268"}, "clay-county-36276": {"city": "Clay County", "rent": 900, "zip": "36276"}, "cleburne-county-36207": {"city": "Cleburne County", "rent": 1090, "zip": "36207"}, "cleburne-county-36258": {"city": "Cleburne County", "rent": 820, "zip": "36258"}, "cleburne-county-36262": {"city": "Cleburne County", "rent": 870, "zip": "36262"}, "cleburne-county-36264": {"city": "Cleburne County", "rent": 840, "zip": "36264"}, "cleburne-county-36268": {"city": "Cleburne County", "rent": 800, "zip": "36268"}, "cleburne-county-36269": {"city": "Cleburne County", "rent": 1020, "zip": "36269"}, "cleburne-county-36272": {"city": "Cleburne County", "rent": 900, "zip": "36272"}, "cleburne-county-36273": {"city": "Cleburne County", "rent": 960, "zip": "36273"}, "coffee-county-36009": {"city": "Coffee County", "rent": 830, "zip": "36009"}, "coffee-county-36010": {"city": "Coffee County", "rent": 900, "zip": "36010"}, "coffee-county-36034": {"city": "Coffee County", "rent": 900, "zip": "36034"}, "coffee-county-36079": {"city": "Coffee County", "rent": 990, "zip": "36079"}, "coffee-county-36311": {"city": "Coffee County", "rent": 780, "zip": "36311"}, "coffee-county-36316": {"city": "Coffee County", "rent": 910, "zip": "36316"}, "coffee-county-36318": {"city": "Coffee County", "rent": 830, "zip": "36318"}, "coffee-county-36322": {"city": "Coffee County", "rent": 810, "zip": "36322"}, "coffee-county-36323": {"city": "Coffee County", "rent": 780, "zip": "36323"}, "coffee-county-36330": {"city": "Coffee County", "rent": 940, "zip": "36330"}, "coffee-county-36346": {"city": "Coffee County", "rent": 780, "zip": "36346"}, "coffee-county-36351": {"city": "Coffee County", "rent": 780, "zip": "36351"}, "coffee-county-36360": {"city": "Coffee County", "rent": 780, "zip": "36360"}, "coffee-county-36453": {"city": "Coffee County", "rent": 810, "zip": "36453"}, "coffee-county-36467": {"city": "Coffee County", "rent": 810, "zip": "36467"}, "coffee-county-36477": {"city": "Coffee County", "rent": 810, "zip": "36477"}, "conecuh-county-36033": {"city": "Conecuh County", "rent": 780, "zip": "36033"}, "conecuh-county-36330": {"city": "Conecuh County", "rent": 940, "zip": "36330"}, "conecuh-county-36401": {"city": "Conecuh County", "rent": 780, "zip": "36401"}, "conecuh-county-36421": {"city": "Conecuh County", "rent": 800, "zip": "36421"}, "conecuh-county-36426": {"city": "Conecuh County", "rent": 780, "zip": "36426"}, "conecuh-county-36432": {"city": "Conecuh County", "rent": 780, "zip": "36432"}, "conecuh-county-36454": {"city": "Conecuh County", "rent": 790, "zip": "36454"}, "conecuh-county-36456": {"city": "Conecuh County", "rent": 780, "zip": "36456"}, "conecuh-county-36460": {"city": "Conecuh County", "rent": 780, "zip": "36460"}, "conecuh-county-36471": {"city": "Conecuh County", "rent": 780, "zip": "36471"}, "conecuh-county-36473": {"city": "Conecuh County", "rent": 790, "zip": "36473"}, "conecuh-county-36474": {"city": "Conecuh County", "rent": 780, "zip": "36474"}, "conecuh-county-36475": {"city": "Conecuh County", "rent": 790, "zip": "36475"}, "conecuh-county-36502": {"city": "Conecuh County", "rent": 1120, "zip": "36502"}, "conecuh-county-36768": {"city": "Conecuh County", "rent": 910, "zip": "36768"}, "coosa-county-35010": {"city": "Coosa County", "rent": 900, "zip": "35010"}, "coosa-county-35046": {"city": "Coosa County", "rent": 800, "zip": "35046"}, "coosa-county-35072": {"city": "Coosa County", "rent": 780, "zip": "35072"}, "coosa-county-35089": {"city": "Coosa County", "rent": 840, "zip": "35089"}, "coosa-county-35136": {"city": "Coosa County", "rent": 900, "zip": "35136"}, "coosa-county-35150": {"city": "Coosa County", "rent": 1010, "zip": "35150"}, "coosa-county-35151": {"city": "Coosa County", "rent": 820, "zip": "35151"}, "coosa-county-35183": {"city": "Coosa County", "rent": 780, "zip": "35183"}, "coosa-county-36026": {"city": "Coosa County", "rent": 900, "zip": "36026"}, "coosa-county-36080": {"city": "Coosa County", "rent": 1000, "zip": "36080"}, "coosa-county-36091": {"city": "Coosa County", "rent": 940, "zip": "36091"}, "covington-county-36028": {"city": "Covington County", "rent": 780, "zip": "36028"}, "covington-county-36038": {"city": "Covington County", "rent": 800, "zip": "36038"}, "covington-county-36323": {"city": "Covington County", "rent": 780, "zip": "36323"}, "covington-county-36420": {"city": "Covington County", "rent": 780, "zip": "36420"}, "covington-county-36421": {"city": "Covington County", "rent": 800, "zip": "36421"}, "covington-county-36442": {"city": "Covington County", "rent": 830, "zip": "36442"}, "covington-county-36453": {"city": "Covington County", "rent": 810, "zip": "36453"}, "covington-county-36455": {"city": "Covington County", "rent": 780, "zip": "36455"}, "covington-county-36456": {"city": "Covington County", "rent": 780, "zip": "36456"}, "covington-county-36467": {"city": "Covington County", "rent": 810, "zip": "36467"}, "covington-county-36474": {"city": "Covington County", "rent": 780, "zip": "36474"}, "covington-county-36476": {"city": "Covington County", "rent": 780, "zip": "36476"}, "covington-county-36477": {"city": "Covington County", "rent": 810, "zip": "36477"}, "covington-county-36483": {"city": "Covington County", "rent": 890, "zip": "36483"}, "crenshaw-county-36009": {"city": "Crenshaw County", "rent": 830, "zip": "36009"}, "crenshaw-county-36028": {"city": "Crenshaw County", "rent": 780, "zip": "36028"}, "crenshaw-county-36032": {"city": "Crenshaw County", "rent": 900, "zip": "36032"}, "crenshaw-county-36034": {"city": "Crenshaw County", "rent": 900, "zip": "36034"}, "crenshaw-county-36035": {"city": "Crenshaw County", "rent": 960, "zip": "36035"}, "crenshaw-county-36036": {"city": "Crenshaw County", "rent": 960, "zip": "36036"}, "crenshaw-county-36037": {"city": "Crenshaw County", "rent": 850, "zip": "36037"}, "crenshaw-county-36041": {"city": "Crenshaw County", "rent": 900, "zip": "36041"}, "crenshaw-county-36042": {"city": "Crenshaw County", "rent": 810, "zip": "36042"}, "crenshaw-county-36046": {"city": "Crenshaw County", "rent": 900, "zip": "36046"}, "crenshaw-county-36049": {"city": "Crenshaw County", "rent": 900, "zip": "36049"}, "crenshaw-county-36071": {"city": "Crenshaw County", "rent": 800, "zip": "36071"}, "crenshaw-county-36323": {"city": "Crenshaw County", "rent": 780, "zip": "36323"}, "crenshaw-county-36467": {"city": "Crenshaw County", "rent": 810, "zip": "36467"}, "cullman-county-35016": {"city": "Cullman County", "rent": 1020, "zip": "35016"}, "cullman-county-35019": {"city": "Cullman County", "rent": 840, "zip": "35019"}, "cullman-county-35033": {"city": "Cullman County", "rent": 1020, "zip": "35033"}, "cullman-county-35053": {"city": "Cullman County", "rent": 930, "zip": "35053"}, "cullman-county-35055": {"city": "Cullman County", "rent": 910, "zip": "35055"}, "cullman-county-35056": {"city": "Cullman County", "rent": 880, "zip": "35056"}, "cullman-county-35057": {"city": "Cullman County", "rent": 850, "zip": "35057"}, "cullman-county-35058": {"city": "Cullman County", "rent": 870, "zip": "35058"}, "cullman-county-35070": {"city": "Cullman County", "rent": 830, "zip": "35070"}, "cullman-county-35077": {"city": "Cullman County", "rent": 1020, "zip": "35077"}, "cullman-county-35083": {"city": "Cullman County", "rent": 870, "zip": "35083"}, "cullman-county-35087": {"city": "Cullman County", "rent": 970, "zip": "35087"}, "cullman-county-35098": {"city": "Cullman County", "rent": 910, "zip": "35098"}, "cullman-county-35179": {"city": "Cullman County", "rent": 840, "zip": "35179"}, "cullman-county-35540": {"city": "Cullman County", "rent": 840, "zip": "35540"}, "cullman-county-35541": {"city": "Cullman County", "rent": 900, "zip": "35541"}, "cullman-county-35619": {"city": "Cullman County", "rent": 1170, "zip": "35619"}, "cullman-county-35621": {"city": "Cullman County", "rent": 1230, "zip": "35621"}, "cullman-county-35622": {"city": "Cullman County", "rent": 1010, "zip": "35622"}, "cullman-county-35670": {"city": "Cullman County", "rent": 900, "zip": "35670"}, "cullman-county-35976": {"city": "Cullman County", "rent": 1020, "zip": "35976"}, "dale-county-36010": {"city": "Dale County", "rent": 900, "zip": "36010"}, "dale-county-36303": {"city": "Dale County", "rent": 960, "zip": "36303"}, "dale-county-36311": {"city": "Dale County", "rent": 780, "zip": "36311"}, "dale-county-36317": {"city": "Dale County", "rent": 840, "zip": "36317"}, "dale-county-36322": {"city": "Dale County", "rent": 810, "zip": "36322"}, "dale-county-36330": {"city": "Dale County", "rent": 940, "zip": "36330"}, "dale-county-36345": {"city": "Dale County", "rent": 950, "zip": "36345"}, "dale-county-36350": {"city": "Dale County", "rent": 810, "zip": "36350"}, "dale-county-36352": {"city": "Dale County", "rent": 810, "zip": "36352"}, "dale-county-36353": {"city": "Dale County", "rent": 980, "zip": "36353"}, "dale-county-36360": {"city": "Dale County", "rent": 780, "zip": "36360"}, "dale-county-36361": {"city": "Dale County", "rent": 780, "zip": "36361"}, "dale-county-36362": {"city": "Dale County", "rent": 1160, "zip": "36362"}, "dale-county-36371": {"city": "Dale County", "rent": 780, "zip": "36371"}, "dale-county-36374": {"city": "Dale County", "rent": 810, "zip": "36374"}, "dallas-county-36701": {"city": "Dallas County", "rent": 900, "zip": "36701"}, "dallas-county-36702": {"city": "Dallas County", "rent": 840, "zip": "36702"}, "dallas-county-36703": {"city": "Dallas County", "rent": 900, "zip": "36703"}, "dallas-county-36749": {"city": "Dallas County", "rent": 900, "zip": "36749"}, "dallas-county-36758": {"city": "Dallas County", "rent": 900, "zip": "36758"}, "dallas-county-36759": {"city": "Dallas County", "rent": 840, "zip": "36759"}, "dallas-county-36761": {"city": "Dallas County", "rent": 900, "zip": "36761"}, "dallas-county-36767": {"city": "Dallas County", "rent": 1000, "zip": "36767"}, "dallas-county-36773": {"city": "Dallas County", "rent": 820, "zip": "36773"}, "dallas-county-36775": {"city": "Dallas County", "rent": 1230, "zip": "36775"}, "dallas-county-36785": {"city": "Dallas County", "rent": 900, "zip": "36785"}, "dekalb-county-35744": {"city": "DeKalb County", "rent": 810, "zip": "35744"}, "dekalb-county-35765": {"city": "DeKalb County", "rent": 780, "zip": "35765"}, "dekalb-county-35771": {"city": "DeKalb County", "rent": 780, "zip": "35771"}, "dekalb-county-35951": {"city": "DeKalb County", "rent": 780, "zip": "35951"}, "dekalb-county-35954": {"city": "DeKalb County", "rent": 850, "zip": "35954"}, "dekalb-county-35956": {"city": "DeKalb County", "rent": 920, "zip": "35956"}, "dekalb-county-35957": {"city": "DeKalb County", "rent": 1020, "zip": "35957"}, "dekalb-county-35959": {"city": "DeKalb County", "rent": 810, "zip": "35959"}, "dekalb-county-35961": {"city": "DeKalb County", "rent": 850, "zip": "35961"}, "dekalb-county-35962": {"city": "DeKalb County", "rent": 850, "zip": "35962"}, "dekalb-county-35963": {"city": "DeKalb County", "rent": 810, "zip": "35963"}, "dekalb-county-35966": {"city": "DeKalb County", "rent": 810, "zip": "35966"}, "dekalb-county-35967": {"city": "DeKalb County", "rent": 800, "zip": "35967"}, "dekalb-county-35968": {"city": "DeKalb County", "rent": 780, "zip": "35968"}, "dekalb-county-35971": {"city": "DeKalb County", "rent": 800, "zip": "35971"}, "dekalb-county-35974": {"city": "DeKalb County", "rent": 780, "zip": "35974"}, "dekalb-county-35975": {"city": "DeKalb County", "rent": 790, "zip": "35975"}, "dekalb-county-35978": {"city": "DeKalb County", "rent": 990, "zip": "35978"}, "dekalb-county-35979": {"city": "DeKalb County", "rent": 840, "zip": "35979"}, "dekalb-county-35981": {"city": "DeKalb County", "rent": 1140, "zip": "35981"}, "dekalb-county-35983": {"city": "DeKalb County", "rent": 810, "zip": "35983"}, "dekalb-county-35984": {"city": "DeKalb County", "rent": 870, "zip": "35984"}, "dekalb-county-35986": {"city": "DeKalb County", "rent": 780, "zip": "35986"}, "dekalb-county-35988": {"city": "DeKalb County", "rent": 780, "zip": "35988"}, "dekalb-county-35989": {"city": "DeKalb County", "rent": 780, "zip": "35989"}, "escambia-county-36420": {"city": "Escambia County", "rent": 780, "zip": "36420"}, "escambia-county-36426": {"city": "Escambia County", "rent": 780, "zip": "36426"}, "escambia-county-36432": {"city": "Escambia County", "rent": 780, "zip": "36432"}, "escambia-county-36441": {"city": "Escambia County", "rent": 850, "zip": "36441"}, "escambia-county-36475": {"city": "Escambia County", "rent": 790, "zip": "36475"}, "escambia-county-36483": {"city": "Escambia County", "rent": 890, "zip": "36483"}, "escambia-county-36502": {"city": "Escambia County", "rent": 1120, "zip": "36502"}, "escambia-county-36503": {"city": "Escambia County", "rent": 780, "zip": "36503"}, "escambia-county-36543": {"city": "Escambia County", "rent": 780, "zip": "36543"}, "escambia-county-36562": {"city": "Escambia County", "rent": 1120, "zip": "36562"}, "fayette-county-35542": {"city": "Fayette County", "rent": 800, "zip": "35542"}, "fayette-county-35545": {"city": "Fayette County", "rent": 820, "zip": "35545"}, "fayette-county-35546": {"city": "Fayette County", "rent": 1030, "zip": "35546"}, "fayette-county-35549": {"city": "Fayette County", "rent": 780, "zip": "35549"}, "fayette-county-35554": {"city": "Fayette County", "rent": 780, "zip": "35554"}, "fayette-county-35555": {"city": "Fayette County", "rent": 1030, "zip": "35555"}, "fayette-county-35559": {"city": "Fayette County", "rent": 850, "zip": "35559"}, "fayette-county-35563": {"city": "Fayette County", "rent": 870, "zip": "35563"}, "fayette-county-35574": {"city": "Fayette County", "rent": 1030, "zip": "35574"}, "fayette-county-35579": {"city": "Fayette County", "rent": 1030, "zip": "35579"}, "fayette-county-35594": {"city": "Fayette County", "rent": 850, "zip": "35594"}, "franklin-county-35564": {"city": "Franklin County", "rent": 780, "zip": "35564"}, "franklin-county-35565": {"city": "Franklin County", "rent": 840, "zip": "35565"}, "franklin-county-35571": {"city": "Franklin County", "rent": 940, "zip": "35571"}, "franklin-county-35581": {"city": "Franklin County", "rent": 840, "zip": "35581"}, "franklin-county-35582": {"city": "Franklin County", "rent": 880, "zip": "35582"}, "franklin-county-35585": {"city": "Franklin County", "rent": 850, "zip": "35585"}, "franklin-county-35593": {"city": "Franklin County", "rent": 780, "zip": "35593"}, "franklin-county-35616": {"city": "Franklin County", "rent": 980, "zip": "35616"}, "franklin-county-35651": {"city": "Franklin County", "rent": 840, "zip": "35651"}, "franklin-county-35653": {"city": "Franklin County", "rent": 880, "zip": "35653"}, "franklin-county-35654": {"city": "Franklin County", "rent": 880, "zip": "35654"}, "franklin-county-35674": {"city": "Franklin County", "rent": 980, "zip": "35674"}, "jackson-county-35740": {"city": "Jackson County", "rent": 780, "zip": "35740"}, "jackson-county-35744": {"city": "Jackson County", "rent": 810, "zip": "35744"}, "jackson-county-35745": {"city": "Jackson County", "rent": 1010, "zip": "35745"}, "jackson-county-35746": {"city": "Jackson County", "rent": 870, "zip": "35746"}, "jackson-county-35748": {"city": "Jackson County", "rent": 1130, "zip": "35748"}, "jackson-county-35751": {"city": "Jackson County", "rent": 1000, "zip": "35751"}, "jackson-county-35752": {"city": "Jackson County", "rent": 960, "zip": "35752"}, "jackson-county-35755": {"city": "Jackson County", "rent": 780, "zip": "35755"}, "jackson-county-35764": {"city": "Jackson County", "rent": 880, "zip": "35764"}, "jackson-county-35765": {"city": "Jackson County", "rent": 780, "zip": "35765"}, "jackson-county-35766": {"city": "Jackson County", "rent": 1130, "zip": "35766"}, "jackson-county-35768": {"city": "Jackson County", "rent": 780, "zip": "35768"}, "jackson-county-35769": {"city": "Jackson County", "rent": 820, "zip": "35769"}, "jackson-county-35771": {"city": "Jackson County", "rent": 780, "zip": "35771"}, "jackson-county-35772": {"city": "Jackson County", "rent": 810, "zip": "35772"}, "jackson-county-35774": {"city": "Jackson County", "rent": 780, "zip": "35774"}, "jackson-county-35776": {"city": "Jackson County", "rent": 1130, "zip": "35776"}, "jackson-county-35958": {"city": "Jackson County", "rent": 780, "zip": "35958"}, "jackson-county-35966": {"city": "Jackson County", "rent": 810, "zip": "35966"}, "jackson-county-35971": {"city": "Jackson County", "rent": 800, "zip": "35971"}, "jackson-county-35978": {"city": "Jackson County", "rent": 990, "zip": "35978"}, "jackson-county-35979": {"city": "Jackson County", "rent": 840, "zip": "35979"}, "lamar-county-35544": {"city": "Lamar County", "rent": 810, "zip": "35544"}, "lamar-county-35552": {"city": "Lamar County", "rent": 790, "zip": "35552"}, "lamar-county-35555": {"city": "Lamar County", "rent": 1030, "zip": "35555"}, "lamar-county-35563": {"city": "Lamar County", "rent": 870, "zip": "35563"}, "lamar-county-35570": {"city": "Lamar County", "rent": 780, "zip": "35570"}, "lamar-county-35574": {"city": "Lamar County", "rent": 1030, "zip": "35574"}, "lamar-county-35576": {"city": "Lamar County", "rent": 850, "zip": "35576"}, "lamar-county-35586": {"city": "Lamar County", "rent": 780, "zip": "35586"}, "lamar-county-35592": {"city": "Lamar County", "rent": 780, "zip": "35592"}, "marengo-county-36722": {"city": "Marengo County", "rent": 850, "zip": "36722"}, "marengo-county-36728": {"city": "Marengo County", "rent": 850, "zip": "36728"}, "marengo-county-36732": {"city": "Marengo County", "rent": 780, "zip": "36732"}, "marengo-county-36736": {"city": "Marengo County", "rent": 1140, "zip": "36736"}, "marengo-county-36738": {"city": "Marengo County", "rent": 1030, "zip": "36738"}, "marengo-county-36742": {"city": "Marengo County", "rent": 1030, "zip": "36742"}, "marengo-county-36748": {"city": "Marengo County", "rent": 810, "zip": "36748"}, "marengo-county-36751": {"city": "Marengo County", "rent": 850, "zip": "36751"}, "marengo-county-36754": {"city": "Marengo County", "rent": 890, "zip": "36754"}, "marengo-county-36763": {"city": "Marengo County", "rent": 850, "zip": "36763"}, "marengo-county-36764": {"city": "Marengo County", "rent": 780, "zip": "36764"}, "marengo-county-36769": {"city": "Marengo County", "rent": 850, "zip": "36769"}, "marengo-county-36773": {"city": "Marengo County", "rent": 820, "zip": "36773"}, "marengo-county-36782": {"city": "Marengo County", "rent": 870, "zip": "36782"}, "marengo-county-36783": {"city": "Marengo County", "rent": 850, "zip": "36783"}, "marengo-county-36784": {"city": "Marengo County", "rent": 850, "zip": "36784"}, "marengo-county-36786": {"city": "Marengo County", "rent": 1030, "zip": "36786"}, "marengo-county-36904": {"city": "Marengo County", "rent": 880, "zip": "36904"}, "marion-county-35543": {"city": "Marion County", "rent": 860, "zip": "35543"}, "marion-county-35548": {"city": "Marion County", "rent": 830, "zip": "35548"}, "marion-county-35552": {"city": "Marion County", "rent": 790, "zip": "35552"}, "marion-county-35554": {"city": "Marion County", "rent": 780, "zip": "35554"}, "marion-county-35563": {"city": "Marion County", "rent": 870, "zip": "35563"}, "marion-county-35564": {"city": "Marion County", "rent": 780, "zip": "35564"}, "marion-county-35565": {"city": "Marion County", "rent": 840, "zip": "35565"}, "marion-county-35570": {"city": "Marion County", "rent": 780, "zip": "35570"}, "marion-county-35571": {"city": "Marion County", "rent": 940, "zip": "35571"}, "marion-county-35581": {"city": "Marion County", "rent": 840, "zip": "35581"}, "marion-county-35593": {"city": "Marion County", "rent": 780, "zip": "35593"}, "marion-county-35594": {"city": "Marion County", "rent": 850, "zip": "35594"}, "marshall-county-35016": {"city": "Marshall County", "rent": 1020, "zip": "35016"}, "marshall-county-35031": {"city": "Marshall County", "rent": 1020, "zip": "35031"}, "marshall-county-35087": {"city": "Marshall County", "rent": 970, "zip": "35087"}, "marshall-county-35175": {"city": "Marshall County", "rent": 900, "zip": "35175"}, "marshall-county-35747": {"city": "Marshall County", "rent": 820, "zip": "35747"}, "marshall-county-35754": {"city": "Marshall County", "rent": 890, "zip": "35754"}, "marshall-county-35755": {"city": "Marshall County", "rent": 780, "zip": "35755"}, "marshall-county-35760": {"city": "Marshall County", "rent": 1130, "zip": "35760"}, "marshall-county-35769": {"city": "Marshall County", "rent": 820, "zip": "35769"}, "marshall-county-35776": {"city": "Marshall County", "rent": 1130, "zip": "35776"}, "marshall-county-35950": {"city": "Marshall County", "rent": 840, "zip": "35950"}, "marshall-county-35951": {"city": "Marshall County", "rent": 780, "zip": "35951"}, "marshall-county-35952": {"city": "Marshall County", "rent": 1020, "zip": "35952"}, "marshall-county-35956": {"city": "Marshall County", "rent": 920, "zip": "35956"}, "marshall-county-35957": {"city": "Marshall County", "rent": 1020, "zip": "35957"}, "marshall-county-35962": {"city": "Marshall County", "rent": 850, "zip": "35962"}, "marshall-county-35975": {"city": "Marshall County", "rent": 790, "zip": "35975"}, "marshall-county-35976": {"city": "Marshall County", "rent": 1020, "zip": "35976"}, "marshall-county-35980": {"city": "Marshall County", "rent": 1020, "zip": "35980"}, "monroe-county-36033": {"city": "Monroe County", "rent": 780, "zip": "36033"}, "monroe-county-36401": {"city": "Monroe County", "rent": 780, "zip": "36401"}, "monroe-county-36425": {"city": "Monroe County", "rent": 820, "zip": "36425"}, "monroe-county-36439": {"city": "Monroe County", "rent": 780, "zip": "36439"}, "monroe-county-36444": {"city": "Monroe County", "rent": 780, "zip": "36444"}, "monroe-county-36445": {"city": "Monroe County", "rent": 780, "zip": "36445"}, "monroe-county-36460": {"city": "Monroe County", "rent": 780, "zip": "36460"}, "monroe-county-36470": {"city": "Monroe County", "rent": 780, "zip": "36470"}, "monroe-county-36471": {"city": "Monroe County", "rent": 780, "zip": "36471"}, "monroe-county-36475": {"city": "Monroe County", "rent": 790, "zip": "36475"}, "monroe-county-36480": {"city": "Monroe County", "rent": 1120, "zip": "36480"}, "monroe-county-36481": {"city": "Monroe County", "rent": 780, "zip": "36481"}, "monroe-county-36482": {"city": "Monroe County", "rent": 790, "zip": "36482"}, "monroe-county-36502": {"city": "Monroe County", "rent": 1120, "zip": "36502"}, "monroe-county-36751": {"city": "Monroe County", "rent": 850, "zip": "36751"}, "monroe-county-36768": {"city": "Monroe County", "rent": 910, "zip": "36768"}, "perry-county-35034": {"city": "Perry County", "rent": 1020, "zip": "35034"}, "perry-county-35042": {"city": "Perry County", "rent": 1020, "zip": "35042"}, "perry-county-36701": {"city": "Perry County", "rent": 900, "zip": "36701"}, "perry-county-36728": {"city": "Perry County", "rent": 850, "zip": "36728"}, "perry-county-36744": {"city": "Perry County", "rent": 1030, "zip": "36744"}, "perry-county-36756": {"city": "Perry County", "rent": 1030, "zip": "36756"}, "perry-county-36759": {"city": "Perry County", "rent": 840, "zip": "36759"}, "perry-county-36765": {"city": "Perry County", "rent": 1030, "zip": "36765"}, "perry-county-36773": {"city": "Perry County", "rent": 820, "zip": "36773"}, "perry-county-36786": {"city": "Perry County", "rent": 1030, "zip": "36786"}, "perry-county-36793": {"city": "Perry County", "rent": 1040, "zip": "36793"}, "pike-county-36005": {"city": "Pike County", "rent": 970, "zip": "36005"}, "pike-county-36010": {"city": "Pike County", "rent": 900, "zip": "36010"}, "pike-county-36034": {"city": "Pike County", "rent": 900, "zip": "36034"}, "pike-county-36035": {"city": "Pike County", "rent": 960, "zip": "36035"}, "pike-county-36049": {"city": "Pike County", "rent": 900, "zip": "36049"}, "pike-county-36069": {"city": "Pike County", "rent": 900, "zip": "36069"}, "pike-county-36079": {"city": "Pike County", "rent": 990, "zip": "36079"}, "pike-county-36081": {"city": "Pike County", "rent": 920, "zip": "36081"}, "pike-county-36082": {"city": "Pike County", "rent": 920, "zip": "36082"}, "randolph-county-36258": {"city": "Randolph County", "rent": 820, "zip": "36258"}, "randolph-county-36263": {"city": "Randolph County", "rent": 890, "zip": "36263"}, "randolph-county-36264": {"city": "Randolph County", "rent": 840, "zip": "36264"}, "randolph-county-36266": {"city": "Randolph County", "rent": 780, "zip": "36266"}, "randolph-county-36274": {"city": "Randolph County", "rent": 900, "zip": "36274"}, "randolph-county-36276": {"city": "Randolph County", "rent": 900, "zip": "36276"}, "randolph-county-36278": {"city": "Randolph County", "rent": 780, "zip": "36278"}, "randolph-county-36280": {"city": "Randolph County", "rent": 850, "zip": "36280"}, "sumter-county-35442": {"city": "Sumter County", "rent": 970, "zip": "35442"}, "sumter-county-35459": {"city": "Sumter County", "rent": 830, "zip": "35459"}, "sumter-county-35460": {"city": "Sumter County", "rent": 830, "zip": "35460"}, "sumter-county-35464": {"city": "Sumter County", "rent": 970, "zip": "35464"}, "sumter-county-35470": {"city": "Sumter County", "rent": 900, "zip": "35470"}, "sumter-county-35477": {"city": "Sumter County", "rent": 830, "zip": "35477"}, "sumter-county-36901": {"city": "Sumter County", "rent": 830, "zip": "36901"}, "sumter-county-36907": {"city": "Sumter County", "rent": 1210, "zip": "36907"}, "sumter-county-36912": {"city": "Sumter County", "rent": 1170, "zip": "36912"}, "sumter-county-36922": {"city": "Sumter County", "rent": 970, "zip": "36922"}, "sumter-county-36925": {"city": "Sumter County", "rent": 830, "zip": "36925"}, "talladega-county-35014": {"city": "Talladega County", "rent": 830, "zip": "35014"}, "talladega-county-35032": {"city": "Talladega County", "rent": 780, "zip": "35032"}, "talladega-county-35044": {"city": "Talladega County", "rent": 780, "zip": "35044"}, "talladega-county-35072": {"city": "Talladega County", "rent": 780, "zip": "35072"}, "talladega-county-35082": {"city": "Talladega County", "rent": 810, "zip": "35082"}, "talladega-county-35096": {"city": "Talladega County", "rent": 1010, "zip": "35096"}, "talladega-county-35149": {"city": "Talladega County", "rent": 810, "zip": "35149"}, "talladega-county-35150": {"city": "Talladega County", "rent": 1010, "zip": "35150"}, "talladega-county-35151": {"city": "Talladega County", "rent": 820, "zip": "35151"}, "talladega-county-35160": {"city": "Talladega County", "rent": 780, "zip": "35160"}, "talladega-county-36203": {"city": "Talladega County", "rent": 1020, "zip": "36203"}, "talladega-county-36260": {"city": "Talladega County", "rent": 850, "zip": "36260"}, "talladega-county-36268": {"city": "Talladega County", "rent": 800, "zip": "36268"}, "tallapoosa-county-35010": {"city": "Tallapoosa County", "rent": 900, "zip": "35010"}, "tallapoosa-county-35011": {"city": "Tallapoosa County", "rent": 860, "zip": "35011"}, "tallapoosa-county-35072": {"city": "Tallapoosa County", "rent": 780, "zip": "35072"}, "tallapoosa-county-35089": {"city": "Tallapoosa County", "rent": 840, "zip": "35089"}, "tallapoosa-county-36078": {"city": "Tallapoosa County", "rent": 900, "zip": "36078"}, "tallapoosa-county-36255": {"city": "Tallapoosa County", "rent": 810, "zip": "36255"}, "tallapoosa-county-36256": {"city": "Tallapoosa County", "rent": 880, "zip": "36256"}, "tallapoosa-county-36276": {"city": "Tallapoosa County", "rent": 900, "zip": "36276"}, "tallapoosa-county-36849": {"city": "Tallapoosa County", "rent": 1270, "zip": "36849"}, "tallapoosa-county-36850": {"city": "Tallapoosa County", "rent": 1060, "zip": "36850"}, "tallapoosa-county-36853": {"city": "Tallapoosa County", "rent": 990, "zip": "36853"}, "tallapoosa-county-36861": {"city": "Tallapoosa County", "rent": 780, "zip": "36861"}, "tallapoosa-county-36866": {"city": "Tallapoosa County", "rent": 1060, "zip": "36866"}, "tallapoosa-county-36879": {"city": "Tallapoosa County", "rent": 1060, "zip": "36879"}, "washington-county-36513": {"city": "Washington County", "rent": 960, "zip": "36513"}, "washington-county-36518": {"city": "Washington County", "rent": 1000, "zip": "36518"}, "washington-county-36522": {"city": "Washington County", "rent": 900, "zip": "36522"}, "washington-county-36529": {"city": "Washington County", "rent": 990, "zip": "36529"}, "washington-county-36538": {"city": "Washington County", "rent": 990, "zip": "36538"}, "washington-county-36539": {"city": "Washington County", "rent": 1100, "zip": "36539"}, "washington-county-36548": {"city": "Washington County", "rent": 1040, "zip": "36548"}, "washington-county-36553": {"city": "Washington County", "rent": 990, "zip": "36553"}, "washington-county-36556": {"city": "Washington County", "rent": 1010, "zip": "36556"}, "washington-county-36558": {"city": "Washington County", "rent": 990, "zip": "36558"}, "washington-county-36569": {"city": "Washington County", "rent": 990, "zip": "36569"}, "washington-county-36581": {"city": "Washington County", "rent": 1190, "zip": "36581"}, "washington-county-36583": {"city": "Washington County", "rent": 1120, "zip": "36583"}, "washington-county-36584": {"city": "Washington County", "rent": 990, "zip": "36584"}, "washington-county-36585": {"city": "Washington County", "rent": 1190, "zip": "36585"}, "wilcox-county-36030": {"city": "Wilcox County", "rent": 850, "zip": "36030"}, "wilcox-county-36435": {"city": "Wilcox County", "rent": 850, "zip": "36435"}, "wilcox-county-36720": {"city": "Wilcox County", "rent": 850, "zip": "36720"}, "wilcox-county-36722": {"city": "Wilcox County", "rent": 850, "zip": "36722"}, "wilcox-county-36723": {"city": "Wilcox County", "rent": 860, "zip": "36723"}, "wilcox-county-36726": {"city": "Wilcox County", "rent": 860, "zip": "36726"}, "wilcox-county-36728": {"city": "Wilcox County", "rent": 850, "zip": "36728"}, "wilcox-county-36741": {"city": "Wilcox County", "rent": 870, "zip": "36741"}, "wilcox-county-36751": {"city": "Wilcox County", "rent": 850, "zip": "36751"}, "wilcox-county-36753": {"city": "Wilcox County", "rent": 910, "zip": "36753"}, "wilcox-county-36761": {"city": "Wilcox County", "rent": 900, "zip": "36761"}, "wilcox-county-36766": {"city": "Wilcox County", "rent": 900, "zip": "36766"}, "wilcox-county-36768": {"city": "Wilcox County", "rent": 910, "zip": "36768"}, "wilcox-county-36769": {"city": "Wilcox County", "rent": 850, "zip": "36769"}, "wilcox-county-36783": {"city": "Wilcox County", "rent": 850, "zip": "36783"}, "wilcox-county-36784": {"city": "Wilcox County", "rent": 850, "zip": "36784"}, "winston-county-35053": {"city": "Winston County", "rent": 930, "zip": "35053"}, "winston-county-35057": {"city": "Winston County", "rent": 850, "zip": "35057"}, "winston-county-35098": {"city": "Winston County", "rent": 910, "zip": "35098"}, "winston-county-35179": {"city": "Winston County", "rent": 840, "zip": "35179"}, "winston-county-35503": {"city": "Winston County", "rent": 860, "zip": "35503"}, "winston-county-35540": {"city": "Winston County", "rent": 840, "zip": "35540"}, "winston-county-35541": {"city": "Winston County", "rent": 900, "zip": "35541"}, "winston-county-35553": {"city": "Winston County", "rent": 780, "zip": "35553"}, "winston-county-35565": {"city": "Winston County", "rent": 840, "zip": "35565"}, "winston-county-35572": {"city": "Winston County", "rent": 810, "zip": "35572"}, "winston-county-35575": {"city": "Winston County", "rent": 800, "zip": "35575"}, "winston-county-35577": {"city": "Winston County", "rent": 800, "zip": "35577"}, "winston-county-35578": {"city": "Winston County", "rent": 1160, "zip": "35578"}}