{"anchorage-99501": {"city": "Anchorage", "rent": 1510, "zip": "99501"}, "anchorage-99502": {"city": "Anchorage", "rent": 1770, "zip": "99502"}, "anchorage-99503": {"city": "Anchorage", "rent": 1710, "zip": "99503"}, "anchorage-99504": {"city": "Anchorage", "rent": 1730, "zip": "99504"}, "anchorage-99505": {"city": "Anchorage", "rent": 2450, "zip": "99505"}, "anchorage-99506": {"city": "Anchorage", "rent": 2220, "zip": "99506"}, "anchorage-99507": {"city": "Anchorage", "rent": 1750, "zip": "99507"}, "anchorage-99508": {"city": "Anchorage", "rent": 1560, "zip": "99508"}, "anchorage-99509": {"city": "Anchorage", "rent": 1630, "zip": "99509"}, "anchorage-99510": {"city": "Anchorage", "rent": 1630, "zip": "99510"}, "anchorage-99511": {"city": "Anchorage", "rent": 1630, "zip": "99511"}, "anchorage-99513": {"city": "Anchorage", "rent": 1630, "zip": "99513"}, "anchorage-99514": {"city": "Anchorage", "rent": 1630, "zip": "99514"}, "anchorage-99515": {"city": "Anchorage", "rent": 1940, "zip": "99515"}, "anchorage-99516": {"city": "Anchorage", "rent": 2060, "zip": "99516"}, "anchorage-99517": {"city": "Anchorage", "rent": 1470, "zip": "99517"}, "anchorage-99518": {"city": "Anchorage", "rent": 1820, "zip": "99518"}, "anchorage-99519": {"city": "Anchorage", "rent": 1630, "zip": "99519"}, "anchorage-99520": {"city": "Anchorage", "rent": 1630, "zip": "99520"}, "anchorage-99521": {"city": "Anchorage", "rent": 1630, "zip": "99521"}, "anchorage-99522": {"city": "Anchorage", "rent": 1630, "zip": "99522"}, "anchorage-99523": {"city": "Anchorage", "rent": 1630, "zip": "99523"}, "anchorage-99524": {"city": "Anchorage", "rent": 1630, "zip": "99524"}, "anchorage-99530": {"city": "Anchorage", "rent": 1630, "zip": "99530"}, "anchorage-99540": {"city": "Anchorage", "rent": 1890, "zip": "99540"}, "anchorage-99567": {"city": "Anchorage", "rent": 1690, "zip": "99567"}, "anchorage-99577": {"city": "Anchorage", "rent": 2030, "zip": "99577"}, "anchorage-99587": {"city": "Anchorage", "rent": 1470, "zip": "99587"}, "anchorage-99599": {"city": "Anchorage", "rent": 1630, "zip": "99599"}, "matanuska-susitna-borough-99588": {"city": "Matanuska-Susitna Borough", "rent": 1250, "zip": "99588"}, "matanuska-susitna-borough-99623": {"city": "Matanuska-Susitna Borough", "rent": 1560, "zip": "99623"}, "matanuska-susitna-borough-99645": {"city": "Matanuska-Susitna Borough", "rent": 1450, "zip": "99645"}, "matanuska-susitna-borough-99652": {"city": "Matanuska-Susitna Borough", "rent": 1250, "zip": "99652"}, "matanuska-susitna-borough-99654": {"city": "Matanuska-Susitna Borough", "rent": 1350, "zip": "99654"}, "matanuska-susitna-borough-99667": {"city": "Matanuska-Susitna Borough", "rent": 1380, "zip": "99667"}, "matanuska-susitna-borough-99674": {"city": "Matanuska-Susitna Borough", "rent": 1330, "zip": "99674"}, "matanuska-susitna-borough-99676": {"city": "Matanuska-Susitna Borough", "rent": 1500, "zip": "99676"}, "matanuska-susitna-borough-99683": {"city": "Matanuska-Susitna Borough", "rent": 1380, "zip": "99683"}, "matanuska-susitna-borough-99687": {"city": "Matanuska-Susitna Borough", "rent": 1380, "zip": "99687"}, "matanuska-susitna-borough-99688": {"city": "Matanuska-Susitna Borough", "rent": 1310, "zip": "99688"}, "matanuska-susitna-borough-99694": {"city": "Matanuska-Susitna Borough", "rent": 1270, "zip": "99694"}, "matanuska-susitna-borough-99729": {"city": "Matanuska-Susitna Borough", "rent": 1250, "zip": "99729"}, "fairbanks-college-99701": {"city": "Fairbanks-College", "rent": 1510, "zip": "99701"}, "fairbanks-college-99702": {"city": "Fairbanks-College", "rent": 2320, "zip": "99702"}, "fairbanks-college-99703": {"city": "Fairbanks-College", "rent": 2430, "zip": "99703"}, "fairbanks-college-99705": {"city": "Fairbanks-College", "rent": 1710, "zip": "99705"}, "fairbanks-college-99706": {"city": "Fairbanks-College", "rent": 1510, "zip": "99706"}, "fairbanks-college-99707": {"city": "Fairbanks-College", "rent": 1680, "zip": "99707"}, "fairbanks-college-99708": {"city": "Fairbanks-College", "rent": 1680, "zip": "99708"}, "fairbanks-college-99709": {"city": "Fairbanks-College", "rent": 1510, "zip": "99709"}, "fairbanks-college-99710": {"city": "Fairbanks-College", "rent": 1680, "zip": "99710"}, "fairbanks-college-99712": {"city": "Fairbanks-College", "rent": 1510, "zip": "99712"}, "fairbanks-college-99714": {"city": "Fairbanks-College", "rent": 1750, "zip": "99714"}, "fairbanks-college-99725": {"city": "Fairbanks-College", "rent": 1510, "zip": "99725"}, "fairbanks-college-99760": {"city": "Fairbanks-College", "rent": 1510, "zip": "99760"}, "fairbanks-college-99775": {"city": "Fairbanks-College", "rent": 1580, "zip": "99775"}, "fairbanks-college-99790": {"city": "Fairbanks-College", "rent": 1510, "zip": "99790"}, "aleutians-east-borough-99553": {"city": "Aleutians East Borough", "rent": 1390, "zip": "99553"}, "aleutians-east-borough-99571": {"city": "Aleutians East Borough", "rent": 1390, "zip": "99571"}, "aleutians-east-borough-99583": {"city": "Aleutians East Borough", "rent": 1390, "zip": "99583"}, "aleutians-east-borough-99612": {"city": "Aleutians East Borough", "rent": 1230, "zip": "99612"}, "aleutians-east-borough-99661": {"city": "Aleutians East Borough", "rent": 1460, "zip": "99661"}, "aleutians-west-census-area-99546": {"city": "Aleutians West Census Area", "rent": 2000, "zip": "99546"}, "aleutians-west-census-area-99547": {"city": "Aleutians West Census Area", "rent": 2190, "zip": "99547"}, "aleutians-west-census-area-99591": {"city": "Aleutians West Census Area", "rent": 2190, "zip": "99591"}, "aleutians-west-census-area-99638": {"city": "Aleutians West Census Area", "rent": 2190, "zip": "99638"}, "aleutians-west-census-area-99660": {"city": "Aleutians West Census Area", "rent": 1810, "zip": "99660"}, "aleutians-west-census-area-99685": {"city": "Aleutians West Census Area", "rent": 2290, "zip": "99685"}, "aleutians-west-census-area-99692": {"city": "Aleutians West Census Area", "rent": 2000, "zip": "99692"}, "bethel-census-area-99503": {"city": "Bethel Census Area", "rent": 1710, "zip": "99503"}, "bethel-census-area-99545": {"city": "Bethel Census Area", "rent": 1940, "zip": "99545"}, "bethel-census-area-99551": {"city": "Bethel Census Area", "rent": 1710, "zip": "99551"}, "bethel-census-area-99552": {"city": "Bethel Census Area", "rent": 1940, "zip": "99552"}, "bethel-census-area-99557": {"city": "Bethel Census Area", "rent": 1820, "zip": "99557"}, "bethel-census-area-99559": {"city": "Bethel Census Area", "rent": 2000, "zip": "99559"}, "bethel-census-area-99561": {"city": "Bethel Census Area", "rent": 1940, "zip": "99561"}, "bethel-census-area-99575": {"city": "Bethel Census Area", "rent": 1820, "zip": "99575"}, "bethel-census-area-99578": {"city": "Bethel Census Area", "rent": 1940, "zip": "99578"}, "bethel-census-area-99589": {"city": "Bethel Census Area", "rent": 1940, "zip": "99589"}, "bethel-census-area-99607": {"city": "Bethel Census Area", "rent": 1940, "zip": "99607"}, "bethel-census-area-99609": {"city": "Bethel Census Area", "rent": 1710, "zip": "99609"}, "bethel-census-area-99614": {"city": "Bethel Census Area", "rent": 1940, "zip": "99614"}, "bethel-census-area-99621": {"city": "Bethel Census Area", "rent": 1710, "zip": "99621"}, "bethel-census-area-99622": {"city": "Bethel Census Area", "rent": 1940, "zip": "99622"}, "bethel-census-area-99626": {"city": "Bethel Census Area", "rent": 1940, "zip": "99626"}, "bethel-census-area-99630": {"city": "Bethel Census Area", "rent": 1940, "zip": "99630"}, "bethel-census-area-99634": {"city": "Bethel Census Area", "rent": 1940, "zip": "99634"}, "bethel-census-area-99637": {"city": "Bethel Census Area", "rent": 1940, "zip": "99637"}, "bethel-census-area-99641": {"city": "Bethel Census Area", "rent": 1710, "zip": "99641"}, "bethel-census-area-99651": {"city": "Bethel Census Area", "rent": 1940, "zip": "99651"}, "bethel-census-area-99655": {"city": "Bethel Census Area", "rent": 1940, "zip": "99655"}, "bethel-census-area-99656": {"city": "Bethel Census Area", "rent": 1820, "zip": "99656"}, "bethel-census-area-99668": {"city": "Bethel Census Area", "rent": 1820, "zip": "99668"}, "bethel-census-area-99679": {"city": "Bethel Census Area", "rent": 1940, "zip": "99679"}, "bethel-census-area-99680": {"city": "Bethel Census Area", "rent": 1940, "zip": "99680"}, "bethel-census-area-99681": {"city": "Bethel Census Area", "rent": 1940, "zip": "99681"}, "bethel-census-area-99690": {"city": "Bethel Census Area", "rent": 1940, "zip": "99690"}, "bristol-bay-borough-99613": {"city": "Bristol Bay Borough", "rent": 1240, "zip": "99613"}, "bristol-bay-borough-99633": {"city": "Bristol Bay Borough", "rent": 1290, "zip": "99633"}, "bristol-bay-borough-99670": {"city": "Bristol Bay Borough", "rent": 1260, "zip": "99670"}, "chugach-census-area-99574": {"city": "Chugach Census Area", "rent": 1610, "zip": "99574"}, "chugach-census-area-99677": {"city": "Chugach Census Area", "rent": 1520, "zip": "99677"}, "chugach-census-area-99686": {"city": "Chugach Census Area", "rent": 1520, "zip": "99686"}, "chugach-census-area-99693": {"city": "Chugach Census Area", "rent": 1310, "zip": "99693"}, "copper-river-census-area-99566": {"city": "Copper River Census Area", "rent": 970, "zip": "99566"}, "copper-river-census-area-99573": {"city": "Copper River Census Area", "rent": 970, "zip": "99573"}, "copper-river-census-area-99586": {"city": "Copper River Census Area", "rent": 1050, "zip": "99586"}, "copper-river-census-area-99588": {"city": "Copper River Census Area", "rent": 1250, "zip": "99588"}, "copper-river-census-area-99737": {"city": "Copper River Census Area", "rent": 1340, "zip": "99737"}, "copper-river-census-area-99780": {"city": "Copper River Census Area", "rent": 1130, "zip": "99780"}, "denali-borough-99704": {"city": "Denali Borough", "rent": 1300, "zip": "99704"}, "denali-borough-99729": {"city": "Denali Borough", "rent": 1250, "zip": "99729"}, "denali-borough-99743": {"city": "Denali Borough", "rent": 1190, "zip": "99743"}, "denali-borough-99744": {"city": "Denali Borough", "rent": 1190, "zip": "99744"}, "denali-borough-99755": {"city": "Denali Borough", "rent": 1190, "zip": "99755"}, "denali-borough-99760": {"city": "Denali Borough", "rent": 1510, "zip": "99760"}, "dillingham-census-area-99555": {"city": "Dillingham Census Area", "rent": 1330, "zip": "99555"}, "dillingham-census-area-99569": {"city": "Dillingham Census Area", "rent": 1330, "zip": "99569"}, "dillingham-census-area-99576": {"city": "Dillingham Census Area", "rent": 1330, "zip": "99576"}, "dillingham-census-area-99580": {"city": "Dillingham Census Area", "rent": 1330, "zip": "99580"}, "dillingham-census-area-99628": {"city": "Dillingham Census Area", "rent": 1120, "zip": "99628"}, "dillingham-census-area-99636": {"city": "Dillingham Census Area", "rent": 1330, "zip": "99636"}, "dillingham-census-area-99678": {"city": "Dillingham Census Area", "rent": 1120, "zip": "99678"}, "haines-borough-99827": {"city": "Haines Borough", "rent": 1330, "zip": "99827"}, "haines-borough-99850": {"city": "Haines Borough", "rent": 1330, "zip": "99850"}, "hoonah-angoon-census-area-99820": {"city": "Hoonah-Angoon Census Area", "rent": 1460, "zip": "99820"}, "hoonah-angoon-census-area-99825": {"city": "Hoonah-Angoon Census Area", "rent": 1460, "zip": "99825"}, "hoonah-angoon-census-area-99826": {"city": "Hoonah-Angoon Census Area", "rent": 1490, "zip": "99826"}, "hoonah-angoon-census-area-99827": {"city": "Hoonah-Angoon Census Area", "rent": 1330, "zip": "99827"}, "hoonah-angoon-census-area-99829": {"city": "Hoonah-Angoon Census Area", "rent": 1460, "zip": "99829"}, "hoonah-angoon-census-area-99832": {"city": "Hoonah-Angoon Census Area", "rent": 1460, "zip": "99832"}, "hoonah-angoon-census-area-99841": {"city": "Hoonah-Angoon Census Area", "rent": 1530, "zip": "99841"}, "juneau-city-and-borough-99801": {"city": "Juneau City and Borough", "rent": 1820, "zip": "99801"}, "juneau-city-and-borough-99824": {"city": "Juneau City and Borough", "rent": 1700, "zip": "99824"}, "kenai-peninsula-borough-99556": {"city": "Kenai Peninsula Borough", "rent": 1280, "zip": "99556"}, "kenai-peninsula-borough-99568": {"city": "Kenai Peninsula Borough", "rent": 1440, "zip": "99568"}, "kenai-peninsula-borough-99572": {"city": "Kenai Peninsula Borough", "rent": 1490, "zip": "99572"}, "kenai-peninsula-borough-99603": {"city": "Kenai Peninsula Borough", "rent": 1410, "zip": "99603"}, "kenai-peninsula-borough-99605": {"city": "Kenai Peninsula Borough", "rent": 1530, "zip": "99605"}, "kenai-peninsula-borough-99610": {"city": "Kenai Peninsula Borough", "rent": 1560, "zip": "99610"}, "kenai-peninsula-borough-99611": {"city": "Kenai Peninsula Borough", "rent": 1250, "zip": "99611"}, "kenai-peninsula-borough-99631": {"city": "Kenai Peninsula Borough", "rent": 1310, "zip": "99631"}, "kenai-peninsula-borough-99635": {"city": "Kenai Peninsula Borough", "rent": 1310, "zip": "99635"}, "kenai-peninsula-borough-99639": {"city": "Kenai Peninsula Borough", "rent": 1130, "zip": "99639"}, "kenai-peninsula-borough-99663": {"city": "Kenai Peninsula Borough", "rent": 1130, "zip": "99663"}, "kenai-peninsula-borough-99664": {"city": "Kenai Peninsula Borough", "rent": 1560, "zip": "99664"}, "kenai-peninsula-borough-99669": {"city": "Kenai Peninsula Borough", "rent": 1330, "zip": "99669"}, "kenai-peninsula-borough-99672": {"city": "Kenai Peninsula Borough", "rent": 1130, "zip": "99672"}, "kenai-peninsula-borough-99682": {"city": "Kenai Peninsula Borough", "rent": 1310, "zip": "99682"}, "ketchikan-gateway-borough-99901": {"city": "Ketchikan Gateway Borough", "rent": 1630, "zip": "99901"}, "ketchikan-gateway-borough-99928": {"city": "Ketchikan Gateway Borough", "rent": 1630, "zip": "99928"}, "kodiak-island-borough-99550": {"city": "Kodiak Island Borough", "rent": 2090, "zip": "99550"}, "kodiak-island-borough-99608": {"city": "Kodiak Island Borough", "rent": 2090, "zip": "99608"}, "kodiak-island-borough-99615": {"city": "Kodiak Island Borough", "rent": 2090, "zip": "99615"}, "kodiak-island-borough-99624": {"city": "Kodiak Island Borough", "rent": 2090, "zip": "99624"}, "kodiak-island-borough-99643": {"city": "Kodiak Island Borough", "rent": 1680, "zip": "99643"}, "kodiak-island-borough-99644": {"city": "Kodiak Island Borough", "rent": 2080, "zip": "99644"}, "lake-and-peninsula-borough-99548": {"city": "Lake and Peninsula Borough", "rent": 1030, "zip": "99548"}, "lake-and-peninsula-borough-99549": {"city": "Lake and Peninsula Borough", "rent": 1030, "zip": "99549"}, "lake-and-peninsula-borough-99564": {"city": "Lake and Peninsula Borough", "rent": 1030, "zip": "99564"}, "lake-and-peninsula-borough-99565": {"city": "Lake and Peninsula Borough", "rent": 1030, "zip": "99565"}, "lake-and-peninsula-borough-99579": {"city": "Lake and Peninsula Borough", "rent": 1030, "zip": "99579"}, "lake-and-peninsula-borough-99606": {"city": "Lake and Peninsula Borough", "rent": 1240, "zip": "99606"}, "lake-and-peninsula-borough-99613": {"city": "Lake and Peninsula Borough", "rent": 1240, "zip": "99613"}, "lake-and-peninsula-borough-99625": {"city": "Lake and Peninsula Borough", "rent": 1030, "zip": "99625"}, "lake-and-peninsula-borough-99640": {"city": "Lake and Peninsula Borough", "rent": 1820, "zip": "99640"}, "lake-and-peninsula-borough-99647": {"city": "Lake and Peninsula Borough", "rent": 1030, "zip": "99647"}, "lake-and-peninsula-borough-99648": {"city": "Lake and Peninsula Borough", "rent": 1030, "zip": "99648"}, "lake-and-peninsula-borough-99649": {"city": "Lake and Peninsula Borough", "rent": 1030, "zip": "99649"}, "lake-and-peninsula-borough-99653": {"city": "Lake and Peninsula Borough", "rent": 1050, "zip": "99653"}, "lake-and-peninsula-borough-99695": {"city": "Lake and Peninsula Borough", "rent": 1030, "zip": "99695"}, "nome-census-area-99659": {"city": "Nome Census Area", "rent": 1530, "zip": "99659"}, "nome-census-area-99671": {"city": "Nome Census Area", "rent": 1530, "zip": "99671"}, "nome-census-area-99684": {"city": "Nome Census Area", "rent": 1530, "zip": "99684"}, "nome-census-area-99739": {"city": "Nome Census Area", "rent": 1330, "zip": "99739"}, "nome-census-area-99742": {"city": "Nome Census Area", "rent": 1330, "zip": "99742"}, "nome-census-area-99753": {"city": "Nome Census Area", "rent": 1330, "zip": "99753"}, "nome-census-area-99762": {"city": "Nome Census Area", "rent": 1670, "zip": "99762"}, "nome-census-area-99769": {"city": "Nome Census Area", "rent": 1530, "zip": "99769"}, "nome-census-area-99771": {"city": "Nome Census Area", "rent": 1530, "zip": "99771"}, "nome-census-area-99772": {"city": "Nome Census Area", "rent": 1530, "zip": "99772"}, "nome-census-area-99778": {"city": "Nome Census Area", "rent": 1530, "zip": "99778"}, "nome-census-area-99783": {"city": "Nome Census Area", "rent": 1530, "zip": "99783"}, "nome-census-area-99784": {"city": "Nome Census Area", "rent": 1330, "zip": "99784"}, "nome-census-area-99785": {"city": "Nome Census Area", "rent": 1330, "zip": "99785"}, "north-slope-borough-99519": {"city": "North Slope Borough", "rent": 1630, "zip": "99519"}, "north-slope-borough-99721": {"city": "North Slope Borough", "rent": 1630, "zip": "99721"}, "north-slope-borough-99723": {"city": "North Slope Borough", "rent": 1680, "zip": "99723"}, "north-slope-borough-99734": {"city": "North Slope Borough", "rent": 1630, "zip": "99734"}, "north-slope-borough-99747": {"city": "North Slope Borough", "rent": 1630, "zip": "99747"}, "north-slope-borough-99759": {"city": "North Slope Borough", "rent": 1630, "zip": "99759"}, "north-slope-borough-99766": {"city": "North Slope Borough", "rent": 1630, "zip": "99766"}, "north-slope-borough-99782": {"city": "North Slope Borough", "rent": 1630, "zip": "99782"}, "north-slope-borough-99789": {"city": "North Slope Borough", "rent": 1630, "zip": "99789"}, "north-slope-borough-99791": {"city": "North Slope Borough", "rent": 1630, "zip": "99791"}, "northwest-arctic-borough-99727": {"city": "Northwest Arctic Borough", "rent": 1700, "zip": "99727"}, "northwest-arctic-borough-99736": {"city": "Northwest Arctic Borough", "rent": 1930, "zip": "99736"}, "northwest-arctic-borough-99749": {"city": "Northwest Arctic Borough", "rent": 2010, "zip": "99749"}, "northwest-arctic-borough-99750": {"city": "Northwest Arctic Borough", "rent": 1930, "zip": "99750"}, "northwest-arctic-borough-99751": {"city": "Northwest Arctic Borough", "rent": 1700, "zip": "99751"}, "northwest-arctic-borough-99752": {"city": "Northwest Arctic Borough", "rent": 2010, "zip": "99752"}, "northwest-arctic-borough-99761": {"city": "Northwest Arctic Borough", "rent": 2010, "zip": "99761"}, "northwest-arctic-borough-99763": {"city": "Northwest Arctic Borough", "rent": 1700, "zip": "99763"}, "northwest-arctic-borough-99770": {"city": "Northwest Arctic Borough", "rent": 1930, "zip": "99770"}, "northwest-arctic-borough-99773": {"city": "Northwest Arctic Borough", "rent": 1930, "zip": "99773"}, "northwest-arctic-borough-99786": {"city": "Northwest Arctic Borough", "rent": 1930, "zip": "99786"}, "prince-of-wales-hyder-census-area-99830": {"city": "Prince of Wales-Hyder Census Area", "rent": 1210, "zip": "99830"}, "prince-of-wales-hyder-census-area-99836": {"city": "Prince of Wales-Hyder Census Area", "rent": 1570, "zip": "99836"}, "prince-of-wales-hyder-census-area-99901": {"city": "Prince of Wales-Hyder Census Area", "rent": 1630, "zip": "99901"}, "prince-of-wales-hyder-census-area-99918": {"city": "Prince of Wales-Hyder Census Area", "rent": 1150, "zip": "99918"}, "prince-of-wales-hyder-census-area-99919": {"city": "Prince of Wales-Hyder Census Area", "rent": 1100, "zip": "99919"}, "prince-of-wales-hyder-census-area-99921": {"city": "Prince of Wales-Hyder Census Area", "rent": 1180, "zip": "99921"}, "prince-of-wales-hyder-census-area-99922": {"city": "Prince of Wales-Hyder Census Area", "rent": 1070, "zip": "99922"}, "prince-of-wales-hyder-census-area-99923": {"city": "Prince of Wales-Hyder Census Area", "rent": 1150, "zip": "99923"}, "prince-of-wales-hyder-census-area-99925": {"city": "Prince of Wales-Hyder Census Area", "rent": 1190, "zip": "99925"}, "prince-of-wales-hyder-census-area-99926": {"city": "Prince of Wales-Hyder Census Area", "rent": 1060, "zip": "99926"}, "prince-of-wales-hyder-census-area-99927": {"city": "Prince of Wales-Hyder Census Area", "rent": 1180, "zip": "99927"}, "sitka-city-and-borough-99835": {"city": "Sitka City and Borough", "rent": 1570, "zip": "99835"}, "skagway-municipality-99840": {"city": "Skagway Municipality", "rent": 1640, "zip": "99840"}, "southeast-fairbanks-census-area-99706": {"city": "Southeast Fairbanks Census Area", "rent": 1510, "zip": "99706"}, "southeast-fairbanks-census-area-99732": {"city": "Southeast Fairbanks Census Area", "rent": 1130, "zip": "99732"}, "southeast-fairbanks-census-area-99737": {"city": "Southeast Fairbanks Census Area", "rent": 1340, "zip": "99737"}, "southeast-fairbanks-census-area-99738": {"city": "Southeast Fairbanks Census Area", "rent": 1130, "zip": "99738"}, "southeast-fairbanks-census-area-99764": {"city": "Southeast Fairbanks Census Area", "rent": 1130, "zip": "99764"}, "southeast-fairbanks-census-area-99776": {"city": "Southeast Fairbanks Census Area", "rent": 1130, "zip": "99776"}, "southeast-fairbanks-census-area-99780": {"city": "Southeast Fairbanks Census Area", "rent": 1130, "zip": "99780"}, "wrangell-city-and-borough-99903": {"city": "Wrangell City and Borough", "rent": 1510, "zip": "99903"}, "wrangell-city-and-borough-99929": {"city": "Wrangell City and Borough", "rent": 1220, "zip": "99929"}, "yakutat-city-and-borough-99689": {"city": "Yakutat City and Borough", "rent": 1390, "zip": "99689"}, "yukon-koyukuk-census-area-99558": {"city": "Yukon-Koyukuk Census Area", "rent": 1130, "zip": "99558"}, "yukon-koyukuk-census-area-99590": {"city": "Yukon-Koyukuk Census Area", "rent": 1130, "zip": "99590"}, "yukon-koyukuk-census-area-99602": {"city": "Yukon-Koyukuk Census Area", "rent": 1130, "zip": "99602"}, "yukon-koyukuk-census-area-99627": {"city": "Yukon-Koyukuk Census Area", "rent": 1700, "zip": "99627"}, "yukon-koyukuk-census-area-99665": {"city": "Yukon-Koyukuk Census Area", "rent": 1130, "zip": "99665"}, "yukon-koyukuk-census-area-99675": {"city": "Yukon-Koyukuk Census Area", "rent": 990, "zip": "99675"}, "yukon-koyukuk-census-area-99691": {"city": "Yukon-Koyukuk Census Area", "rent": 1820, "zip": "99691"}, "yukon-koyukuk-census-area-99701": {"city": "Yukon-Koyukuk Census Area", "rent": 1510, "zip": "99701"}, "yukon-koyukuk-census-area-99720": {"city": "Yukon-Koyukuk Census Area", "rent": 1130, "zip": "99720"}, "yukon-koyukuk-census-area-99722": {"city": "Yukon-Koyukuk Census Area", "rent": 1210, "zip": "99722"}, "yukon-koyukuk-census-area-99724": {"city": "Yukon-Koyukuk Census Area", "rent": 1130, "zip": "99724"}, "yukon-koyukuk-census-area-99726": {"city": "Yukon-Koyukuk Census Area", "rent": 1130, "zip": "99726"}, "yukon-koyukuk-census-area-99730": {"city": "Yukon-Koyukuk Census Area", "rent": 1130, "zip": "99730"}, "yukon-koyukuk-census-area-99733": {"city": "Yukon-Koyukuk Census Area", "rent": 1130, "zip": "99733"}, "yukon-koyukuk-census-area-99738": {"city": "Yukon-Koyukuk Census Area", "rent": 1130, "zip": "99738"}, "yukon-koyukuk-census-area-99740": {"city": "Yukon-Koyukuk Census Area", "rent": 1210, "zip": "99740"}, "yukon-koyukuk-census-area-99741": {"city": "Yukon-Koyukuk Census Area", "rent": 1340, "zip": "99741"}, "yukon-koyukuk-census-area-99745": {"city": "Yukon-Koyukuk Census Area", "rent": 1130, "zip": "99745"}, "yukon-koyukuk-census-area-99746": {"city": "Yukon-Koyukuk Census Area", "rent": 1130, "zip": "99746"}, "yukon-koyukuk-census-area-99748": {"city": "Yukon-Koyukuk Census Area", "rent": 1130, "zip": "99748"}, "yukon-koyukuk-census-area-99754": {"city": "Yukon-Koyukuk Census Area", "rent": 1130, "zip": "99754"}, "yukon-koyukuk-census-area-99756": {"city": "Yukon-Koyukuk Census Area", "rent": 1300, "zip": "99756"}, "yukon-koyukuk-census-area-99757": {"city": "Yukon-Koyukuk Census Area", "rent": 1130, "zip": "99757"}, "yukon-koyukuk-census-area-99758": {"city": "Yukon-Koyukuk Census Area", "rent": 990, "zip": "99758"}, "yukon-koyukuk-census-area-99760": {"city": "Yukon-Koyukuk Census Area", "rent": 1510, "zip": "99760"}, "yukon-koyukuk-census-area-99765": {"city": "Yukon-Koyukuk Census Area", "rent": 1130, "zip": "99765"}, "yukon-koyukuk-census-area-99767": {"city": "Yukon-Koyukuk Census Area", "rent": 1130, "zip": "99767"}, "yukon-koyukuk-census-area-99768": {"city": "Yukon-Koyukuk Census Area", "rent": 1130, "zip": "99768"}, "yukon-koyukuk-census-area-99774": {"city": "Yukon-Koyukuk Census Area", "rent": 1130, "zip": "99774"}, "yukon-koyukuk-census-area-99777": {"city": "Yukon-Koyukuk Census Area", "rent": 1130, "zip": "99777"}, "yukon-koyukuk-census-area-99781": {"city": "Yukon-Koyukuk Census Area", "rent": 1210, "zip": "99781"}, "yukon-koyukuk-census-area-99788": {"city": "Yukon-Koyukuk Census Area", "rent": 1130, "zip": "99788"}, "yukon-koyukuk-census-area-99790": {"city": "Yukon-Koyukuk Census Area", "rent": 1510, "zip": "99790"}}