{"flagstaff-85928": {"city": "Flagstaff", "rent": 1750, "zip": "85928"}, "flagstaff-85931": {"city": "Flagstaff", "rent": 1750, "zip": "85931"}, "flagstaff-86001": {"city": "Flagstaff", "rent": 2160, "zip": "86001"}, "flagstaff-86002": {"city": "Flagstaff", "rent": 1920, "zip": "86002"}, "flagstaff-86003": {"city": "Flagstaff", "rent": 2010, "zip": "86003"}, "flagstaff-86004": {"city": "Flagstaff", "rent": 2060, "zip": "86004"}, "flagstaff-86005": {"city": "Flagstaff", "rent": 1940, "zip": "86005"}, "flagstaff-86011": {"city": "Flagstaff", "rent": 2160, "zip": "86011"}, "flagstaff-86015": {"city": "Flagstaff", "rent": 2130, "zip": "86015"}, "flagstaff-86016": {"city": "Flagstaff", "rent": 1920, "zip": "86016"}, "flagstaff-86017": {"city": "Flagstaff", "rent": 1890, "zip": "86017"}, "flagstaff-86018": {"city": "Flagstaff", "rent": 2080, "zip": "86018"}, "flagstaff-86020": {"city": "Flagstaff", "rent": 1750, "zip": "86020"}, "flagstaff-86022": {"city": "Flagstaff", "rent": 1870, "zip": "86022"}, "flagstaff-86023": {"city": "Flagstaff", "rent": 1920, "zip": "86023"}, "flagstaff-86024": {"city": "Flagstaff", "rent": 2110, "zip": "86024"}, "flagstaff-86030": {"city": "Flagstaff", "rent": 1750, "zip": "86030"}, "flagstaff-86035": {"city": "Flagstaff", "rent": 1750, "zip": "86035"}, "flagstaff-86036": {"city": "Flagstaff", "rent": 1920, "zip": "86036"}, "flagstaff-86038": {"city": "Flagstaff", "rent": 1960, "zip": "86038"}, "flagstaff-86040": {"city": "Flagstaff", "rent": 1750, "zip": "86040"}, "flagstaff-86044": {"city": "Flagstaff", "rent": 1750, "zip": "86044"}, "flagstaff-86045": {"city": "Flagstaff", "rent": 1750, "zip": "86045"}, "flagstaff-86046": {"city": "Flagstaff", "rent": 1750, "zip": "86046"}, "flagstaff-86047": {"city": "Flagstaff", "rent": 1750, "zip": "86047"}, "flagstaff-86052": {"city": "Flagstaff", "rent": 1920, "zip": "86052"}, "flagstaff-86053": {"city": "Flagstaff", "rent": 1750, "zip": "86053"}, "flagstaff-86054": {"city": "Flagstaff", "rent": 1750, "zip": "86054"}, "flagstaff-86320": {"city": "Flagstaff", "rent": 1750, "zip": "86320"}, "flagstaff-86336": {"city": "Flagstaff", "rent": 1880, "zip": "86336"}, "flagstaff-86337": {"city": "Flagstaff", "rent": 1750, "zip": "86337"}, "flagstaff-86339": {"city": "Flagstaff", "rent": 1920, "zip": "86339"}, "flagstaff-86434": {"city": "Flagstaff", "rent": 1750, "zip": "86434"}, "flagstaff-86435": {"city": "Flagstaff", "rent": 1920, "zip": "86435"}, "lake-havasu-city-kingman-85360": {"city": "Lake Havasu City-Kingman", "rent": 1340, "zip": "85360"}, "lake-havasu-city-kingman-86021": {"city": "Lake Havasu City-Kingman", "rent": 1640, "zip": "86021"}, "lake-havasu-city-kingman-86022": {"city": "Lake Havasu City-Kingman", "rent": 1870, "zip": "86022"}, "lake-havasu-city-kingman-86401": {"city": "Lake Havasu City-Kingman", "rent": 1400, "zip": "86401"}, "lake-havasu-city-kingman-86402": {"city": "Lake Havasu City-Kingman", "rent": 1370, "zip": "86402"}, "lake-havasu-city-kingman-86403": {"city": "Lake Havasu City-Kingman", "rent": 1430, "zip": "86403"}, "lake-havasu-city-kingman-86404": {"city": "Lake Havasu City-Kingman", "rent": 1810, "zip": "86404"}, "lake-havasu-city-kingman-86405": {"city": "Lake Havasu City-Kingman", "rent": 1370, "zip": "86405"}, "lake-havasu-city-kingman-86406": {"city": "Lake Havasu City-Kingman", "rent": 1640, "zip": "86406"}, "lake-havasu-city-kingman-86409": {"city": "Lake Havasu City-Kingman", "rent": 1230, "zip": "86409"}, "lake-havasu-city-kingman-86411": {"city": "Lake Havasu City-Kingman", "rent": 1330, "zip": "86411"}, "lake-havasu-city-kingman-86413": {"city": "Lake Havasu City-Kingman", "rent": 1320, "zip": "86413"}, "lake-havasu-city-kingman-86426": {"city": "Lake Havasu City-Kingman", "rent": 1310, "zip": "86426"}, "lake-havasu-city-kingman-86427": {"city": "Lake Havasu City-Kingman", "rent": 1370, "zip": "86427"}, "lake-havasu-city-kingman-86429": {"city": "Lake Havasu City-Kingman", "rent": 1340, "zip": "86429"}, "lake-havasu-city-kingman-86430": {"city": "Lake Havasu City-Kingman", "rent": 1370, "zip": "86430"}, "lake-havasu-city-kingman-86431": {"city": "Lake Havasu City-Kingman", "rent": 1320, "zip": "86431"}, "lake-havasu-city-kingman-86432": {"city": "Lake Havasu City-Kingman", "rent": 1560, "zip": "86432"}, "lake-havasu-city-kingman-86433": {"city": "Lake Havasu City-Kingman", "rent": 1340, "zip": "86433"}, "lake-havasu-city-kingman-86434": {"city": "Lake Havasu City-Kingman", "rent": 1750, "zip": "86434"}, "lake-havasu-city-kingman-86436": {"city": "Lake Havasu City-Kingman", "rent": 1460, "zip": "86436"}, "lake-havasu-city-kingman-86437": {"city": "Lake Havasu City-Kingman", "rent": 1250, "zip": "86437"}, "lake-havasu-city-kingman-86438": {"city": "Lake Havasu City-Kingman", "rent": 1550, "zip": "86438"}, "lake-havasu-city-kingman-86439": {"city": "Lake Havasu City-Kingman", "rent": 1370, "zip": "86439"}, "lake-havasu-city-kingman-86440": {"city": "Lake Havasu City-Kingman", "rent": 1380, "zip": "86440"}, "lake-havasu-city-kingman-86441": {"city": "Lake Havasu City-Kingman", "rent": 1370, "zip": "86441"}, "lake-havasu-city-kingman-86442": {"city": "Lake Havasu City-Kingman", "rent": 1310, "zip": "86442"}, "lake-havasu-city-kingman-86443": {"city": "Lake Havasu City-Kingman", "rent": 1370, "zip": "86443"}, "lake-havasu-city-kingman-86444": {"city": "Lake Havasu City-Kingman", "rent": 1240, "zip": "86444"}, "lake-havasu-city-kingman-86445": {"city": "Lake Havasu City-Kingman", "rent": 1370, "zip": "86445"}, "lake-havasu-city-kingman-86446": {"city": "Lake Havasu City-Kingman", "rent": 1370, "zip": "86446"}, "phoenix-mesa-chandler-85001": {"city": "Phoenix-Mesa-Chandler", "rent": 1840, "zip": "85001"}, "phoenix-mesa-chandler-85002": {"city": "Phoenix-Mesa-Chandler", "rent": 1840, "zip": "85002"}, "phoenix-mesa-chandler-85003": {"city": "Phoenix-Mesa-Chandler", "rent": 1730, "zip": "85003"}, "phoenix-mesa-chandler-85004": {"city": "Phoenix-Mesa-Chandler", "rent": 2150, "zip": "85004"}, "phoenix-mesa-chandler-85005": {"city": "Phoenix-Mesa-Chandler", "rent": 1840, "zip": "85005"}, "phoenix-mesa-chandler-85006": {"city": "Phoenix-Mesa-Chandler", "rent": 1530, "zip": "85006"}, "phoenix-mesa-chandler-85007": {"city": "Phoenix-Mesa-Chandler", "rent": 1530, "zip": "85007"}, "phoenix-mesa-chandler-85008": {"city": "Phoenix-Mesa-Chandler", "rent": 1640, "zip": "85008"}, "phoenix-mesa-chandler-85009": {"city": "Phoenix-Mesa-Chandler", "rent": 1530, "zip": "85009"}, "phoenix-mesa-chandler-85010": {"city": "Phoenix-Mesa-Chandler", "rent": 1840, "zip": "85010"}, "phoenix-mesa-chandler-85011": {"city": "Phoenix-Mesa-Chandler", "rent": 1840, "zip": "85011"}, "phoenix-mesa-chandler-85012": {"city": "Phoenix-Mesa-Chandler", "rent": 2010, "zip": "85012"}, "phoenix-mesa-chandler-85013": {"city": "Phoenix-Mesa-Chandler", "rent": 1990, "zip": "85013"}, "phoenix-mesa-chandler-85014": {"city": "Phoenix-Mesa-Chandler", "rent": 1820, "zip": "85014"}, "phoenix-mesa-chandler-85015": {"city": "Phoenix-Mesa-Chandler", "rent": 1560, "zip": "85015"}, "phoenix-mesa-chandler-85016": {"city": "Phoenix-Mesa-Chandler", "rent": 2120, "zip": "85016"}, "phoenix-mesa-chandler-85017": {"city": "Phoenix-Mesa-Chandler", "rent": 1530, "zip": "85017"}, "phoenix-mesa-chandler-85018": {"city": "Phoenix-Mesa-Chandler", "rent": 1930, "zip": "85018"}, "phoenix-mesa-chandler-85019": {"city": "Phoenix-Mesa-Chandler", "rent": 1570, "zip": "85019"}, "phoenix-mesa-chandler-85020": {"city": "Phoenix-Mesa-Chandler", "rent": 1750, "zip": "85020"}, "phoenix-mesa-chandler-85021": {"city": "Phoenix-Mesa-Chandler", "rent": 1590, "zip": "85021"}, "phoenix-mesa-chandler-85022": {"city": "Phoenix-Mesa-Chandler", "rent": 1980, "zip": "85022"}, "phoenix-mesa-chandler-85023": {"city": "Phoenix-Mesa-Chandler", "rent": 1640, "zip": "85023"}, "phoenix-mesa-chandler-85024": {"city": "Phoenix-Mesa-Chandler", "rent": 2100, "zip": "85024"}, "phoenix-mesa-chandler-85026": {"city": "Phoenix-Mesa-Chandler", "rent": 1840, "zip": "85026"}, "phoenix-mesa-chandler-85027": {"city": "Phoenix-Mesa-Chandler", "rent": 1900, "zip": "85027"}, "phoenix-mesa-chandler-85028": {"city": "Phoenix-Mesa-Chandler", "rent": 2200, "zip": "85028"}, "phoenix-mesa-chandler-85029": {"city": "Phoenix-Mesa-Chandler", "rent": 1710, "zip": "85029"}, "phoenix-mesa-chandler-85030": {"city": "Phoenix-Mesa-Chandler", "rent": 1840, "zip": "85030"}, "phoenix-mesa-chandler-85031": {"city": "Phoenix-Mesa-Chandler", "rent": 1700, "zip": "85031"}, "phoenix-mesa-chandler-85032": {"city": "Phoenix-Mesa-Chandler", "rent": 1750, "zip": "85032"}, "phoenix-mesa-chandler-85033": {"city": "Phoenix-Mesa-Chandler", "rent": 1560, "zip": "85033"}, "phoenix-mesa-chandler-85034": {"city": "Phoenix-Mesa-Chandler", "rent": 1610, "zip": "85034"}, "phoenix-mesa-chandler-85035": {"city": "Phoenix-Mesa-Chandler", "rent": 1590, "zip": "85035"}, "phoenix-mesa-chandler-85036": {"city": "Phoenix-Mesa-Chandler", "rent": 1840, "zip": "85036"}, "phoenix-mesa-chandler-85037": {"city": "Phoenix-Mesa-Chandler", "rent": 1890, "zip": "85037"}, "phoenix-mesa-chandler-85040": {"city": "Phoenix-Mesa-Chandler", "rent": 1530, "zip": "85040"}, "phoenix-mesa-chandler-85041": {"city": "Phoenix-Mesa-Chandler", "rent": 1670, "zip": "85041"}, "phoenix-mesa-chandler-85042": {"city": "Phoenix-Mesa-Chandler", "rent": 1780, "zip": "85042"}, "phoenix-mesa-chandler-85043": {"city": "Phoenix-Mesa-Chandler", "rent": 1830, "zip": "85043"}, "phoenix-mesa-chandler-85044": {"city": "Phoenix-Mesa-Chandler", "rent": 2250, "zip": "85044"}, "phoenix-mesa-chandler-85045": {"city": "Phoenix-Mesa-Chandler", "rent": 2760, "zip": "85045"}, "phoenix-mesa-chandler-85046": {"city": "Phoenix-Mesa-Chandler", "rent": 1840, "zip": "85046"}, "phoenix-mesa-chandler-85048": {"city": "Phoenix-Mesa-Chandler", "rent": 2320, "zip": "85048"}, "phoenix-mesa-chandler-85050": {"city": "Phoenix-Mesa-Chandler", "rent": 2600, "zip": "85050"}, "phoenix-mesa-chandler-85051": {"city": "Phoenix-Mesa-Chandler", "rent": 1530, "zip": "85051"}, "phoenix-mesa-chandler-85053": {"city": "Phoenix-Mesa-Chandler", "rent": 1570, "zip": "85053"}, "phoenix-mesa-chandler-85054": {"city": "Phoenix-Mesa-Chandler", "rent": 2470, "zip": "85054"}, "phoenix-mesa-chandler-85060": {"city": "Phoenix-Mesa-Chandler", "rent": 1840, "zip": "85060"}, "phoenix-mesa-chandler-85061": {"city": "Phoenix-Mesa-Chandler", "rent": 1840, "zip": "85061"}, "phoenix-mesa-chandler-85063": {"city": "Phoenix-Mesa-Chandler", "rent": 1840, "zip": "85063"}, "phoenix-mesa-chandler-85064": {"city": "Phoenix-Mesa-Chandler", "rent": 1840, "zip": "85064"}, "phoenix-mesa-chandler-85066": {"city": "Phoenix-Mesa-Chandler", "rent": 1840, "zip": "85066"}, "phoenix-mesa-chandler-85067": {"city": "Phoenix-Mesa-Chandler", "rent": 1840, "zip": "85067"}, "phoenix-mesa-chandler-85068": {"city": "Phoenix-Mesa-Chandler", "rent": 1840, "zip": "85068"}, "phoenix-mesa-chandler-85069": {"city": "Phoenix-Mesa-Chandler", "rent": 1840, "zip": "85069"}, "phoenix-mesa-chandler-85070": {"city": "Phoenix-Mesa-Chandler", "rent": 1840, "zip": "85070"}, "phoenix-mesa-chandler-85071": {"city": "Phoenix-Mesa-Chandler", "rent": 1840, "zip": "85071"}, "phoenix-mesa-chandler-85074": {"city": "Phoenix-Mesa-Chandler", "rent": 1840, "zip": "85074"}, "phoenix-mesa-chandler-85076": {"city": "Phoenix-Mesa-Chandler", "rent": 1840, "zip": "85076"}, "phoenix-mesa-chandler-85078": {"city": "Phoenix-Mesa-Chandler", "rent": 1840, "zip": "85078"}, "phoenix-mesa-chandler-85079": {"city": "Phoenix-Mesa-Chandler", "rent": 1840, "zip": "85079"}, "phoenix-mesa-chandler-85080": {"city": "Phoenix-Mesa-Chandler", "rent": 1840, "zip": "85080"}, "phoenix-mesa-chandler-85082": {"city": "Phoenix-Mesa-Chandler", "rent": 1840, "zip": "85082"}, "phoenix-mesa-chandler-85083": {"city": "Phoenix-Mesa-Chandler", "rent": 2510, "zip": "85083"}, "phoenix-mesa-chandler-85085": {"city": "Phoenix-Mesa-Chandler", "rent": 2140, "zip": "85085"}, "phoenix-mesa-chandler-85086": {"city": "Phoenix-Mesa-Chandler", "rent": 2560, "zip": "85086"}, "phoenix-mesa-chandler-85087": {"city": "Phoenix-Mesa-Chandler", "rent": 2280, "zip": "85087"}, "phoenix-mesa-chandler-85117": {"city": "Phoenix-Mesa-Chandler", "rent": 1740, "zip": "85117"}, "phoenix-mesa-chandler-85118": {"city": "Phoenix-Mesa-Chandler", "rent": 1580, "zip": "85118"}, "phoenix-mesa-chandler-85119": {"city": "Phoenix-Mesa-Chandler", "rent": 1530, "zip": "85119"}, "phoenix-mesa-chandler-85120": {"city": "Phoenix-Mesa-Chandler", "rent": 1530, "zip": "85120"}, "phoenix-mesa-chandler-85121": {"city": "Phoenix-Mesa-Chandler", "rent": 2290, "zip": "85121"}, "phoenix-mesa-chandler-85122": {"city": "Phoenix-Mesa-Chandler", "rent": 1530, "zip": "85122"}, "phoenix-mesa-chandler-85123": {"city": "Phoenix-Mesa-Chandler", "rent": 1530, "zip": "85123"}, "phoenix-mesa-chandler-85127": {"city": "Phoenix-Mesa-Chandler", "rent": 1840, "zip": "85127"}, "phoenix-mesa-chandler-85128": {"city": "Phoenix-Mesa-Chandler", "rent": 1530, "zip": "85128"}, "phoenix-mesa-chandler-85130": {"city": "Phoenix-Mesa-Chandler", "rent": 1740, "zip": "85130"}, "phoenix-mesa-chandler-85131": {"city": "Phoenix-Mesa-Chandler", "rent": 1530, "zip": "85131"}, "phoenix-mesa-chandler-85132": {"city": "Phoenix-Mesa-Chandler", "rent": 1630, "zip": "85132"}, "phoenix-mesa-chandler-85137": {"city": "Phoenix-Mesa-Chandler", "rent": 1570, "zip": "85137"}, "phoenix-mesa-chandler-85138": {"city": "Phoenix-Mesa-Chandler", "rent": 2300, "zip": "85138"}, "phoenix-mesa-chandler-85139": {"city": "Phoenix-Mesa-Chandler", "rent": 1840, "zip": "85139"}, "phoenix-mesa-chandler-85140": {"city": "Phoenix-Mesa-Chandler", "rent": 2250, "zip": "85140"}, "phoenix-mesa-chandler-85141": {"city": "Phoenix-Mesa-Chandler", "rent": 1530, "zip": "85141"}, "phoenix-mesa-chandler-85142": {"city": "Phoenix-Mesa-Chandler", "rent": 2470, "zip": "85142"}, "phoenix-mesa-chandler-85143": {"city": "Phoenix-Mesa-Chandler", "rent": 2140, "zip": "85143"}, "phoenix-mesa-chandler-85144": {"city": "Phoenix-Mesa-Chandler", "rent": 1740, "zip": "85144"}, "phoenix-mesa-chandler-85145": {"city": "Phoenix-Mesa-Chandler", "rent": 1830, "zip": "85145"}, "phoenix-mesa-chandler-85147": {"city": "Phoenix-Mesa-Chandler", "rent": 1960, "zip": "85147"}, "phoenix-mesa-chandler-85172": {"city": "Phoenix-Mesa-Chandler", "rent": 1530, "zip": "85172"}, "phoenix-mesa-chandler-85173": {"city": "Phoenix-Mesa-Chandler", "rent": 1530, "zip": "85173"}, "phoenix-mesa-chandler-85178": {"city": "Phoenix-Mesa-Chandler", "rent": 1740, "zip": "85178"}, "phoenix-mesa-chandler-85191": {"city": "Phoenix-Mesa-Chandler", "rent": 1530, "zip": "85191"}, "phoenix-mesa-chandler-85192": {"city": "Phoenix-Mesa-Chandler", "rent": 1530, "zip": "85192"}, "phoenix-mesa-chandler-85193": {"city": "Phoenix-Mesa-Chandler", "rent": 1530, "zip": "85193"}, "phoenix-mesa-chandler-85194": {"city": "Phoenix-Mesa-Chandler", "rent": 1540, "zip": "85194"}, "phoenix-mesa-chandler-85201": {"city": "Phoenix-Mesa-Chandler", "rent": 1670, "zip": "85201"}, "phoenix-mesa-chandler-85202": {"city": "Phoenix-Mesa-Chandler", "rent": 1850, "zip": "85202"}, "phoenix-mesa-chandler-85203": {"city": "Phoenix-Mesa-Chandler", "rent": 1670, "zip": "85203"}, "phoenix-mesa-chandler-85204": {"city": "Phoenix-Mesa-Chandler", "rent": 1700, "zip": "85204"}, "phoenix-mesa-chandler-85205": {"city": "Phoenix-Mesa-Chandler", "rent": 1610, "zip": "85205"}, "phoenix-mesa-chandler-85206": {"city": "Phoenix-Mesa-Chandler", "rent": 1990, "zip": "85206"}, "phoenix-mesa-chandler-85207": {"city": "Phoenix-Mesa-Chandler", "rent": 1800, "zip": "85207"}, "phoenix-mesa-chandler-85208": {"city": "Phoenix-Mesa-Chandler", "rent": 1770, "zip": "85208"}, "phoenix-mesa-chandler-85209": {"city": "Phoenix-Mesa-Chandler", "rent": 2070, "zip": "85209"}, "phoenix-mesa-chandler-85210": {"city": "Phoenix-Mesa-Chandler", "rent": 1730, "zip": "85210"}, "phoenix-mesa-chandler-85211": {"city": "Phoenix-Mesa-Chandler", "rent": 1840, "zip": "85211"}, "phoenix-mesa-chandler-85212": {"city": "Phoenix-Mesa-Chandler", "rent": 2360, "zip": "85212"}, "phoenix-mesa-chandler-85213": {"city": "Phoenix-Mesa-Chandler", "rent": 1890, "zip": "85213"}, "phoenix-mesa-chandler-85214": {"city": "Phoenix-Mesa-Chandler", "rent": 1840, "zip": "85214"}, "phoenix-mesa-chandler-85215": {"city": "Phoenix-Mesa-Chandler", "rent": 2140, "zip": "85215"}, "phoenix-mesa-chandler-85216": {"city": "Phoenix-Mesa-Chandler", "rent": 1840, "zip": "85216"}, "phoenix-mesa-chandler-85224": {"city": "Phoenix-Mesa-Chandler", "rent": 2220, "zip": "85224"}, "phoenix-mesa-chandler-85225": {"city": "Phoenix-Mesa-Chandler", "rent": 1910, "zip": "85225"}, "phoenix-mesa-chandler-85226": {"city": "Phoenix-Mesa-Chandler", "rent": 2270, "zip": "85226"}, "phoenix-mesa-chandler-85233": {"city": "Phoenix-Mesa-Chandler", "rent": 2230, "zip": "85233"}, "phoenix-mesa-chandler-85234": {"city": "Phoenix-Mesa-Chandler", "rent": 2270, "zip": "85234"}, "phoenix-mesa-chandler-85236": {"city": "Phoenix-Mesa-Chandler", "rent": 1840, "zip": "85236"}, "phoenix-mesa-chandler-85244": {"city": "Phoenix-Mesa-Chandler", "rent": 1840, "zip": "85244"}, "phoenix-mesa-chandler-85246": {"city": "Phoenix-Mesa-Chandler", "rent": 1840, "zip": "85246"}, "phoenix-mesa-chandler-85248": {"city": "Phoenix-Mesa-Chandler", "rent": 2170, "zip": "85248"}, "phoenix-mesa-chandler-85249": {"city": "Phoenix-Mesa-Chandler", "rent": 2760, "zip": "85249"}, "phoenix-mesa-chandler-85250": {"city": "Phoenix-Mesa-Chandler", "rent": 2130, "zip": "85250"}, "phoenix-mesa-chandler-85251": {"city": "Phoenix-Mesa-Chandler", "rent": 2200, "zip": "85251"}, "phoenix-mesa-chandler-85252": {"city": "Phoenix-Mesa-Chandler", "rent": 1840, "zip": "85252"}, "phoenix-mesa-chandler-85253": {"city": "Phoenix-Mesa-Chandler", "rent": 2500, "zip": "85253"}, "phoenix-mesa-chandler-85254": {"city": "Phoenix-Mesa-Chandler", "rent": 2390, "zip": "85254"}, "phoenix-mesa-chandler-85255": {"city": "Phoenix-Mesa-Chandler", "rent": 2760, "zip": "85255"}, "phoenix-mesa-chandler-85256": {"city": "Phoenix-Mesa-Chandler", "rent": 1530, "zip": "85256"}, "phoenix-mesa-chandler-85257": {"city": "Phoenix-Mesa-Chandler", "rent": 2120, "zip": "85257"}, "phoenix-mesa-chandler-85258": {"city": "Phoenix-Mesa-Chandler", "rent": 2460, "zip": "85258"}, "phoenix-mesa-chandler-85259": {"city": "Phoenix-Mesa-Chandler", "rent": 2040, "zip": "85259"}, "phoenix-mesa-chandler-85260": {"city": "Phoenix-Mesa-Chandler", "rent": 2460, "zip": "85260"}, "phoenix-mesa-chandler-85261": {"city": "Phoenix-Mesa-Chandler", "rent": 1840, "zip": "85261"}, "phoenix-mesa-chandler-85262": {"city": "Phoenix-Mesa-Chandler", "rent": 2760, "zip": "85262"}, "phoenix-mesa-chandler-85263": {"city": "Phoenix-Mesa-Chandler", "rent": 2540, "zip": "85263"}, "phoenix-mesa-chandler-85264": {"city": "Phoenix-Mesa-Chandler", "rent": 2120, "zip": "85264"}, "phoenix-mesa-chandler-85266": {"city": "Phoenix-Mesa-Chandler", "rent": 2760, "zip": "85266"}, "phoenix-mesa-chandler-85267": {"city": "Phoenix-Mesa-Chandler", "rent": 1840, "zip": "85267"}, "phoenix-mesa-chandler-85268": {"city": "Phoenix-Mesa-Chandler", "rent": 2080, "zip": "85268"}, "phoenix-mesa-chandler-85269": {"city": "Phoenix-Mesa-Chandler", "rent": 1840, "zip": "85269"}, "phoenix-mesa-chandler-85271": {"city": "Phoenix-Mesa-Chandler", "rent": 1840, "zip": "85271"}, "phoenix-mesa-chandler-85274": {"city": "Phoenix-Mesa-Chandler", "rent": 1840, "zip": "85274"}, "phoenix-mesa-chandler-85275": {"city": "Phoenix-Mesa-Chandler", "rent": 1840, "zip": "85275"}, "phoenix-mesa-chandler-85277": {"city": "Phoenix-Mesa-Chandler", "rent": 1840, "zip": "85277"}, "phoenix-mesa-chandler-85280": {"city": "Phoenix-Mesa-Chandler", "rent": 1840, "zip": "85280"}, "phoenix-mesa-chandler-85281": {"city": "Phoenix-Mesa-Chandler", "rent": 2010, "zip": "85281"}, "phoenix-mesa-chandler-85282": {"city": "Phoenix-Mesa-Chandler", "rent": 2010, "zip": "85282"}, "phoenix-mesa-chandler-85283": {"city": "Phoenix-Mesa-Chandler", "rent": 2080, "zip": "85283"}, "phoenix-mesa-chandler-85284": {"city": "Phoenix-Mesa-Chandler", "rent": 2550, "zip": "85284"}, "phoenix-mesa-chandler-85285": {"city": "Phoenix-Mesa-Chandler", "rent": 1840, "zip": "85285"}, "phoenix-mesa-chandler-85286": {"city": "Phoenix-Mesa-Chandler", "rent": 2440, "zip": "85286"}, "phoenix-mesa-chandler-85287": {"city": "Phoenix-Mesa-Chandler", "rent": 1840, "zip": "85287"}, "phoenix-mesa-chandler-85288": {"city": "Phoenix-Mesa-Chandler", "rent": 1840, "zip": "85288"}, "phoenix-mesa-chandler-85295": {"city": "Phoenix-Mesa-Chandler", "rent": 2300, "zip": "85295"}, "phoenix-mesa-chandler-85296": {"city": "Phoenix-Mesa-Chandler", "rent": 2470, "zip": "85296"}, "phoenix-mesa-chandler-85297": {"city": "Phoenix-Mesa-Chandler", "rent": 2480, "zip": "85297"}, "phoenix-mesa-chandler-85298": {"city": "Phoenix-Mesa-Chandler", "rent": 2760, "zip": "85298"}, "phoenix-mesa-chandler-85299": {"city": "Phoenix-Mesa-Chandler", "rent": 1840, "zip": "85299"}, "phoenix-mesa-chandler-85301": {"city": "Phoenix-Mesa-Chandler", "rent": 1550, "zip": "85301"}, "phoenix-mesa-chandler-85302": {"city": "Phoenix-Mesa-Chandler", "rent": 1530, "zip": "85302"}, "phoenix-mesa-chandler-85303": {"city": "Phoenix-Mesa-Chandler", "rent": 1800, "zip": "85303"}, "phoenix-mesa-chandler-85304": {"city": "Phoenix-Mesa-Chandler", "rent": 1670, "zip": "85304"}, "phoenix-mesa-chandler-85305": {"city": "Phoenix-Mesa-Chandler", "rent": 2130, "zip": "85305"}, "phoenix-mesa-chandler-85306": {"city": "Phoenix-Mesa-Chandler", "rent": 1820, "zip": "85306"}, "phoenix-mesa-chandler-85307": {"city": "Phoenix-Mesa-Chandler", "rent": 2040, "zip": "85307"}, "phoenix-mesa-chandler-85308": {"city": "Phoenix-Mesa-Chandler", "rent": 2140, "zip": "85308"}, "phoenix-mesa-chandler-85309": {"city": "Phoenix-Mesa-Chandler", "rent": 2290, "zip": "85309"}, "phoenix-mesa-chandler-85310": {"city": "Phoenix-Mesa-Chandler", "rent": 2520, "zip": "85310"}, "phoenix-mesa-chandler-85311": {"city": "Phoenix-Mesa-Chandler", "rent": 1840, "zip": "85311"}, "phoenix-mesa-chandler-85312": {"city": "Phoenix-Mesa-Chandler", "rent": 1840, "zip": "85312"}, "phoenix-mesa-chandler-85318": {"city": "Phoenix-Mesa-Chandler", "rent": 1840, "zip": "85318"}, "phoenix-mesa-chandler-85320": {"city": "Phoenix-Mesa-Chandler", "rent": 1770, "zip": "85320"}, "phoenix-mesa-chandler-85321": {"city": "Phoenix-Mesa-Chandler", "rent": 1530, "zip": "85321"}, "phoenix-mesa-chandler-85322": {"city": "Phoenix-Mesa-Chandler", "rent": 1560, "zip": "85322"}, "phoenix-mesa-chandler-85323": {"city": "Phoenix-Mesa-Chandler", "rent": 1890, "zip": "85323"}, "phoenix-mesa-chandler-85326": {"city": "Phoenix-Mesa-Chandler", "rent": 1930, "zip": "85326"}, "phoenix-mesa-chandler-85327": {"city": "Phoenix-Mesa-Chandler", "rent": 1840, "zip": "85327"}, "phoenix-mesa-chandler-85329": {"city": "Phoenix-Mesa-Chandler", "rent": 1560, "zip": "85329"}, "phoenix-mesa-chandler-85331": {"city": "Phoenix-Mesa-Chandler", "rent": 2760, "zip": "85331"}, "phoenix-mesa-chandler-85333": {"city": "Phoenix-Mesa-Chandler", "rent": 1530, "zip": "85333"}, "phoenix-mesa-chandler-85335": {"city": "Phoenix-Mesa-Chandler", "rent": 2030, "zip": "85335"}, "phoenix-mesa-chandler-85337": {"city": "Phoenix-Mesa-Chandler", "rent": 1530, "zip": "85337"}, "phoenix-mesa-chandler-85338": {"city": "Phoenix-Mesa-Chandler", "rent": 2150, "zip": "85338"}, "phoenix-mesa-chandler-85339": {"city": "Phoenix-Mesa-Chandler", "rent": 2420, "zip": "85339"}, "phoenix-mesa-chandler-85340": {"city": "Phoenix-Mesa-Chandler", "rent": 2260, "zip": "85340"}, "phoenix-mesa-chandler-85342": {"city": "Phoenix-Mesa-Chandler", "rent": 1530, "zip": "85342"}, "phoenix-mesa-chandler-85343": {"city": "Phoenix-Mesa-Chandler", "rent": 1930, "zip": "85343"}, "phoenix-mesa-chandler-85345": {"city": "Phoenix-Mesa-Chandler", "rent": 1790, "zip": "85345"}, "phoenix-mesa-chandler-85351": {"city": "Phoenix-Mesa-Chandler", "rent": 1670, "zip": "85351"}, "phoenix-mesa-chandler-85353": {"city": "Phoenix-Mesa-Chandler", "rent": 1980, "zip": "85353"}, "phoenix-mesa-chandler-85354": {"city": "Phoenix-Mesa-Chandler", "rent": 1630, "zip": "85354"}, "phoenix-mesa-chandler-85355": {"city": "Phoenix-Mesa-Chandler", "rent": 2760, "zip": "85355"}, "phoenix-mesa-chandler-85361": {"city": "Phoenix-Mesa-Chandler", "rent": 1530, "zip": "85361"}, "phoenix-mesa-chandler-85363": {"city": "Phoenix-Mesa-Chandler", "rent": 1530, "zip": "85363"}, "phoenix-mesa-chandler-85372": {"city": "Phoenix-Mesa-Chandler", "rent": 1840, "zip": "85372"}, "phoenix-mesa-chandler-85373": {"city": "Phoenix-Mesa-Chandler", "rent": 1940, "zip": "85373"}, "phoenix-mesa-chandler-85374": {"city": "Phoenix-Mesa-Chandler", "rent": 2190, "zip": "85374"}, "phoenix-mesa-chandler-85375": {"city": "Phoenix-Mesa-Chandler", "rent": 1690, "zip": "85375"}, "phoenix-mesa-chandler-85376": {"city": "Phoenix-Mesa-Chandler", "rent": 1840, "zip": "85376"}, "phoenix-mesa-chandler-85377": {"city": "Phoenix-Mesa-Chandler", "rent": 2080, "zip": "85377"}, "phoenix-mesa-chandler-85378": {"city": "Phoenix-Mesa-Chandler", "rent": 1630, "zip": "85378"}, "phoenix-mesa-chandler-85379": {"city": "Phoenix-Mesa-Chandler", "rent": 2350, "zip": "85379"}, "phoenix-mesa-chandler-85380": {"city": "Phoenix-Mesa-Chandler", "rent": 1840, "zip": "85380"}, "phoenix-mesa-chandler-85381": {"city": "Phoenix-Mesa-Chandler", "rent": 1900, "zip": "85381"}, "phoenix-mesa-chandler-85382": {"city": "Phoenix-Mesa-Chandler", "rent": 2130, "zip": "85382"}, "phoenix-mesa-chandler-85383": {"city": "Phoenix-Mesa-Chandler", "rent": 2670, "zip": "85383"}, "phoenix-mesa-chandler-85385": {"city": "Phoenix-Mesa-Chandler", "rent": 1840, "zip": "85385"}, "phoenix-mesa-chandler-85387": {"city": "Phoenix-Mesa-Chandler", "rent": 2460, "zip": "85387"}, "phoenix-mesa-chandler-85388": {"city": "Phoenix-Mesa-Chandler", "rent": 2470, "zip": "85388"}, "phoenix-mesa-chandler-85390": {"city": "Phoenix-Mesa-Chandler", "rent": 1680, "zip": "85390"}, "phoenix-mesa-chandler-85392": {"city": "Phoenix-Mesa-Chandler", "rent": 2090, "zip": "85392"}, "phoenix-mesa-chandler-85395": {"city": "Phoenix-Mesa-Chandler", "rent": 2250, "zip": "85395"}, "phoenix-mesa-chandler-85396": {"city": "Phoenix-Mesa-Chandler", "rent": 2460, "zip": "85396"}, "phoenix-mesa-chandler-85539": {"city": "Phoenix-Mesa-Chandler", "rent": 1600, "zip": "85539"}, "phoenix-mesa-chandler-85545": {"city": "Phoenix-Mesa-Chandler", "rent": 1530, "zip": "85545"}, "phoenix-mesa-chandler-85602": {"city": "Phoenix-Mesa-Chandler", "rent": 1530, "zip": "85602"}, "phoenix-mesa-chandler-85618": {"city": "Phoenix-Mesa-Chandler", "rent": 1530, "zip": "85618"}, "phoenix-mesa-chandler-85623": {"city": "Phoenix-Mesa-Chandler", "rent": 2330, "zip": "85623"}, "phoenix-mesa-chandler-85631": {"city": "Phoenix-Mesa-Chandler", "rent": 1530, "zip": "85631"}, "phoenix-mesa-chandler-85634": {"city": "Phoenix-Mesa-Chandler", "rent": 1530, "zip": "85634"}, "phoenix-mesa-chandler-85653": {"city": "Phoenix-Mesa-Chandler", "rent": 1620, "zip": "85653"}, "phoenix-mesa-chandler-85658": {"city": "Phoenix-Mesa-Chandler", "rent": 2030, "zip": "85658"}, "phoenix-mesa-chandler-85739": {"city": "Phoenix-Mesa-Chandler", "rent": 2030, "zip": "85739"}, "prescott-valley-prescott-85324": {"city": "Prescott Valley-Prescott", "rent": 1490, "zip": "85324"}, "prescott-valley-prescott-85332": {"city": "Prescott Valley-Prescott", "rent": 1540, "zip": "85332"}, "prescott-valley-prescott-85342": {"city": "Prescott Valley-Prescott", "rent": 1530, "zip": "85342"}, "prescott-valley-prescott-85362": {"city": "Prescott Valley-Prescott", "rent": 1640, "zip": "85362"}, "prescott-valley-prescott-85390": {"city": "Prescott Valley-Prescott", "rent": 1680, "zip": "85390"}, "prescott-valley-prescott-86046": {"city": "Prescott Valley-Prescott", "rent": 1750, "zip": "86046"}, "prescott-valley-prescott-86301": {"city": "Prescott Valley-Prescott", "rent": 1920, "zip": "86301"}, "prescott-valley-prescott-86302": {"city": "Prescott Valley-Prescott", "rent": 1640, "zip": "86302"}, "prescott-valley-prescott-86303": {"city": "Prescott Valley-Prescott", "rent": 1540, "zip": "86303"}, "prescott-valley-prescott-86304": {"city": "Prescott Valley-Prescott", "rent": 1640, "zip": "86304"}, "prescott-valley-prescott-86305": {"city": "Prescott Valley-Prescott", "rent": 1450, "zip": "86305"}, "prescott-valley-prescott-86312": {"city": "Prescott Valley-Prescott", "rent": 1640, "zip": "86312"}, "prescott-valley-prescott-86313": {"city": "Prescott Valley-Prescott", "rent": 1920, "zip": "86313"}, "prescott-valley-prescott-86314": {"city": "Prescott Valley-Prescott", "rent": 1760, "zip": "86314"}, "prescott-valley-prescott-86315": {"city": "Prescott Valley-Prescott", "rent": 2460, "zip": "86315"}, "prescott-valley-prescott-86320": {"city": "Prescott Valley-Prescott", "rent": 1750, "zip": "86320"}, "prescott-valley-prescott-86321": {"city": "Prescott Valley-Prescott", "rent": 1450, "zip": "86321"}, "prescott-valley-prescott-86322": {"city": "Prescott Valley-Prescott", "rent": 1450, "zip": "86322"}, "prescott-valley-prescott-86323": {"city": "Prescott Valley-Prescott", "rent": 1520, "zip": "86323"}, "prescott-valley-prescott-86324": {"city": "Prescott Valley-Prescott", "rent": 1450, "zip": "86324"}, "prescott-valley-prescott-86325": {"city": "Prescott Valley-Prescott", "rent": 1910, "zip": "86325"}, "prescott-valley-prescott-86326": {"city": "Prescott Valley-Prescott", "rent": 1480, "zip": "86326"}, "prescott-valley-prescott-86327": {"city": "Prescott Valley-Prescott", "rent": 1800, "zip": "86327"}, "prescott-valley-prescott-86329": {"city": "Prescott Valley-Prescott", "rent": 1510, "zip": "86329"}, "prescott-valley-prescott-86331": {"city": "Prescott Valley-Prescott", "rent": 1450, "zip": "86331"}, "prescott-valley-prescott-86332": {"city": "Prescott Valley-Prescott", "rent": 1450, "zip": "86332"}, "prescott-valley-prescott-86333": {"city": "Prescott Valley-Prescott", "rent": 1450, "zip": "86333"}, "prescott-valley-prescott-86334": {"city": "Prescott Valley-Prescott", "rent": 1450, "zip": "86334"}, "prescott-valley-prescott-86335": {"city": "Prescott Valley-Prescott", "rent": 1770, "zip": "86335"}, "prescott-valley-prescott-86336": {"city": "Prescott Valley-Prescott", "rent": 1880, "zip": "86336"}, "prescott-valley-prescott-86337": {"city": "Prescott Valley-Prescott", "rent": 1750, "zip": "86337"}, "prescott-valley-prescott-86338": {"city": "Prescott Valley-Prescott", "rent": 1450, "zip": "86338"}, "prescott-valley-prescott-86340": {"city": "Prescott Valley-Prescott", "rent": 1640, "zip": "86340"}, "prescott-valley-prescott-86341": {"city": "Prescott Valley-Prescott", "rent": 1640, "zip": "86341"}, "prescott-valley-prescott-86342": {"city": "Prescott Valley-Prescott", "rent": 1640, "zip": "86342"}, "prescott-valley-prescott-86343": {"city": "Prescott Valley-Prescott", "rent": 1450, "zip": "86343"}, "prescott-valley-prescott-86351": {"city": "Prescott Valley-Prescott", "rent": 1930, "zip": "86351"}, "prescott-valley-prescott-86434": {"city": "Prescott Valley-Prescott", "rent": 1750, "zip": "86434"}, "sierra-vista-douglas-85602": {"city": "Sierra Vista-Douglas", "rent": 1530, "zip": "85602"}, "sierra-vista-douglas-85603": {"city": "Sierra Vista-Douglas", "rent": 1140, "zip": "85603"}, "sierra-vista-douglas-85605": {"city": "Sierra Vista-Douglas", "rent": 1090, "zip": "85605"}, "sierra-vista-douglas-85606": {"city": "Sierra Vista-Douglas", "rent": 1160, "zip": "85606"}, "sierra-vista-douglas-85607": {"city": "Sierra Vista-Douglas", "rent": 1090, "zip": "85607"}, "sierra-vista-douglas-85608": {"city": "Sierra Vista-Douglas", "rent": 1090, "zip": "85608"}, "sierra-vista-douglas-85609": {"city": "Sierra Vista-Douglas", "rent": 1090, "zip": "85609"}, "sierra-vista-douglas-85610": {"city": "Sierra Vista-Douglas", "rent": 1100, "zip": "85610"}, "sierra-vista-douglas-85611": {"city": "Sierra Vista-Douglas", "rent": 1500, "zip": "85611"}, "sierra-vista-douglas-85613": {"city": "Sierra Vista-Douglas", "rent": 1790, "zip": "85613"}, "sierra-vista-douglas-85615": {"city": "Sierra Vista-Douglas", "rent": 1620, "zip": "85615"}, "sierra-vista-douglas-85616": {"city": "Sierra Vista-Douglas", "rent": 1190, "zip": "85616"}, "sierra-vista-douglas-85617": {"city": "Sierra Vista-Douglas", "rent": 1090, "zip": "85617"}, "sierra-vista-douglas-85620": {"city": "Sierra Vista-Douglas", "rent": 1140, "zip": "85620"}, "sierra-vista-douglas-85624": {"city": "Sierra Vista-Douglas", "rent": 1480, "zip": "85624"}, "sierra-vista-douglas-85625": {"city": "Sierra Vista-Douglas", "rent": 1150, "zip": "85625"}, "sierra-vista-douglas-85626": {"city": "Sierra Vista-Douglas", "rent": 1090, "zip": "85626"}, "sierra-vista-douglas-85627": {"city": "Sierra Vista-Douglas", "rent": 1090, "zip": "85627"}, "sierra-vista-douglas-85630": {"city": "Sierra Vista-Douglas", "rent": 1090, "zip": "85630"}, "sierra-vista-douglas-85632": {"city": "Sierra Vista-Douglas", "rent": 1090, "zip": "85632"}, "sierra-vista-douglas-85635": {"city": "Sierra Vista-Douglas", "rent": 1280, "zip": "85635"}, "sierra-vista-douglas-85636": {"city": "Sierra Vista-Douglas", "rent": 1260, "zip": "85636"}, "sierra-vista-douglas-85638": {"city": "Sierra Vista-Douglas", "rent": 1090, "zip": "85638"}, "sierra-vista-douglas-85643": {"city": "Sierra Vista-Douglas", "rent": 1170, "zip": "85643"}, "sierra-vista-douglas-85650": {"city": "Sierra Vista-Douglas", "rent": 1530, "zip": "85650"}, "tucson-85321": {"city": "Tucson", "rent": 1530, "zip": "85321"}, "tucson-85341": {"city": "Tucson", "rent": 1180, "zip": "85341"}, "tucson-85601": {"city": "Tucson", "rent": 1200, "zip": "85601"}, "tucson-85602": {"city": "Tucson", "rent": 1530, "zip": "85602"}, "tucson-85611": {"city": "Tucson", "rent": 1500, "zip": "85611"}, "tucson-85614": {"city": "Tucson", "rent": 1450, "zip": "85614"}, "tucson-85619": {"city": "Tucson", "rent": 1520, "zip": "85619"}, "tucson-85622": {"city": "Tucson", "rent": 1650, "zip": "85622"}, "tucson-85629": {"city": "Tucson", "rent": 2030, "zip": "85629"}, "tucson-85633": {"city": "Tucson", "rent": 1240, "zip": "85633"}, "tucson-85634": {"city": "Tucson", "rent": 1530, "zip": "85634"}, "tucson-85637": {"city": "Tucson", "rent": 1630, "zip": "85637"}, "tucson-85639": {"city": "Tucson", "rent": 1230, "zip": "85639"}, "tucson-85641": {"city": "Tucson", "rent": 2100, "zip": "85641"}, "tucson-85645": {"city": "Tucson", "rent": 1570, "zip": "85645"}, "tucson-85652": {"city": "Tucson", "rent": 1400, "zip": "85652"}, "tucson-85653": {"city": "Tucson", "rent": 1620, "zip": "85653"}, "tucson-85654": {"city": "Tucson", "rent": 1620, "zip": "85654"}, "tucson-85658": {"city": "Tucson", "rent": 2030, "zip": "85658"}, "tucson-85701": {"city": "Tucson", "rent": 1540, "zip": "85701"}, "tucson-85702": {"city": "Tucson", "rent": 1400, "zip": "85702"}, "tucson-85703": {"city": "Tucson", "rent": 1400, "zip": "85703"}, "tucson-85704": {"city": "Tucson", "rent": 1650, "zip": "85704"}, "tucson-85705": {"city": "Tucson", "rent": 1200, "zip": "85705"}, "tucson-85706": {"city": "Tucson", "rent": 1210, "zip": "85706"}, "tucson-85707": {"city": "Tucson", "rent": 1460, "zip": "85707"}, "tucson-85708": {"city": "Tucson", "rent": 1900, "zip": "85708"}, "tucson-85709": {"city": "Tucson", "rent": 1400, "zip": "85709"}, "tucson-85710": {"city": "Tucson", "rent": 1420, "zip": "85710"}, "tucson-85711": {"city": "Tucson", "rent": 1260, "zip": "85711"}, "tucson-85712": {"city": "Tucson", "rent": 1270, "zip": "85712"}, "tucson-85713": {"city": "Tucson", "rent": 1280, "zip": "85713"}, "tucson-85714": {"city": "Tucson", "rent": 1090, "zip": "85714"}, "tucson-85715": {"city": "Tucson", "rent": 1590, "zip": "85715"}, "tucson-85716": {"city": "Tucson", "rent": 1350, "zip": "85716"}, "tucson-85717": {"city": "Tucson", "rent": 1400, "zip": "85717"}, "tucson-85718": {"city": "Tucson", "rent": 1440, "zip": "85718"}, "tucson-85719": {"city": "Tucson", "rent": 1380, "zip": "85719"}, "tucson-85721": {"city": "Tucson", "rent": 1400, "zip": "85721"}, "tucson-85723": {"city": "Tucson", "rent": 1230, "zip": "85723"}, "tucson-85724": {"city": "Tucson", "rent": 1400, "zip": "85724"}, "tucson-85725": {"city": "Tucson", "rent": 1400, "zip": "85725"}, "tucson-85726": {"city": "Tucson", "rent": 1400, "zip": "85726"}, "tucson-85728": {"city": "Tucson", "rent": 1400, "zip": "85728"}, "tucson-85730": {"city": "Tucson", "rent": 1460, "zip": "85730"}, "tucson-85731": {"city": "Tucson", "rent": 1400, "zip": "85731"}, "tucson-85732": {"city": "Tucson", "rent": 1400, "zip": "85732"}, "tucson-85733": {"city": "Tucson", "rent": 1400, "zip": "85733"}, "tucson-85734": {"city": "Tucson", "rent": 1730, "zip": "85734"}, "tucson-85735": {"city": "Tucson", "rent": 1600, "zip": "85735"}, "tucson-85736": {"city": "Tucson", "rent": 1320, "zip": "85736"}, "tucson-85737": {"city": "Tucson", "rent": 2090, "zip": "85737"}, "tucson-85738": {"city": "Tucson", "rent": 1400, "zip": "85738"}, "tucson-85739": {"city": "Tucson", "rent": 2030, "zip": "85739"}, "tucson-85740": {"city": "Tucson", "rent": 1400, "zip": "85740"}, "tucson-85741": {"city": "Tucson", "rent": 1730, "zip": "85741"}, "tucson-85742": {"city": "Tucson", "rent": 1980, "zip": "85742"}, "tucson-85743": {"city": "Tucson", "rent": 1960, "zip": "85743"}, "tucson-85745": {"city": "Tucson", "rent": 1410, "zip": "85745"}, "tucson-85746": {"city": "Tucson", "rent": 1560, "zip": "85746"}, "tucson-85747": {"city": "Tucson", "rent": 2100, "zip": "85747"}, "tucson-85748": {"city": "Tucson", "rent": 1730, "zip": "85748"}, "tucson-85749": {"city": "Tucson", "rent": 1720, "zip": "85749"}, "tucson-85750": {"city": "Tucson", "rent": 1600, "zip": "85750"}, "tucson-85751": {"city": "Tucson", "rent": 1400, "zip": "85751"}, "tucson-85752": {"city": "Tucson", "rent": 1400, "zip": "85752"}, "tucson-85754": {"city": "Tucson", "rent": 1400, "zip": "85754"}, "tucson-85755": {"city": "Tucson", "rent": 2100, "zip": "85755"}, "tucson-85756": {"city": "Tucson", "rent": 1730, "zip": "85756"}, "tucson-85757": {"city": "Tucson", "rent": 1530, "zip": "85757"}, "yuma-85333": {"city": "Yuma", "rent": 1530, "zip": "85333"}, "yuma-85336": {"city": "Yuma", "rent": 1240, "zip": "85336"}, "yuma-85347": {"city": "Yuma", "rent": 1380, "zip": "85347"}, "yuma-85349": {"city": "Yuma", "rent": 1240, "zip": "85349"}, "yuma-85350": {"city": "Yuma", "rent": 1390, "zip": "85350"}, "yuma-85352": {"city": "Yuma", "rent": 1380, "zip": "85352"}, "yuma-85356": {"city": "Yuma", "rent": 1650, "zip": "85356"}, "yuma-85364": {"city": "Yuma", "rent": 1420, "zip": "85364"}, "yuma-85365": {"city": "Yuma", "rent": 1670, "zip": "85365"}, "yuma-85366": {"city": "Yuma", "rent": 1380, "zip": "85366"}, "yuma-85367": {"city": "Yuma", "rent": 1600, "zip": "85367"}, "apache-county-85901": {"city": "Apache County", "rent": 1420, "zip": "85901"}, "apache-county-85920": {"city": "Apache County", "rent": 1250, "zip": "85920"}, "apache-county-85924": {"city": "Apache County", "rent": 1530, "zip": "85924"}, "apache-county-85925": {"city": "Apache County", "rent": 1170, "zip": "85925"}, "apache-county-85927": {"city": "Apache County", "rent": 1300, "zip": "85927"}, "apache-county-85930": {"city": "Apache County", "rent": 1250, "zip": "85930"}, "apache-county-85932": {"city": "Apache County", "rent": 1310, "zip": "85932"}, "apache-county-85936": {"city": "Apache County", "rent": 1180, "zip": "85936"}, "apache-county-85937": {"city": "Apache County", "rent": 1700, "zip": "85937"}, "apache-county-85938": {"city": "Apache County", "rent": 1560, "zip": "85938"}, "apache-county-85940": {"city": "Apache County", "rent": 1420, "zip": "85940"}, "apache-county-86028": {"city": "Apache County", "rent": 1200, "zip": "86028"}, "apache-county-86033": {"city": "Apache County", "rent": 1330, "zip": "86033"}, "apache-county-86034": {"city": "Apache County", "rent": 1250, "zip": "86034"}, "apache-county-86502": {"city": "Apache County", "rent": 1180, "zip": "86502"}, "apache-county-86503": {"city": "Apache County", "rent": 1250, "zip": "86503"}, "apache-county-86504": {"city": "Apache County", "rent": 1230, "zip": "86504"}, "apache-county-86505": {"city": "Apache County", "rent": 1250, "zip": "86505"}, "apache-county-86506": {"city": "Apache County", "rent": 1180, "zip": "86506"}, "apache-county-86507": {"city": "Apache County", "rent": 1050, "zip": "86507"}, "apache-county-86508": {"city": "Apache County", "rent": 1180, "zip": "86508"}, "apache-county-86511": {"city": "Apache County", "rent": 1110, "zip": "86511"}, "apache-county-86512": {"city": "Apache County", "rent": 1180, "zip": "86512"}, "apache-county-86514": {"city": "Apache County", "rent": 1370, "zip": "86514"}, "apache-county-86515": {"city": "Apache County", "rent": 1070, "zip": "86515"}, "apache-county-86520": {"city": "Apache County", "rent": 1430, "zip": "86520"}, "apache-county-86535": {"city": "Apache County", "rent": 1340, "zip": "86535"}, "apache-county-86538": {"city": "Apache County", "rent": 1190, "zip": "86538"}, "apache-county-86540": {"city": "Apache County", "rent": 1080, "zip": "86540"}, "apache-county-86544": {"city": "Apache County", "rent": 1130, "zip": "86544"}, "apache-county-86545": {"city": "Apache County", "rent": 1180, "zip": "86545"}, "apache-county-86547": {"city": "Apache County", "rent": 1180, "zip": "86547"}, "apache-county-86556": {"city": "Apache County", "rent": 1050, "zip": "86556"}, "apache-county-87328": {"city": "Apache County", "rent": 1050, "zip": "87328"}, "gila-county-85135": {"city": "Gila County", "rent": 1570, "zip": "85135"}, "gila-county-85192": {"city": "Gila County", "rent": 1530, "zip": "85192"}, "gila-county-85264": {"city": "Gila County", "rent": 2120, "zip": "85264"}, "gila-county-85501": {"city": "Gila County", "rent": 1290, "zip": "85501"}, "gila-county-85532": {"city": "Gila County", "rent": 1600, "zip": "85532"}, "gila-county-85539": {"city": "Gila County", "rent": 1600, "zip": "85539"}, "gila-county-85541": {"city": "Gila County", "rent": 1650, "zip": "85541"}, "gila-county-85542": {"city": "Gila County", "rent": 1270, "zip": "85542"}, "gila-county-85544": {"city": "Gila County", "rent": 1580, "zip": "85544"}, "gila-county-85545": {"city": "Gila County", "rent": 1530, "zip": "85545"}, "gila-county-85547": {"city": "Gila County", "rent": 1480, "zip": "85547"}, "gila-county-85550": {"city": "Gila County", "rent": 1270, "zip": "85550"}, "gila-county-85553": {"city": "Gila County", "rent": 1270, "zip": "85553"}, "gila-county-85554": {"city": "Gila County", "rent": 1270, "zip": "85554"}, "gila-county-85941": {"city": "Gila County", "rent": 1270, "zip": "85941"}, "graham-county-85530": {"city": "Graham County", "rent": 1240, "zip": "85530"}, "graham-county-85531": {"city": "Graham County", "rent": 1710, "zip": "85531"}, "graham-county-85533": {"city": "Graham County", "rent": 1140, "zip": "85533"}, "graham-county-85535": {"city": "Graham County", "rent": 1240, "zip": "85535"}, "graham-county-85536": {"city": "Graham County", "rent": 1240, "zip": "85536"}, "graham-county-85542": {"city": "Graham County", "rent": 1270, "zip": "85542"}, "graham-county-85543": {"city": "Graham County", "rent": 1320, "zip": "85543"}, "graham-county-85546": {"city": "Graham County", "rent": 1200, "zip": "85546"}, "graham-county-85548": {"city": "Graham County", "rent": 1240, "zip": "85548"}, "graham-county-85550": {"city": "Graham County", "rent": 1270, "zip": "85550"}, "graham-county-85551": {"city": "Graham County", "rent": 1200, "zip": "85551"}, "graham-county-85552": {"city": "Graham County", "rent": 1230, "zip": "85552"}, "graham-county-85643": {"city": "Graham County", "rent": 1170, "zip": "85643"}, "greenlee-county-85533": {"city": "Greenlee County", "rent": 1140, "zip": "85533"}, "greenlee-county-85534": {"city": "Greenlee County", "rent": 1080, "zip": "85534"}, "greenlee-county-85540": {"city": "Greenlee County", "rent": 1170, "zip": "85540"}, "greenlee-county-85922": {"city": "Greenlee County", "rent": 1160, "zip": "85922"}, "la-paz-county-85325": {"city": "La Paz County", "rent": 1230, "zip": "85325"}, "la-paz-county-85328": {"city": "La Paz County", "rent": 1430, "zip": "85328"}, "la-paz-county-85334": {"city": "La Paz County", "rent": 1080, "zip": "85334"}, "la-paz-county-85344": {"city": "La Paz County", "rent": 1220, "zip": "85344"}, "la-paz-county-85346": {"city": "La Paz County", "rent": 1250, "zip": "85346"}, "la-paz-county-85348": {"city": "La Paz County", "rent": 1230, "zip": "85348"}, "la-paz-county-85357": {"city": "La Paz County", "rent": 1150, "zip": "85357"}, "la-paz-county-85359": {"city": "La Paz County", "rent": 1150, "zip": "85359"}, "la-paz-county-85371": {"city": "La Paz County", "rent": 1220, "zip": "85371"}, "navajo-county-84536": {"city": "Navajo County", "rent": 1250, "zip": "84536"}, "navajo-county-85901": {"city": "Navajo County", "rent": 1420, "zip": "85901"}, "navajo-county-85902": {"city": "Navajo County", "rent": 1250, "zip": "85902"}, "navajo-county-85911": {"city": "Navajo County", "rent": 1250, "zip": "85911"}, "navajo-county-85912": {"city": "Navajo County", "rent": 1560, "zip": "85912"}, "navajo-county-85923": {"city": "Navajo County", "rent": 1250, "zip": "85923"}, "navajo-county-85926": {"city": "Navajo County", "rent": 1250, "zip": "85926"}, "navajo-county-85928": {"city": "Navajo County", "rent": 1750, "zip": "85928"}, "navajo-county-85929": {"city": "Navajo County", "rent": 1490, "zip": "85929"}, "navajo-county-85930": {"city": "Navajo County", "rent": 1250, "zip": "85930"}, "navajo-county-85933": {"city": "Navajo County", "rent": 1250, "zip": "85933"}, "navajo-county-85934": {"city": "Navajo County", "rent": 1370, "zip": "85934"}, "navajo-county-85935": {"city": "Navajo County", "rent": 1330, "zip": "85935"}, "navajo-county-85937": {"city": "Navajo County", "rent": 1700, "zip": "85937"}, "navajo-county-85939": {"city": "Navajo County", "rent": 1600, "zip": "85939"}, "navajo-county-85941": {"city": "Navajo County", "rent": 1270, "zip": "85941"}, "navajo-county-85942": {"city": "Navajo County", "rent": 1310, "zip": "85942"}, "navajo-county-86025": {"city": "Navajo County", "rent": 1250, "zip": "86025"}, "navajo-county-86029": {"city": "Navajo County", "rent": 1250, "zip": "86029"}, "navajo-county-86030": {"city": "Navajo County", "rent": 1750, "zip": "86030"}, "navajo-county-86031": {"city": "Navajo County", "rent": 1400, "zip": "86031"}, "navajo-county-86032": {"city": "Navajo County", "rent": 1320, "zip": "86032"}, "navajo-county-86033": {"city": "Navajo County", "rent": 1330, "zip": "86033"}, "navajo-county-86034": {"city": "Navajo County", "rent": 1250, "zip": "86034"}, "navajo-county-86039": {"city": "Navajo County", "rent": 1260, "zip": "86039"}, "navajo-county-86042": {"city": "Navajo County", "rent": 1300, "zip": "86042"}, "navajo-county-86043": {"city": "Navajo County", "rent": 1270, "zip": "86043"}, "navajo-county-86044": {"city": "Navajo County", "rent": 1750, "zip": "86044"}, "navajo-county-86047": {"city": "Navajo County", "rent": 1750, "zip": "86047"}, "navajo-county-86054": {"city": "Navajo County", "rent": 1750, "zip": "86054"}, "navajo-county-86503": {"city": "Navajo County", "rent": 1250, "zip": "86503"}, "navajo-county-86505": {"city": "Navajo County", "rent": 1250, "zip": "86505"}, "navajo-county-86510": {"city": "Navajo County", "rent": 1250, "zip": "86510"}, "navajo-county-86520": {"city": "Navajo County", "rent": 1430, "zip": "86520"}, "santa-cruz-county-85611": {"city": "Santa Cruz County", "rent": 1500, "zip": "85611"}, "santa-cruz-county-85614": {"city": "Santa Cruz County", "rent": 1450, "zip": "85614"}, "santa-cruz-county-85621": {"city": "Santa Cruz County", "rent": 1050, "zip": "85621"}, "santa-cruz-county-85624": {"city": "Santa Cruz County", "rent": 1480, "zip": "85624"}, "santa-cruz-county-85628": {"city": "Santa Cruz County", "rent": 1130, "zip": "85628"}, "santa-cruz-county-85637": {"city": "Santa Cruz County", "rent": 1630, "zip": "85637"}, "santa-cruz-county-85640": {"city": "Santa Cruz County", "rent": 1530, "zip": "85640"}, "santa-cruz-county-85645": {"city": "Santa Cruz County", "rent": 1570, "zip": "85645"}, "santa-cruz-county-85646": {"city": "Santa Cruz County", "rent": 1690, "zip": "85646"}, "santa-cruz-county-85648": {"city": "Santa Cruz County", "rent": 1400, "zip": "85648"}}