{"fayetteville-springdale-rogers-72632": {"city": "Fayetteville-Springdale-Rogers", "rent": 1000, "zip": "72632"}, "fayetteville-springdale-rogers-72701": {"city": "Fayetteville-Springdale-Rogers", "rent": 1360, "zip": "72701"}, "fayetteville-springdale-rogers-72702": {"city": "Fayetteville-Springdale-Rogers", "rent": 1250, "zip": "72702"}, "fayetteville-springdale-rogers-72703": {"city": "Fayetteville-Springdale-Rogers", "rent": 1310, "zip": "72703"}, "fayetteville-springdale-rogers-72704": {"city": "Fayetteville-Springdale-Rogers", "rent": 1470, "zip": "72704"}, "fayetteville-springdale-rogers-72711": {"city": "Fayetteville-Springdale-Rogers", "rent": 1470, "zip": "72711"}, "fayetteville-springdale-rogers-72712": {"city": "Fayetteville-Springdale-Rogers", "rent": 1520, "zip": "72712"}, "fayetteville-springdale-rogers-72713": {"city": "Fayetteville-Springdale-Rogers", "rent": 1580, "zip": "72713"}, "fayetteville-springdale-rogers-72714": {"city": "Fayetteville-Springdale-Rogers", "rent": 1560, "zip": "72714"}, "fayetteville-springdale-rogers-72715": {"city": "Fayetteville-Springdale-Rogers", "rent": 1600, "zip": "72715"}, "fayetteville-springdale-rogers-72716": {"city": "Fayetteville-Springdale-Rogers", "rent": 1470, "zip": "72716"}, "fayetteville-springdale-rogers-72717": {"city": "Fayetteville-Springdale-Rogers", "rent": 1250, "zip": "72717"}, "fayetteville-springdale-rogers-72718": {"city": "Fayetteville-Springdale-Rogers", "rent": 2020, "zip": "72718"}, "fayetteville-springdale-rogers-72719": {"city": "Fayetteville-Springdale-Rogers", "rent": 1700, "zip": "72719"}, "fayetteville-springdale-rogers-72721": {"city": "Fayetteville-Springdale-Rogers", "rent": 1110, "zip": "72721"}, "fayetteville-springdale-rogers-72722": {"city": "Fayetteville-Springdale-Rogers", "rent": 1030, "zip": "72722"}, "fayetteville-springdale-rogers-72727": {"city": "Fayetteville-Springdale-Rogers", "rent": 1330, "zip": "72727"}, "fayetteville-springdale-rogers-72728": {"city": "Fayetteville-Springdale-Rogers", "rent": 1250, "zip": "72728"}, "fayetteville-springdale-rogers-72729": {"city": "Fayetteville-Springdale-Rogers", "rent": 1090, "zip": "72729"}, "fayetteville-springdale-rogers-72730": {"city": "Fayetteville-Springdale-Rogers", "rent": 1660, "zip": "72730"}, "fayetteville-springdale-rogers-72732": {"city": "Fayetteville-Springdale-Rogers", "rent": 1200, "zip": "72732"}, "fayetteville-springdale-rogers-72733": {"city": "Fayetteville-Springdale-Rogers", "rent": 1470, "zip": "72733"}, "fayetteville-springdale-rogers-72734": {"city": "Fayetteville-Springdale-Rogers", "rent": 1310, "zip": "72734"}, "fayetteville-springdale-rogers-72735": {"city": "Fayetteville-Springdale-Rogers", "rent": 1250, "zip": "72735"}, "fayetteville-springdale-rogers-72736": {"city": "Fayetteville-Springdale-Rogers", "rent": 1310, "zip": "72736"}, "fayetteville-springdale-rogers-72737": {"city": "Fayetteville-Springdale-Rogers", "rent": 1250, "zip": "72737"}, "fayetteville-springdale-rogers-72738": {"city": "Fayetteville-Springdale-Rogers", "rent": 1000, "zip": "72738"}, "fayetteville-springdale-rogers-72739": {"city": "Fayetteville-Springdale-Rogers", "rent": 1370, "zip": "72739"}, "fayetteville-springdale-rogers-72740": {"city": "Fayetteville-Springdale-Rogers", "rent": 1000, "zip": "72740"}, "fayetteville-springdale-rogers-72741": {"city": "Fayetteville-Springdale-Rogers", "rent": 1250, "zip": "72741"}, "fayetteville-springdale-rogers-72742": {"city": "Fayetteville-Springdale-Rogers", "rent": 1000, "zip": "72742"}, "fayetteville-springdale-rogers-72744": {"city": "Fayetteville-Springdale-Rogers", "rent": 1320, "zip": "72744"}, "fayetteville-springdale-rogers-72745": {"city": "Fayetteville-Springdale-Rogers", "rent": 1370, "zip": "72745"}, "fayetteville-springdale-rogers-72747": {"city": "Fayetteville-Springdale-Rogers", "rent": 1150, "zip": "72747"}, "fayetteville-springdale-rogers-72749": {"city": "Fayetteville-Springdale-Rogers", "rent": 1250, "zip": "72749"}, "fayetteville-springdale-rogers-72751": {"city": "Fayetteville-Springdale-Rogers", "rent": 1860, "zip": "72751"}, "fayetteville-springdale-rogers-72752": {"city": "Fayetteville-Springdale-Rogers", "rent": 920, "zip": "72752"}, "fayetteville-springdale-rogers-72753": {"city": "Fayetteville-Springdale-Rogers", "rent": 1140, "zip": "72753"}, "fayetteville-springdale-rogers-72756": {"city": "Fayetteville-Springdale-Rogers", "rent": 1130, "zip": "72756"}, "fayetteville-springdale-rogers-72757": {"city": "Fayetteville-Springdale-Rogers", "rent": 1470, "zip": "72757"}, "fayetteville-springdale-rogers-72758": {"city": "Fayetteville-Springdale-Rogers", "rent": 1590, "zip": "72758"}, "fayetteville-springdale-rogers-72760": {"city": "Fayetteville-Springdale-Rogers", "rent": 1000, "zip": "72760"}, "fayetteville-springdale-rogers-72761": {"city": "Fayetteville-Springdale-Rogers", "rent": 1190, "zip": "72761"}, "fayetteville-springdale-rogers-72762": {"city": "Fayetteville-Springdale-Rogers", "rent": 1390, "zip": "72762"}, "fayetteville-springdale-rogers-72764": {"city": "Fayetteville-Springdale-Rogers", "rent": 1270, "zip": "72764"}, "fayetteville-springdale-rogers-72765": {"city": "Fayetteville-Springdale-Rogers", "rent": 1250, "zip": "72765"}, "fayetteville-springdale-rogers-72766": {"city": "Fayetteville-Springdale-Rogers", "rent": 1250, "zip": "72766"}, "fayetteville-springdale-rogers-72768": {"city": "Fayetteville-Springdale-Rogers", "rent": 1000, "zip": "72768"}, "fayetteville-springdale-rogers-72769": {"city": "Fayetteville-Springdale-Rogers", "rent": 1220, "zip": "72769"}, "fayetteville-springdale-rogers-72770": {"city": "Fayetteville-Springdale-Rogers", "rent": 1250, "zip": "72770"}, "fayetteville-springdale-rogers-72773": {"city": "Fayetteville-Springdale-Rogers", "rent": 1070, "zip": "72773"}, "fayetteville-springdale-rogers-72774": {"city": "Fayetteville-Springdale-Rogers", "rent": 1440, "zip": "72774"}, "fayetteville-springdale-rogers-72776": {"city": "Fayetteville-Springdale-Rogers", "rent": 1000, "zip": "72776"}, "fayetteville-springdale-rogers-72852": {"city": "Fayetteville-Springdale-Rogers", "rent": 910, "zip": "72852"}, "fayetteville-springdale-rogers-72948": {"city": "Fayetteville-Springdale-Rogers", "rent": 1010, "zip": "72948"}, "fayetteville-springdale-rogers-72959": {"city": "Fayetteville-Springdale-Rogers", "rent": 1080, "zip": "72959"}, "fort-smith-72901": {"city": "Fort Smith", "rent": 940, "zip": "72901"}, "fort-smith-72902": {"city": "Fort Smith", "rent": 940, "zip": "72902"}, "fort-smith-72903": {"city": "Fort Smith", "rent": 940, "zip": "72903"}, "fort-smith-72904": {"city": "Fort Smith", "rent": 940, "zip": "72904"}, "fort-smith-72905": {"city": "Fort Smith", "rent": 940, "zip": "72905"}, "fort-smith-72906": {"city": "Fort Smith", "rent": 940, "zip": "72906"}, "fort-smith-72908": {"city": "Fort Smith", "rent": 980, "zip": "72908"}, "fort-smith-72913": {"city": "Fort Smith", "rent": 940, "zip": "72913"}, "fort-smith-72914": {"city": "Fort Smith", "rent": 940, "zip": "72914"}, "fort-smith-72916": {"city": "Fort Smith", "rent": 1180, "zip": "72916"}, "fort-smith-72917": {"city": "Fort Smith", "rent": 940, "zip": "72917"}, "fort-smith-72918": {"city": "Fort Smith", "rent": 940, "zip": "72918"}, "fort-smith-72921": {"city": "Fort Smith", "rent": 960, "zip": "72921"}, "fort-smith-72923": {"city": "Fort Smith", "rent": 1070, "zip": "72923"}, "fort-smith-72927": {"city": "Fort Smith", "rent": 940, "zip": "72927"}, "fort-smith-72930": {"city": "Fort Smith", "rent": 940, "zip": "72930"}, "fort-smith-72932": {"city": "Fort Smith", "rent": 1040, "zip": "72932"}, "fort-smith-72933": {"city": "Fort Smith", "rent": 940, "zip": "72933"}, "fort-smith-72934": {"city": "Fort Smith", "rent": 940, "zip": "72934"}, "fort-smith-72935": {"city": "Fort Smith", "rent": 940, "zip": "72935"}, "fort-smith-72936": {"city": "Fort Smith", "rent": 950, "zip": "72936"}, "fort-smith-72937": {"city": "Fort Smith", "rent": 940, "zip": "72937"}, "fort-smith-72938": {"city": "Fort Smith", "rent": 940, "zip": "72938"}, "fort-smith-72940": {"city": "Fort Smith", "rent": 940, "zip": "72940"}, "fort-smith-72941": {"city": "Fort Smith", "rent": 940, "zip": "72941"}, "fort-smith-72944": {"city": "Fort Smith", "rent": 940, "zip": "72944"}, "fort-smith-72945": {"city": "Fort Smith", "rent": 1050, "zip": "72945"}, "fort-smith-72946": {"city": "Fort Smith", "rent": 1000, "zip": "72946"}, "fort-smith-72947": {"city": "Fort Smith", "rent": 940, "zip": "72947"}, "fort-smith-72948": {"city": "Fort Smith", "rent": 1010, "zip": "72948"}, "fort-smith-72952": {"city": "Fort Smith", "rent": 970, "zip": "72952"}, "fort-smith-72955": {"city": "Fort Smith", "rent": 970, "zip": "72955"}, "fort-smith-72956": {"city": "Fort Smith", "rent": 940, "zip": "72956"}, "fort-smith-72957": {"city": "Fort Smith", "rent": 940, "zip": "72957"}, "fort-smith-72959": {"city": "Fort Smith", "rent": 1080, "zip": "72959"}, "fort-smith-74435": {"city": "Fort Smith", "rent": 940, "zip": "74435"}, "fort-smith-74931": {"city": "Fort Smith", "rent": 1070, "zip": "74931"}, "fort-smith-74936": {"city": "Fort Smith", "rent": 940, "zip": "74936"}, "fort-smith-74945": {"city": "Fort Smith", "rent": 940, "zip": "74945"}, "fort-smith-74946": {"city": "Fort Smith", "rent": 940, "zip": "74946"}, "fort-smith-74948": {"city": "Fort Smith", "rent": 940, "zip": "74948"}, "fort-smith-74954": {"city": "Fort Smith", "rent": 940, "zip": "74954"}, "fort-smith-74955": {"city": "Fort Smith", "rent": 970, "zip": "74955"}, "fort-smith-74962": {"city": "Fort Smith", "rent": 940, "zip": "74962"}, "hot-springs-71901": {"city": "Hot Springs", "rent": 1000, "zip": "71901"}, "hot-springs-71902": {"city": "Hot Springs", "rent": 1090, "zip": "71902"}, "hot-springs-71903": {"city": "Hot Springs", "rent": 1090, "zip": "71903"}, "hot-springs-71909": {"city": "Hot Springs", "rent": 1350, "zip": "71909"}, "hot-springs-71910": {"city": "Hot Springs", "rent": 1090, "zip": "71910"}, "hot-springs-71913": {"city": "Hot Springs", "rent": 1130, "zip": "71913"}, "hot-springs-71914": {"city": "Hot Springs", "rent": 1090, "zip": "71914"}, "hot-springs-71933": {"city": "Hot Springs", "rent": 940, "zip": "71933"}, "hot-springs-71949": {"city": "Hot Springs", "rent": 1190, "zip": "71949"}, "hot-springs-71956": {"city": "Hot Springs", "rent": 940, "zip": "71956"}, "hot-springs-71964": {"city": "Hot Springs", "rent": 1080, "zip": "71964"}, "hot-springs-71968": {"city": "Hot Springs", "rent": 1250, "zip": "71968"}, "hot-springs-72087": {"city": "Hot Springs", "rent": 980, "zip": "72087"}, "hot-springs-72104": {"city": "Hot Springs", "rent": 940, "zip": "72104"}, "jonesboro-72401": {"city": "Jonesboro", "rent": 1000, "zip": "72401"}, "jonesboro-72402": {"city": "Jonesboro", "rent": 1040, "zip": "72402"}, "jonesboro-72403": {"city": "Jonesboro", "rent": 1040, "zip": "72403"}, "jonesboro-72404": {"city": "Jonesboro", "rent": 1070, "zip": "72404"}, "jonesboro-72405": {"city": "Jonesboro", "rent": 1180, "zip": "72405"}, "jonesboro-72411": {"city": "Jonesboro", "rent": 1130, "zip": "72411"}, "jonesboro-72414": {"city": "Jonesboro", "rent": 880, "zip": "72414"}, "jonesboro-72416": {"city": "Jonesboro", "rent": 1020, "zip": "72416"}, "jonesboro-72417": {"city": "Jonesboro", "rent": 1070, "zip": "72417"}, "jonesboro-72419": {"city": "Jonesboro", "rent": 880, "zip": "72419"}, "jonesboro-72421": {"city": "Jonesboro", "rent": 910, "zip": "72421"}, "jonesboro-72427": {"city": "Jonesboro", "rent": 890, "zip": "72427"}, "jonesboro-72437": {"city": "Jonesboro", "rent": 930, "zip": "72437"}, "jonesboro-72438": {"city": "Jonesboro", "rent": 880, "zip": "72438"}, "jonesboro-72442": {"city": "Jonesboro", "rent": 880, "zip": "72442"}, "jonesboro-72447": {"city": "Jonesboro", "rent": 880, "zip": "72447"}, "jonesboro-72450": {"city": "Jonesboro", "rent": 930, "zip": "72450"}, "jonesboro-72467": {"city": "Jonesboro", "rent": 1030, "zip": "72467"}, "jonesboro-72472": {"city": "Jonesboro", "rent": 950, "zip": "72472"}, "jonesboro-72476": {"city": "Jonesboro", "rent": 890, "zip": "72476"}, "jonesboro-72479": {"city": "Jonesboro", "rent": 880, "zip": "72479"}, "poinsett-county-72324": {"city": "Poinsett County", "rent": 940, "zip": "72324"}, "poinsett-county-72354": {"city": "Poinsett County", "rent": 940, "zip": "72354"}, "poinsett-county-72365": {"city": "Poinsett County", "rent": 880, "zip": "72365"}, "poinsett-county-72377": {"city": "Poinsett County", "rent": 940, "zip": "72377"}, "poinsett-county-72386": {"city": "Poinsett County", "rent": 1060, "zip": "72386"}, "poinsett-county-72419": {"city": "Poinsett County", "rent": 880, "zip": "72419"}, "poinsett-county-72421": {"city": "Poinsett County", "rent": 910, "zip": "72421"}, "poinsett-county-72429": {"city": "Poinsett County", "rent": 880, "zip": "72429"}, "poinsett-county-72432": {"city": "Poinsett County", "rent": 960, "zip": "72432"}, "poinsett-county-72472": {"city": "Poinsett County", "rent": 950, "zip": "72472"}, "poinsett-county-72475": {"city": "Poinsett County", "rent": 880, "zip": "72475"}, "poinsett-county-72479": {"city": "Poinsett County", "rent": 880, "zip": "72479"}, "little-rock-north-little-rock-conway-71909": {"city": "Little Rock-North Little Rock-Conway", "rent": 1350, "zip": "71909"}, "little-rock-north-little-rock-conway-72001": {"city": "Little Rock-North Little Rock-Conway", "rent": 930, "zip": "72001"}, "little-rock-north-little-rock-conway-72002": {"city": "Little Rock-North Little Rock-Conway", "rent": 1120, "zip": "72002"}, "little-rock-north-little-rock-conway-72007": {"city": "Little Rock-North Little Rock-Conway", "rent": 1290, "zip": "72007"}, "little-rock-north-little-rock-conway-72011": {"city": "Little Rock-North Little Rock-Conway", "rent": 1040, "zip": "72011"}, "little-rock-north-little-rock-conway-72015": {"city": "Little Rock-North Little Rock-Conway", "rent": 1140, "zip": "72015"}, "little-rock-north-little-rock-conway-72016": {"city": "Little Rock-North Little Rock-Conway", "rent": 930, "zip": "72016"}, "little-rock-north-little-rock-conway-72018": {"city": "Little Rock-North Little Rock-Conway", "rent": 1110, "zip": "72018"}, "little-rock-north-little-rock-conway-72019": {"city": "Little Rock-North Little Rock-Conway", "rent": 1120, "zip": "72019"}, "little-rock-north-little-rock-conway-72022": {"city": "Little Rock-North Little Rock-Conway", "rent": 1100, "zip": "72022"}, "little-rock-north-little-rock-conway-72023": {"city": "Little Rock-North Little Rock-Conway", "rent": 1140, "zip": "72023"}, "little-rock-north-little-rock-conway-72024": {"city": "Little Rock-North Little Rock-Conway", "rent": 930, "zip": "72024"}, "little-rock-north-little-rock-conway-72025": {"city": "Little Rock-North Little Rock-Conway", "rent": 930, "zip": "72025"}, "little-rock-north-little-rock-conway-72032": {"city": "Little Rock-North Little Rock-Conway", "rent": 1150, "zip": "72032"}, "little-rock-north-little-rock-conway-72033": {"city": "Little Rock-North Little Rock-Conway", "rent": 1100, "zip": "72033"}, "little-rock-north-little-rock-conway-72034": {"city": "Little Rock-North Little Rock-Conway", "rent": 1150, "zip": "72034"}, "little-rock-north-little-rock-conway-72035": {"city": "Little Rock-North Little Rock-Conway", "rent": 1150, "zip": "72035"}, "little-rock-north-little-rock-conway-72037": {"city": "Little Rock-North Little Rock-Conway", "rent": 1110, "zip": "72037"}, "little-rock-north-little-rock-conway-72039": {"city": "Little Rock-North Little Rock-Conway", "rent": 1140, "zip": "72039"}, "little-rock-north-little-rock-conway-72045": {"city": "Little Rock-North Little Rock-Conway", "rent": 1080, "zip": "72045"}, "little-rock-north-little-rock-conway-72046": {"city": "Little Rock-North Little Rock-Conway", "rent": 930, "zip": "72046"}, "little-rock-north-little-rock-conway-72047": {"city": "Little Rock-North Little Rock-Conway", "rent": 930, "zip": "72047"}, "little-rock-north-little-rock-conway-72053": {"city": "Little Rock-North Little Rock-Conway", "rent": 1030, "zip": "72053"}, "little-rock-north-little-rock-conway-72058": {"city": "Little Rock-North Little Rock-Conway", "rent": 1080, "zip": "72058"}, "little-rock-north-little-rock-conway-72061": {"city": "Little Rock-North Little Rock-Conway", "rent": 1050, "zip": "72061"}, "little-rock-north-little-rock-conway-72064": {"city": "Little Rock-North Little Rock-Conway", "rent": 1010, "zip": "72064"}, "little-rock-north-little-rock-conway-72065": {"city": "Little Rock-North Little Rock-Conway", "rent": 1090, "zip": "72065"}, "little-rock-north-little-rock-conway-72070": {"city": "Little Rock-North Little Rock-Conway", "rent": 930, "zip": "72070"}, "little-rock-north-little-rock-conway-72072": {"city": "Little Rock-North Little Rock-Conway", "rent": 930, "zip": "72072"}, "little-rock-north-little-rock-conway-72076": {"city": "Little Rock-North Little Rock-Conway", "rent": 1070, "zip": "72076"}, "little-rock-north-little-rock-conway-72078": {"city": "Little Rock-North Little Rock-Conway", "rent": 1170, "zip": "72078"}, "little-rock-north-little-rock-conway-72083": {"city": "Little Rock-North Little Rock-Conway", "rent": 970, "zip": "72083"}, "little-rock-north-little-rock-conway-72086": {"city": "Little Rock-North Little Rock-Conway", "rent": 1100, "zip": "72086"}, "little-rock-north-little-rock-conway-72087": {"city": "Little Rock-North Little Rock-Conway", "rent": 980, "zip": "72087"}, "little-rock-north-little-rock-conway-72089": {"city": "Little Rock-North Little Rock-Conway", "rent": 1110, "zip": "72089"}, "little-rock-north-little-rock-conway-72099": {"city": "Little Rock-North Little Rock-Conway", "rent": 1070, "zip": "72099"}, "little-rock-north-little-rock-conway-72103": {"city": "Little Rock-North Little Rock-Conway", "rent": 1170, "zip": "72103"}, "little-rock-north-little-rock-conway-72104": {"city": "Little Rock-North Little Rock-Conway", "rent": 940, "zip": "72104"}, "little-rock-north-little-rock-conway-72106": {"city": "Little Rock-North Little Rock-Conway", "rent": 990, "zip": "72106"}, "little-rock-north-little-rock-conway-72111": {"city": "Little Rock-North Little Rock-Conway", "rent": 930, "zip": "72111"}, "little-rock-north-little-rock-conway-72113": {"city": "Little Rock-North Little Rock-Conway", "rent": 1220, "zip": "72113"}, "little-rock-north-little-rock-conway-72114": {"city": "Little Rock-North Little Rock-Conway", "rent": 1090, "zip": "72114"}, "little-rock-north-little-rock-conway-72115": {"city": "Little Rock-North Little Rock-Conway", "rent": 1170, "zip": "72115"}, "little-rock-north-little-rock-conway-72116": {"city": "Little Rock-North Little Rock-Conway", "rent": 1170, "zip": "72116"}, "little-rock-north-little-rock-conway-72117": {"city": "Little Rock-North Little Rock-Conway", "rent": 1230, "zip": "72117"}, "little-rock-north-little-rock-conway-72118": {"city": "Little Rock-North Little Rock-Conway", "rent": 1130, "zip": "72118"}, "little-rock-north-little-rock-conway-72119": {"city": "Little Rock-North Little Rock-Conway", "rent": 1170, "zip": "72119"}, "little-rock-north-little-rock-conway-72120": {"city": "Little Rock-North Little Rock-Conway", "rent": 1160, "zip": "72120"}, "little-rock-north-little-rock-conway-72122": {"city": "Little Rock-North Little Rock-Conway", "rent": 1090, "zip": "72122"}, "little-rock-north-little-rock-conway-72124": {"city": "Little Rock-North Little Rock-Conway", "rent": 1170, "zip": "72124"}, "little-rock-north-little-rock-conway-72125": {"city": "Little Rock-North Little Rock-Conway", "rent": 930, "zip": "72125"}, "little-rock-north-little-rock-conway-72126": {"city": "Little Rock-North Little Rock-Conway", "rent": 930, "zip": "72126"}, "little-rock-north-little-rock-conway-72131": {"city": "Little Rock-North Little Rock-Conway", "rent": 1010, "zip": "72131"}, "little-rock-north-little-rock-conway-72132": {"city": "Little Rock-North Little Rock-Conway", "rent": 1180, "zip": "72132"}, "little-rock-north-little-rock-conway-72135": {"city": "Little Rock-North Little Rock-Conway", "rent": 980, "zip": "72135"}, "little-rock-north-little-rock-conway-72142": {"city": "Little Rock-North Little Rock-Conway", "rent": 930, "zip": "72142"}, "little-rock-north-little-rock-conway-72160": {"city": "Little Rock-North Little Rock-Conway", "rent": 930, "zip": "72160"}, "little-rock-north-little-rock-conway-72164": {"city": "Little Rock-North Little Rock-Conway", "rent": 1170, "zip": "72164"}, "little-rock-north-little-rock-conway-72167": {"city": "Little Rock-North Little Rock-Conway", "rent": 930, "zip": "72167"}, "little-rock-north-little-rock-conway-72173": {"city": "Little Rock-North Little Rock-Conway", "rent": 1120, "zip": "72173"}, "little-rock-north-little-rock-conway-72176": {"city": "Little Rock-North Little Rock-Conway", "rent": 1150, "zip": "72176"}, "little-rock-north-little-rock-conway-72180": {"city": "Little Rock-North Little Rock-Conway", "rent": 1090, "zip": "72180"}, "little-rock-north-little-rock-conway-72181": {"city": "Little Rock-North Little Rock-Conway", "rent": 1110, "zip": "72181"}, "little-rock-north-little-rock-conway-72183": {"city": "Little Rock-North Little Rock-Conway", "rent": 1030, "zip": "72183"}, "little-rock-north-little-rock-conway-72190": {"city": "Little Rock-North Little Rock-Conway", "rent": 1170, "zip": "72190"}, "little-rock-north-little-rock-conway-72199": {"city": "Little Rock-North Little Rock-Conway", "rent": 1140, "zip": "72199"}, "little-rock-north-little-rock-conway-72201": {"city": "Little Rock-North Little Rock-Conway", "rent": 1480, "zip": "72201"}, "little-rock-north-little-rock-conway-72202": {"city": "Little Rock-North Little Rock-Conway", "rent": 1190, "zip": "72202"}, "little-rock-north-little-rock-conway-72203": {"city": "Little Rock-North Little Rock-Conway", "rent": 1170, "zip": "72203"}, "little-rock-north-little-rock-conway-72204": {"city": "Little Rock-North Little Rock-Conway", "rent": 1190, "zip": "72204"}, "little-rock-north-little-rock-conway-72205": {"city": "Little Rock-North Little Rock-Conway", "rent": 1230, "zip": "72205"}, "little-rock-north-little-rock-conway-72206": {"city": "Little Rock-North Little Rock-Conway", "rent": 1030, "zip": "72206"}, "little-rock-north-little-rock-conway-72207": {"city": "Little Rock-North Little Rock-Conway", "rent": 1130, "zip": "72207"}, "little-rock-north-little-rock-conway-72209": {"city": "Little Rock-North Little Rock-Conway", "rent": 1090, "zip": "72209"}, "little-rock-north-little-rock-conway-72210": {"city": "Little Rock-North Little Rock-Conway", "rent": 1090, "zip": "72210"}, "little-rock-north-little-rock-conway-72211": {"city": "Little Rock-North Little Rock-Conway", "rent": 1250, "zip": "72211"}, "little-rock-north-little-rock-conway-72212": {"city": "Little Rock-North Little Rock-Conway", "rent": 1250, "zip": "72212"}, "little-rock-north-little-rock-conway-72214": {"city": "Little Rock-North Little Rock-Conway", "rent": 1170, "zip": "72214"}, "little-rock-north-little-rock-conway-72215": {"city": "Little Rock-North Little Rock-Conway", "rent": 1170, "zip": "72215"}, "little-rock-north-little-rock-conway-72216": {"city": "Little Rock-North Little Rock-Conway", "rent": 1170, "zip": "72216"}, "little-rock-north-little-rock-conway-72217": {"city": "Little Rock-North Little Rock-Conway", "rent": 1170, "zip": "72217"}, "little-rock-north-little-rock-conway-72219": {"city": "Little Rock-North Little Rock-Conway", "rent": 1170, "zip": "72219"}, "little-rock-north-little-rock-conway-72221": {"city": "Little Rock-North Little Rock-Conway", "rent": 1170, "zip": "72221"}, "little-rock-north-little-rock-conway-72222": {"city": "Little Rock-North Little Rock-Conway", "rent": 1170, "zip": "72222"}, "little-rock-north-little-rock-conway-72223": {"city": "Little Rock-North Little Rock-Conway", "rent": 1410, "zip": "72223"}, "little-rock-north-little-rock-conway-72225": {"city": "Little Rock-North Little Rock-Conway", "rent": 1170, "zip": "72225"}, "little-rock-north-little-rock-conway-72227": {"city": "Little Rock-North Little Rock-Conway", "rent": 1140, "zip": "72227"}, "little-rock-north-little-rock-conway-72231": {"city": "Little Rock-North Little Rock-Conway", "rent": 1170, "zip": "72231"}, "little-rock-north-little-rock-conway-72255": {"city": "Little Rock-North Little Rock-Conway", "rent": 1170, "zip": "72255"}, "little-rock-north-little-rock-conway-72260": {"city": "Little Rock-North Little Rock-Conway", "rent": 1170, "zip": "72260"}, "little-rock-north-little-rock-conway-72853": {"city": "Little Rock-North Little Rock-Conway", "rent": 930, "zip": "72853"}, "little-rock-north-little-rock-conway-72857": {"city": "Little Rock-North Little Rock-Conway", "rent": 930, "zip": "72857"}, "grant-county-71602": {"city": "Grant County", "rent": 940, "zip": "71602"}, "grant-county-71603": {"city": "Grant County", "rent": 960, "zip": "71603"}, "grant-county-72011": {"city": "Grant County", "rent": 1040, "zip": "72011"}, "grant-county-72015": {"city": "Grant County", "rent": 1140, "zip": "72015"}, "grant-county-72057": {"city": "Grant County", "rent": 950, "zip": "72057"}, "grant-county-72065": {"city": "Grant County", "rent": 1090, "zip": "72065"}, "grant-county-72079": {"city": "Grant County", "rent": 1060, "zip": "72079"}, "grant-county-72084": {"city": "Grant County", "rent": 1110, "zip": "72084"}, "grant-county-72104": {"city": "Grant County", "rent": 940, "zip": "72104"}, "grant-county-72128": {"city": "Grant County", "rent": 1190, "zip": "72128"}, "grant-county-72129": {"city": "Grant County", "rent": 880, "zip": "72129"}, "grant-county-72132": {"city": "Grant County", "rent": 1180, "zip": "72132"}, "grant-county-72150": {"city": "Grant County", "rent": 970, "zip": "72150"}, "grant-county-72167": {"city": "Grant County", "rent": 930, "zip": "72167"}, "little-river-county-71820": {"city": "Little River County", "rent": 890, "zip": "71820"}, "little-river-county-71822": {"city": "Little River County", "rent": 920, "zip": "71822"}, "little-river-county-71836": {"city": "Little River County", "rent": 880, "zip": "71836"}, "little-river-county-71846": {"city": "Little River County", "rent": 880, "zip": "71846"}, "little-river-county-71853": {"city": "Little River County", "rent": 900, "zip": "71853"}, "little-river-county-71865": {"city": "Little River County", "rent": 1160, "zip": "71865"}, "little-river-county-71866": {"city": "Little River County", "rent": 880, "zip": "71866"}, "arkansas-county-72003": {"city": "Arkansas County", "rent": 990, "zip": "72003"}, "arkansas-county-72004": {"city": "Arkansas County", "rent": 880, "zip": "72004"}, "arkansas-county-72026": {"city": "Arkansas County", "rent": 1010, "zip": "72026"}, "arkansas-county-72038": {"city": "Arkansas County", "rent": 1000, "zip": "72038"}, "arkansas-county-72042": {"city": "Arkansas County", "rent": 880, "zip": "72042"}, "arkansas-county-72048": {"city": "Arkansas County", "rent": 920, "zip": "72048"}, "arkansas-county-72055": {"city": "Arkansas County", "rent": 880, "zip": "72055"}, "arkansas-county-72073": {"city": "Arkansas County", "rent": 1040, "zip": "72073"}, "arkansas-county-72134": {"city": "Arkansas County", "rent": 960, "zip": "72134"}, "arkansas-county-72140": {"city": "Arkansas County", "rent": 890, "zip": "72140"}, "arkansas-county-72160": {"city": "Arkansas County", "rent": 930, "zip": "72160"}, "arkansas-county-72166": {"city": "Arkansas County", "rent": 910, "zip": "72166"}, "arkansas-county-72175": {"city": "Arkansas County", "rent": 1140, "zip": "72175"}, "ashley-county-71635": {"city": "Ashley County", "rent": 890, "zip": "71635"}, "ashley-county-71638": {"city": "Ashley County", "rent": 880, "zip": "71638"}, "ashley-county-71642": {"city": "Ashley County", "rent": 910, "zip": "71642"}, "ashley-county-71646": {"city": "Ashley County", "rent": 880, "zip": "71646"}, "ashley-county-71658": {"city": "Ashley County", "rent": 920, "zip": "71658"}, "ashley-county-71661": {"city": "Ashley County", "rent": 1050, "zip": "71661"}, "ashley-county-71663": {"city": "Ashley County", "rent": 880, "zip": "71663"}, "ashley-county-71676": {"city": "Ashley County", "rent": 990, "zip": "71676"}, "baxter-county-72519": {"city": "Baxter County", "rent": 890, "zip": "72519"}, "baxter-county-72531": {"city": "Baxter County", "rent": 920, "zip": "72531"}, "baxter-county-72537": {"city": "Baxter County", "rent": 1260, "zip": "72537"}, "baxter-county-72538": {"city": "Baxter County", "rent": 910, "zip": "72538"}, "baxter-county-72544": {"city": "Baxter County", "rent": 960, "zip": "72544"}, "baxter-county-72617": {"city": "Baxter County", "rent": 890, "zip": "72617"}, "baxter-county-72623": {"city": "Baxter County", "rent": 960, "zip": "72623"}, "baxter-county-72626": {"city": "Baxter County", "rent": 880, "zip": "72626"}, "baxter-county-72635": {"city": "Baxter County", "rent": 970, "zip": "72635"}, "baxter-county-72642": {"city": "Baxter County", "rent": 880, "zip": "72642"}, "baxter-county-72651": {"city": "Baxter County", "rent": 1100, "zip": "72651"}, "baxter-county-72653": {"city": "Baxter County", "rent": 980, "zip": "72653"}, "baxter-county-72654": {"city": "Baxter County", "rent": 960, "zip": "72654"}, "baxter-county-72658": {"city": "Baxter County", "rent": 880, "zip": "72658"}, "baxter-county-72659": {"city": "Baxter County", "rent": 960, "zip": "72659"}, "boone-county-72601": {"city": "Boone County", "rent": 880, "zip": "72601"}, "boone-county-72602": {"city": "Boone County", "rent": 880, "zip": "72602"}, "boone-county-72611": {"city": "Boone County", "rent": 1070, "zip": "72611"}, "boone-county-72615": {"city": "Boone County", "rent": 880, "zip": "72615"}, "boone-county-72630": {"city": "Boone County", "rent": 970, "zip": "72630"}, "boone-county-72633": {"city": "Boone County", "rent": 880, "zip": "72633"}, "boone-county-72643": {"city": "Boone County", "rent": 880, "zip": "72643"}, "boone-county-72644": {"city": "Boone County", "rent": 970, "zip": "72644"}, "boone-county-72662": {"city": "Boone County", "rent": 960, "zip": "72662"}, "boone-county-72682": {"city": "Boone County", "rent": 940, "zip": "72682"}, "boone-county-72685": {"city": "Boone County", "rent": 880, "zip": "72685"}, "boone-county-72687": {"city": "Boone County", "rent": 970, "zip": "72687"}, "bradley-county-71631": {"city": "Bradley County", "rent": 940, "zip": "71631"}, "bradley-county-71647": {"city": "Bradley County", "rent": 880, "zip": "71647"}, "bradley-county-71651": {"city": "Bradley County", "rent": 910, "zip": "71651"}, "bradley-county-71660": {"city": "Bradley County", "rent": 900, "zip": "71660"}, "bradley-county-71671": {"city": "Bradley County", "rent": 890, "zip": "71671"}, "bradley-county-71675": {"city": "Bradley County", "rent": 1010, "zip": "71675"}, "calhoun-county-71701": {"city": "Calhoun County", "rent": 900, "zip": "71701"}, "calhoun-county-71720": {"city": "Calhoun County", "rent": 880, "zip": "71720"}, "calhoun-county-71742": {"city": "Calhoun County", "rent": 930, "zip": "71742"}, "calhoun-county-71744": {"city": "Calhoun County", "rent": 1040, "zip": "71744"}, "calhoun-county-71745": {"city": "Calhoun County", "rent": 1040, "zip": "71745"}, "calhoun-county-71766": {"city": "Calhoun County", "rent": 940, "zip": "71766"}, "carroll-county-72601": {"city": "Carroll County", "rent": 880, "zip": "72601"}, "carroll-county-72611": {"city": "Carroll County", "rent": 1070, "zip": "72611"}, "carroll-county-72613": {"city": "Carroll County", "rent": 950, "zip": "72613"}, "carroll-county-72616": {"city": "Carroll County", "rent": 950, "zip": "72616"}, "carroll-county-72624": {"city": "Carroll County", "rent": 980, "zip": "72624"}, "carroll-county-72631": {"city": "Carroll County", "rent": 960, "zip": "72631"}, "carroll-county-72632": {"city": "Carroll County", "rent": 1000, "zip": "72632"}, "carroll-county-72638": {"city": "Carroll County", "rent": 980, "zip": "72638"}, "carroll-county-72660": {"city": "Carroll County", "rent": 1160, "zip": "72660"}, "carroll-county-72662": {"city": "Carroll County", "rent": 960, "zip": "72662"}, "carroll-county-72740": {"city": "Carroll County", "rent": 1000, "zip": "72740"}, "chicot-county-71638": {"city": "Chicot County", "rent": 880, "zip": "71638"}, "chicot-county-71640": {"city": "Chicot County", "rent": 880, "zip": "71640"}, "chicot-county-71653": {"city": "Chicot County", "rent": 1090, "zip": "71653"}, "chicot-county-71661": {"city": "Chicot County", "rent": 1050, "zip": "71661"}, "chicot-county-71663": {"city": "Chicot County", "rent": 880, "zip": "71663"}, "chicot-county-71676": {"city": "Chicot County", "rent": 990, "zip": "71676"}, "clark-county-71721": {"city": "Clark County", "rent": 880, "zip": "71721"}, "clark-county-71728": {"city": "Clark County", "rent": 880, "zip": "71728"}, "clark-county-71743": {"city": "Clark County", "rent": 880, "zip": "71743"}, "clark-county-71763": {"city": "Clark County", "rent": 880, "zip": "71763"}, "clark-county-71772": {"city": "Clark County", "rent": 880, "zip": "71772"}, "clark-county-71921": {"city": "Clark County", "rent": 930, "zip": "71921"}, "clark-county-71923": {"city": "Clark County", "rent": 880, "zip": "71923"}, "clark-county-71929": {"city": "Clark County", "rent": 1010, "zip": "71929"}, "clark-county-71962": {"city": "Clark County", "rent": 890, "zip": "71962"}, "clark-county-71998": {"city": "Clark County", "rent": 880, "zip": "71998"}, "clark-county-71999": {"city": "Clark County", "rent": 880, "zip": "71999"}, "clay-county-72413": {"city": "Clay County", "rent": 880, "zip": "72413"}, "clay-county-72422": {"city": "Clay County", "rent": 880, "zip": "72422"}, "clay-county-72424": {"city": "Clay County", "rent": 880, "zip": "72424"}, "clay-county-72425": {"city": "Clay County", "rent": 900, "zip": "72425"}, "clay-county-72430": {"city": "Clay County", "rent": 910, "zip": "72430"}, "clay-county-72435": {"city": "Clay County", "rent": 890, "zip": "72435"}, "clay-county-72436": {"city": "Clay County", "rent": 910, "zip": "72436"}, "clay-county-72441": {"city": "Clay County", "rent": 880, "zip": "72441"}, "clay-county-72453": {"city": "Clay County", "rent": 880, "zip": "72453"}, "clay-county-72454": {"city": "Clay County", "rent": 940, "zip": "72454"}, "clay-county-72456": {"city": "Clay County", "rent": 910, "zip": "72456"}, "clay-county-72461": {"city": "Clay County", "rent": 880, "zip": "72461"}, "clay-county-72464": {"city": "Clay County", "rent": 940, "zip": "72464"}, "clay-county-72470": {"city": "Clay County", "rent": 890, "zip": "72470"}, "cleburne-county-72044": {"city": "Cleburne County", "rent": 880, "zip": "72044"}, "cleburne-county-72067": {"city": "Cleburne County", "rent": 880, "zip": "72067"}, "cleburne-county-72088": {"city": "Cleburne County", "rent": 880, "zip": "72088"}, "cleburne-county-72121": {"city": "Cleburne County", "rent": 880, "zip": "72121"}, "cleburne-county-72130": {"city": "Cleburne County", "rent": 880, "zip": "72130"}, "cleburne-county-72131": {"city": "Cleburne County", "rent": 1010, "zip": "72131"}, "cleburne-county-72137": {"city": "Cleburne County", "rent": 910, "zip": "72137"}, "cleburne-county-72143": {"city": "Cleburne County", "rent": 910, "zip": "72143"}, "cleburne-county-72153": {"city": "Cleburne County", "rent": 880, "zip": "72153"}, "cleburne-county-72179": {"city": "Cleburne County", "rent": 900, "zip": "72179"}, "cleburne-county-72523": {"city": "Cleburne County", "rent": 880, "zip": "72523"}, "cleburne-county-72530": {"city": "Cleburne County", "rent": 960, "zip": "72530"}, "cleburne-county-72534": {"city": "Cleburne County", "rent": 920, "zip": "72534"}, "cleburne-county-72543": {"city": "Cleburne County", "rent": 950, "zip": "72543"}, "cleburne-county-72546": {"city": "Cleburne County", "rent": 960, "zip": "72546"}, "cleburne-county-72550": {"city": "Cleburne County", "rent": 890, "zip": "72550"}, "cleburne-county-72581": {"city": "Cleburne County", "rent": 960, "zip": "72581"}, "cleveland-county-71603": {"city": "Cleveland County", "rent": 960, "zip": "71603"}, "cleveland-county-71652": {"city": "Cleveland County", "rent": 900, "zip": "71652"}, "cleveland-county-71660": {"city": "Cleveland County", "rent": 900, "zip": "71660"}, "cleveland-county-71665": {"city": "Cleveland County", "rent": 880, "zip": "71665"}, "cleveland-county-71667": {"city": "Cleveland County", "rent": 880, "zip": "71667"}, "cleveland-county-71671": {"city": "Cleveland County", "rent": 890, "zip": "71671"}, "cleveland-county-71725": {"city": "Cleveland County", "rent": 980, "zip": "71725"}, "cleveland-county-72057": {"city": "Cleveland County", "rent": 950, "zip": "72057"}, "columbia-county-71740": {"city": "Columbia County", "rent": 900, "zip": "71740"}, "columbia-county-71752": {"city": "Columbia County", "rent": 880, "zip": "71752"}, "columbia-county-71753": {"city": "Columbia County", "rent": 900, "zip": "71753"}, "columbia-county-71754": {"city": "Columbia County", "rent": 900, "zip": "71754"}, "columbia-county-71764": {"city": "Columbia County", "rent": 880, "zip": "71764"}, "columbia-county-71770": {"city": "Columbia County", "rent": 950, "zip": "71770"}, "columbia-county-71860": {"city": "Columbia County", "rent": 880, "zip": "71860"}, "columbia-county-71861": {"city": "Columbia County", "rent": 1040, "zip": "71861"}, "conway-county-72001": {"city": "Conway County", "rent": 930, "zip": "72001"}, "conway-county-72013": {"city": "Conway County", "rent": 990, "zip": "72013"}, "conway-county-72025": {"city": "Conway County", "rent": 930, "zip": "72025"}, "conway-county-72027": {"city": "Conway County", "rent": 920, "zip": "72027"}, "conway-county-72030": {"city": "Conway County", "rent": 880, "zip": "72030"}, "conway-county-72031": {"city": "Conway County", "rent": 890, "zip": "72031"}, "conway-county-72063": {"city": "Conway County", "rent": 880, "zip": "72063"}, "conway-county-72080": {"city": "Conway County", "rent": 930, "zip": "72080"}, "conway-county-72107": {"city": "Conway County", "rent": 910, "zip": "72107"}, "conway-county-72110": {"city": "Conway County", "rent": 880, "zip": "72110"}, "conway-county-72125": {"city": "Conway County", "rent": 930, "zip": "72125"}, "conway-county-72127": {"city": "Conway County", "rent": 880, "zip": "72127"}, "conway-county-72156": {"city": "Conway County", "rent": 880, "zip": "72156"}, "conway-county-72157": {"city": "Conway County", "rent": 880, "zip": "72157"}, "conway-county-72823": {"city": "Conway County", "rent": 970, "zip": "72823"}, "cross-county-72101": {"city": "Cross County", "rent": 910, "zip": "72101"}, "cross-county-72324": {"city": "Cross County", "rent": 940, "zip": "72324"}, "cross-county-72326": {"city": "Cross County", "rent": 880, "zip": "72326"}, "cross-county-72331": {"city": "Cross County", "rent": 1060, "zip": "72331"}, "cross-county-72346": {"city": "Cross County", "rent": 1060, "zip": "72346"}, "cross-county-72347": {"city": "Cross County", "rent": 880, "zip": "72347"}, "cross-county-72365": {"city": "Cross County", "rent": 880, "zip": "72365"}, "cross-county-72373": {"city": "Cross County", "rent": 880, "zip": "72373"}, "cross-county-72387": {"city": "Cross County", "rent": 880, "zip": "72387"}, "cross-county-72396": {"city": "Cross County", "rent": 880, "zip": "72396"}, "dallas-county-71652": {"city": "Dallas County", "rent": 900, "zip": "71652"}, "dallas-county-71720": {"city": "Dallas County", "rent": 880, "zip": "71720"}, "dallas-county-71725": {"city": "Dallas County", "rent": 980, "zip": "71725"}, "dallas-county-71742": {"city": "Dallas County", "rent": 930, "zip": "71742"}, "dallas-county-71748": {"city": "Dallas County", "rent": 930, "zip": "71748"}, "dallas-county-71763": {"city": "Dallas County", "rent": 880, "zip": "71763"}, "dallas-county-71923": {"city": "Dallas County", "rent": 880, "zip": "71923"}, "dallas-county-72084": {"city": "Dallas County", "rent": 1110, "zip": "72084"}, "desha-county-71630": {"city": "Desha County", "rent": 880, "zip": "71630"}, "desha-county-71638": {"city": "Desha County", "rent": 880, "zip": "71638"}, "desha-county-71639": {"city": "Desha County", "rent": 890, "zip": "71639"}, "desha-county-71643": {"city": "Desha County", "rent": 880, "zip": "71643"}, "desha-county-71654": {"city": "Desha County", "rent": 910, "zip": "71654"}, "desha-county-71662": {"city": "Desha County", "rent": 890, "zip": "71662"}, "desha-county-71666": {"city": "Desha County", "rent": 910, "zip": "71666"}, "desha-county-71670": {"city": "Desha County", "rent": 880, "zip": "71670"}, "desha-county-71674": {"city": "Desha County", "rent": 940, "zip": "71674"}, "desha-county-72328": {"city": "Desha County", "rent": 880, "zip": "72328"}, "desha-county-72379": {"city": "Desha County", "rent": 880, "zip": "72379"}, "drew-county-71638": {"city": "Drew County", "rent": 880, "zip": "71638"}, "drew-county-71642": {"city": "Drew County", "rent": 910, "zip": "71642"}, "drew-county-71646": {"city": "Drew County", "rent": 880, "zip": "71646"}, "drew-county-71654": {"city": "Drew County", "rent": 910, "zip": "71654"}, "drew-county-71655": {"city": "Drew County", "rent": 920, "zip": "71655"}, "drew-county-71658": {"city": "Drew County", "rent": 920, "zip": "71658"}, "drew-county-71670": {"city": "Drew County", "rent": 880, "zip": "71670"}, "drew-county-71675": {"city": "Drew County", "rent": 1010, "zip": "71675"}, "drew-county-71677": {"city": "Drew County", "rent": 880, "zip": "71677"}, "franklin-county-72721": {"city": "Franklin County", "rent": 1110, "zip": "72721"}, "franklin-county-72727": {"city": "Franklin County", "rent": 1330, "zip": "72727"}, "franklin-county-72820": {"city": "Franklin County", "rent": 880, "zip": "72820"}, "franklin-county-72821": {"city": "Franklin County", "rent": 880, "zip": "72821"}, "franklin-county-72855": {"city": "Franklin County", "rent": 880, "zip": "72855"}, "franklin-county-72928": {"city": "Franklin County", "rent": 900, "zip": "72928"}, "franklin-county-72930": {"city": "Franklin County", "rent": 940, "zip": "72930"}, "franklin-county-72933": {"city": "Franklin County", "rent": 940, "zip": "72933"}, "franklin-county-72943": {"city": "Franklin County", "rent": 1030, "zip": "72943"}, "franklin-county-72946": {"city": "Franklin County", "rent": 1000, "zip": "72946"}, "franklin-county-72947": {"city": "Franklin County", "rent": 940, "zip": "72947"}, "franklin-county-72949": {"city": "Franklin County", "rent": 890, "zip": "72949"}, "franklin-county-72951": {"city": "Franklin County", "rent": 880, "zip": "72951"}, "franklin-county-72959": {"city": "Franklin County", "rent": 1080, "zip": "72959"}, "fulton-county-72512": {"city": "Fulton County", "rent": 890, "zip": "72512"}, "fulton-county-72513": {"city": "Fulton County", "rent": 970, "zip": "72513"}, "fulton-county-72515": {"city": "Fulton County", "rent": 880, "zip": "72515"}, "fulton-county-72519": {"city": "Fulton County", "rent": 890, "zip": "72519"}, "fulton-county-72520": {"city": "Fulton County", "rent": 880, "zip": "72520"}, "fulton-county-72529": {"city": "Fulton County", "rent": 1090, "zip": "72529"}, "fulton-county-72531": {"city": "Fulton County", "rent": 920, "zip": "72531"}, "fulton-county-72538": {"city": "Fulton County", "rent": 910, "zip": "72538"}, "fulton-county-72539": {"city": "Fulton County", "rent": 940, "zip": "72539"}, "fulton-county-72542": {"city": "Fulton County", "rent": 880, "zip": "72542"}, "fulton-county-72544": {"city": "Fulton County", "rent": 960, "zip": "72544"}, "fulton-county-72554": {"city": "Fulton County", "rent": 900, "zip": "72554"}, "fulton-county-72566": {"city": "Fulton County", "rent": 880, "zip": "72566"}, "fulton-county-72576": {"city": "Fulton County", "rent": 880, "zip": "72576"}, "fulton-county-72578": {"city": "Fulton County", "rent": 930, "zip": "72578"}, "fulton-county-72583": {"city": "Fulton County", "rent": 990, "zip": "72583"}, "greene-county-72401": {"city": "Greene County", "rent": 1000, "zip": "72401"}, "greene-county-72405": {"city": "Greene County", "rent": 1180, "zip": "72405"}, "greene-county-72412": {"city": "Greene County", "rent": 920, "zip": "72412"}, "greene-county-72416": {"city": "Greene County", "rent": 1020, "zip": "72416"}, "greene-county-72417": {"city": "Greene County", "rent": 1070, "zip": "72417"}, "greene-county-72425": {"city": "Greene County", "rent": 900, "zip": "72425"}, "greene-county-72436": {"city": "Greene County", "rent": 910, "zip": "72436"}, "greene-county-72443": {"city": "Greene County", "rent": 880, "zip": "72443"}, "greene-county-72450": {"city": "Greene County", "rent": 930, "zip": "72450"}, "greene-county-72451": {"city": "Greene County", "rent": 910, "zip": "72451"}, "greene-county-72453": {"city": "Greene County", "rent": 880, "zip": "72453"}, "greene-county-72461": {"city": "Greene County", "rent": 880, "zip": "72461"}, "greene-county-72474": {"city": "Greene County", "rent": 910, "zip": "72474"}, "greene-county-72476": {"city": "Greene County", "rent": 890, "zip": "72476"}, "hempstead-county-71801": {"city": "Hempstead County", "rent": 910, "zip": "71801"}, "hempstead-county-71822": {"city": "Hempstead County", "rent": 920, "zip": "71822"}, "hempstead-county-71825": {"city": "Hempstead County", "rent": 880, "zip": "71825"}, "hempstead-county-71831": {"city": "Hempstead County", "rent": 960, "zip": "71831"}, "hempstead-county-71835": {"city": "Hempstead County", "rent": 880, "zip": "71835"}, "hempstead-county-71838": {"city": "Hempstead County", "rent": 970, "zip": "71838"}, "hempstead-county-71847": {"city": "Hempstead County", "rent": 880, "zip": "71847"}, "hempstead-county-71852": {"city": "Hempstead County", "rent": 880, "zip": "71852"}, "hempstead-county-71855": {"city": "Hempstead County", "rent": 890, "zip": "71855"}, "hempstead-county-71857": {"city": "Hempstead County", "rent": 920, "zip": "71857"}, "hempstead-county-71859": {"city": "Hempstead County", "rent": 940, "zip": "71859"}, "hempstead-county-71862": {"city": "Hempstead County", "rent": 880, "zip": "71862"}, "hot-spring-county-71901": {"city": "Hot Spring County", "rent": 1000, "zip": "71901"}, "hot-spring-county-71913": {"city": "Hot Spring County", "rent": 1130, "zip": "71913"}, "hot-spring-county-71921": {"city": "Hot Spring County", "rent": 930, "zip": "71921"}, "hot-spring-county-71923": {"city": "Hot Spring County", "rent": 880, "zip": "71923"}, "hot-spring-county-71929": {"city": "Hot Spring County", "rent": 1010, "zip": "71929"}, "hot-spring-county-71933": {"city": "Hot Spring County", "rent": 940, "zip": "71933"}, "hot-spring-county-71941": {"city": "Hot Spring County", "rent": 980, "zip": "71941"}, "hot-spring-county-71942": {"city": "Hot Spring County", "rent": 920, "zip": "71942"}, "hot-spring-county-71943": {"city": "Hot Spring County", "rent": 900, "zip": "71943"}, "hot-spring-county-71964": {"city": "Hot Spring County", "rent": 1080, "zip": "71964"}, "hot-spring-county-72084": {"city": "Hot Spring County", "rent": 1110, "zip": "72084"}, "hot-spring-county-72104": {"city": "Hot Spring County", "rent": 940, "zip": "72104"}, "hot-spring-county-72128": {"city": "Hot Spring County", "rent": 1190, "zip": "72128"}, "hot-spring-county-72167": {"city": "Hot Spring County", "rent": 930, "zip": "72167"}, "howard-county-71831": {"city": "Howard County", "rent": 960, "zip": "71831"}, "howard-county-71833": {"city": "Howard County", "rent": 880, "zip": "71833"}, "howard-county-71851": {"city": "Howard County", "rent": 990, "zip": "71851"}, "howard-county-71852": {"city": "Howard County", "rent": 880, "zip": "71852"}, "howard-county-71859": {"city": "Howard County", "rent": 940, "zip": "71859"}, "howard-county-71959": {"city": "Howard County", "rent": 920, "zip": "71959"}, "howard-county-71971": {"city": "Howard County", "rent": 950, "zip": "71971"}, "howard-county-71973": {"city": "Howard County", "rent": 880, "zip": "71973"}, "independence-county-72020": {"city": "Independence County", "rent": 880, "zip": "72020"}, "independence-county-72081": {"city": "Independence County", "rent": 880, "zip": "72081"}, "independence-county-72112": {"city": "Independence County", "rent": 880, "zip": "72112"}, "independence-county-72165": {"city": "Independence County", "rent": 880, "zip": "72165"}, "independence-county-72501": {"city": "Independence County", "rent": 900, "zip": "72501"}, "independence-county-72503": {"city": "Independence County", "rent": 890, "zip": "72503"}, "independence-county-72521": {"city": "Independence County", "rent": 910, "zip": "72521"}, "independence-county-72522": {"city": "Independence County", "rent": 880, "zip": "72522"}, "independence-county-72523": {"city": "Independence County", "rent": 880, "zip": "72523"}, "independence-county-72524": {"city": "Independence County", "rent": 880, "zip": "72524"}, "independence-county-72526": {"city": "Independence County", "rent": 900, "zip": "72526"}, "independence-county-72527": {"city": "Independence County", "rent": 900, "zip": "72527"}, "independence-county-72534": {"city": "Independence County", "rent": 920, "zip": "72534"}, "independence-county-72550": {"city": "Independence County", "rent": 890, "zip": "72550"}, "independence-county-72553": {"city": "Independence County", "rent": 900, "zip": "72553"}, "independence-county-72562": {"city": "Independence County", "rent": 880, "zip": "72562"}, "independence-county-72564": {"city": "Independence County", "rent": 900, "zip": "72564"}, "independence-county-72568": {"city": "Independence County", "rent": 1040, "zip": "72568"}, "independence-county-72571": {"city": "Independence County", "rent": 920, "zip": "72571"}, "independence-county-72572": {"city": "Independence County", "rent": 1020, "zip": "72572"}, "independence-county-72575": {"city": "Independence County", "rent": 890, "zip": "72575"}, "independence-county-72579": {"city": "Independence County", "rent": 880, "zip": "72579"}, "izard-county-72501": {"city": "Izard County", "rent": 900, "zip": "72501"}, "izard-county-72512": {"city": "Izard County", "rent": 890, "zip": "72512"}, "izard-county-72513": {"city": "Izard County", "rent": 970, "zip": "72513"}, "izard-county-72517": {"city": "Izard County", "rent": 880, "zip": "72517"}, "izard-county-72519": {"city": "Izard County", "rent": 890, "zip": "72519"}, "izard-county-72528": {"city": "Izard County", "rent": 880, "zip": "72528"}, "izard-county-72532": {"city": "Izard County", "rent": 880, "zip": "72532"}, "izard-county-72536": {"city": "Izard County", "rent": 920, "zip": "72536"}, "izard-county-72540": {"city": "Izard County", "rent": 900, "zip": "72540"}, "izard-county-72556": {"city": "Izard County", "rent": 890, "zip": "72556"}, "izard-county-72560": {"city": "Izard County", "rent": 880, "zip": "72560"}, "izard-county-72561": {"city": "Izard County", "rent": 930, "zip": "72561"}, "izard-county-72565": {"city": "Izard County", "rent": 880, "zip": "72565"}, "izard-county-72566": {"city": "Izard County", "rent": 880, "zip": "72566"}, "izard-county-72573": {"city": "Izard County", "rent": 880, "zip": "72573"}, "izard-county-72576": {"city": "Izard County", "rent": 880, "zip": "72576"}, "izard-county-72577": {"city": "Izard County", "rent": 900, "zip": "72577"}, "izard-county-72584": {"city": "Izard County", "rent": 880, "zip": "72584"}, "izard-county-72585": {"city": "Izard County", "rent": 880, "zip": "72585"}, "izard-county-72587": {"city": "Izard County", "rent": 880, "zip": "72587"}, "jackson-county-72005": {"city": "Jackson County", "rent": 880, "zip": "72005"}, "jackson-county-72014": {"city": "Jackson County", "rent": 900, "zip": "72014"}, "jackson-county-72020": {"city": "Jackson County", "rent": 880, "zip": "72020"}, "jackson-county-72043": {"city": "Jackson County", "rent": 880, "zip": "72043"}, "jackson-county-72075": {"city": "Jackson County", "rent": 880, "zip": "72075"}, "jackson-county-72101": {"city": "Jackson County", "rent": 910, "zip": "72101"}, "jackson-county-72112": {"city": "Jackson County", "rent": 880, "zip": "72112"}, "jackson-county-72169": {"city": "Jackson County", "rent": 890, "zip": "72169"}, "jackson-county-72347": {"city": "Jackson County", "rent": 880, "zip": "72347"}, "jackson-county-72410": {"city": "Jackson County", "rent": 940, "zip": "72410"}, "jackson-county-72421": {"city": "Jackson County", "rent": 910, "zip": "72421"}, "jackson-county-72431": {"city": "Jackson County", "rent": 880, "zip": "72431"}, "jackson-county-72471": {"city": "Jackson County", "rent": 880, "zip": "72471"}, "jackson-county-72473": {"city": "Jackson County", "rent": 920, "zip": "72473"}, "jackson-county-72479": {"city": "Jackson County", "rent": 880, "zip": "72479"}, "jefferson-county-71601": {"city": "Jefferson County", "rent": 930, "zip": "71601"}, "jefferson-county-71602": {"city": "Jefferson County", "rent": 940, "zip": "71602"}, "jefferson-county-71603": {"city": "Jefferson County", "rent": 960, "zip": "71603"}, "jefferson-county-71644": {"city": "Jefferson County", "rent": 880, "zip": "71644"}, "jefferson-county-71659": {"city": "Jefferson County", "rent": 900, "zip": "71659"}, "jefferson-county-71665": {"city": "Jefferson County", "rent": 880, "zip": "71665"}, "jefferson-county-71667": {"city": "Jefferson County", "rent": 880, "zip": "71667"}, "jefferson-county-72004": {"city": "Jefferson County", "rent": 880, "zip": "72004"}, "jefferson-county-72046": {"city": "Jefferson County", "rent": 930, "zip": "72046"}, "jefferson-county-72072": {"city": "Jefferson County", "rent": 930, "zip": "72072"}, "jefferson-county-72073": {"city": "Jefferson County", "rent": 1040, "zip": "72073"}, "jefferson-county-72079": {"city": "Jefferson County", "rent": 1060, "zip": "72079"}, "jefferson-county-72132": {"city": "Jefferson County", "rent": 1180, "zip": "72132"}, "jefferson-county-72133": {"city": "Jefferson County", "rent": 900, "zip": "72133"}, "jefferson-county-72150": {"city": "Jefferson County", "rent": 970, "zip": "72150"}, "jefferson-county-72152": {"city": "Jefferson County", "rent": 950, "zip": "72152"}, "jefferson-county-72160": {"city": "Jefferson County", "rent": 930, "zip": "72160"}, "jefferson-county-72168": {"city": "Jefferson County", "rent": 920, "zip": "72168"}, "jefferson-county-72175": {"city": "Jefferson County", "rent": 1140, "zip": "72175"}, "jefferson-county-72182": {"city": "Jefferson County", "rent": 950, "zip": "72182"}, "johnson-county-72752": {"city": "Johnson County", "rent": 920, "zip": "72752"}, "johnson-county-72821": {"city": "Johnson County", "rent": 880, "zip": "72821"}, "johnson-county-72830": {"city": "Johnson County", "rent": 890, "zip": "72830"}, "johnson-county-72832": {"city": "Johnson County", "rent": 880, "zip": "72832"}, "johnson-county-72839": {"city": "Johnson County", "rent": 880, "zip": "72839"}, "johnson-county-72840": {"city": "Johnson County", "rent": 880, "zip": "72840"}, "johnson-county-72845": {"city": "Johnson County", "rent": 880, "zip": "72845"}, "johnson-county-72846": {"city": "Johnson County", "rent": 890, "zip": "72846"}, "johnson-county-72847": {"city": "Johnson County", "rent": 1000, "zip": "72847"}, "johnson-county-72852": {"city": "Johnson County", "rent": 910, "zip": "72852"}, "johnson-county-72854": {"city": "Johnson County", "rent": 880, "zip": "72854"}, "johnson-county-72949": {"city": "Johnson County", "rent": 890, "zip": "72949"}, "lafayette-county-71801": {"city": "Lafayette County", "rent": 910, "zip": "71801"}, "lafayette-county-71826": {"city": "Lafayette County", "rent": 910, "zip": "71826"}, "lafayette-county-71827": {"city": "Lafayette County", "rent": 920, "zip": "71827"}, "lafayette-county-71845": {"city": "Lafayette County", "rent": 970, "zip": "71845"}, "lafayette-county-71860": {"city": "Lafayette County", "rent": 880, "zip": "71860"}, "lafayette-county-71861": {"city": "Lafayette County", "rent": 1040, "zip": "71861"}, "lawrence-county-72410": {"city": "Lawrence County", "rent": 940, "zip": "72410"}, "lawrence-county-72415": {"city": "Lawrence County", "rent": 880, "zip": "72415"}, "lawrence-county-72416": {"city": "Lawrence County", "rent": 1020, "zip": "72416"}, "lawrence-county-72425": {"city": "Lawrence County", "rent": 900, "zip": "72425"}, "lawrence-county-72433": {"city": "Lawrence County", "rent": 950, "zip": "72433"}, "lawrence-county-72434": {"city": "Lawrence County", "rent": 880, "zip": "72434"}, "lawrence-county-72440": {"city": "Lawrence County", "rent": 1000, "zip": "72440"}, "lawrence-county-72445": {"city": "Lawrence County", "rent": 940, "zip": "72445"}, "lawrence-county-72457": {"city": "Lawrence County", "rent": 930, "zip": "72457"}, "lawrence-county-72458": {"city": "Lawrence County", "rent": 890, "zip": "72458"}, "lawrence-county-72459": {"city": "Lawrence County", "rent": 880, "zip": "72459"}, "lawrence-county-72465": {"city": "Lawrence County", "rent": 880, "zip": "72465"}, "lawrence-county-72466": {"city": "Lawrence County", "rent": 880, "zip": "72466"}, "lawrence-county-72469": {"city": "Lawrence County", "rent": 1020, "zip": "72469"}, "lawrence-county-72471": {"city": "Lawrence County", "rent": 880, "zip": "72471"}, "lawrence-county-72476": {"city": "Lawrence County", "rent": 890, "zip": "72476"}, "lawrence-county-72482": {"city": "Lawrence County", "rent": 920, "zip": "72482"}, "lawrence-county-72572": {"city": "Lawrence County", "rent": 1020, "zip": "72572"}, "lee-county-72311": {"city": "Lee County", "rent": 1030, "zip": "72311"}, "lee-county-72320": {"city": "Lee County", "rent": 980, "zip": "72320"}, "lee-county-72335": {"city": "Lee County", "rent": 940, "zip": "72335"}, "lee-county-72341": {"city": "Lee County", "rent": 900, "zip": "72341"}, "lee-county-72348": {"city": "Lee County", "rent": 1060, "zip": "72348"}, "lee-county-72352": {"city": "Lee County", "rent": 910, "zip": "72352"}, "lee-county-72355": {"city": "Lee County", "rent": 950, "zip": "72355"}, "lee-county-72360": {"city": "Lee County", "rent": 890, "zip": "72360"}, "lee-county-72366": {"city": "Lee County", "rent": 880, "zip": "72366"}, "lee-county-72368": {"city": "Lee County", "rent": 890, "zip": "72368"}, "lee-county-72372": {"city": "Lee County", "rent": 880, "zip": "72372"}, "lee-county-72374": {"city": "Lee County", "rent": 910, "zip": "72374"}, "lincoln-county-71601": {"city": "Lincoln County", "rent": 930, "zip": "71601"}, "lincoln-county-71603": {"city": "Lincoln County", "rent": 960, "zip": "71603"}, "lincoln-county-71639": {"city": "Lincoln County", "rent": 890, "zip": "71639"}, "lincoln-county-71643": {"city": "Lincoln County", "rent": 880, "zip": "71643"}, "lincoln-county-71644": {"city": "Lincoln County", "rent": 880, "zip": "71644"}, "lincoln-county-71655": {"city": "Lincoln County", "rent": 920, "zip": "71655"}, "lincoln-county-71667": {"city": "Lincoln County", "rent": 880, "zip": "71667"}, "lincoln-county-71675": {"city": "Lincoln County", "rent": 1010, "zip": "71675"}, "lincoln-county-71678": {"city": "Lincoln County", "rent": 880, "zip": "71678"}, "logan-county-72826": {"city": "Logan County", "rent": 1030, "zip": "72826"}, "logan-county-72834": {"city": "Logan County", "rent": 980, "zip": "72834"}, "logan-county-72835": {"city": "Logan County", "rent": 970, "zip": "72835"}, "logan-county-72842": {"city": "Logan County", "rent": 920, "zip": "72842"}, "logan-county-72851": {"city": "Logan County", "rent": 910, "zip": "72851"}, "logan-county-72855": {"city": "Logan County", "rent": 880, "zip": "72855"}, "logan-county-72863": {"city": "Logan County", "rent": 880, "zip": "72863"}, "logan-county-72865": {"city": "Logan County", "rent": 880, "zip": "72865"}, "logan-county-72927": {"city": "Logan County", "rent": 940, "zip": "72927"}, "logan-county-72928": {"city": "Logan County", "rent": 900, "zip": "72928"}, "logan-county-72933": {"city": "Logan County", "rent": 940, "zip": "72933"}, "logan-county-72943": {"city": "Logan County", "rent": 1030, "zip": "72943"}, "logan-county-72949": {"city": "Logan County", "rent": 890, "zip": "72949"}, "logan-county-72951": {"city": "Logan County", "rent": 880, "zip": "72951"}, "marion-county-65729": {"city": "Marion County", "rent": 890, "zip": "65729"}, "marion-county-65733": {"city": "Marion County", "rent": 1010, "zip": "65733"}, "marion-county-65761": {"city": "Marion County", "rent": 900, "zip": "65761"}, "marion-county-72601": {"city": "Marion County", "rent": 880, "zip": "72601"}, "marion-county-72619": {"city": "Marion County", "rent": 880, "zip": "72619"}, "marion-county-72633": {"city": "Marion County", "rent": 880, "zip": "72633"}, "marion-county-72634": {"city": "Marion County", "rent": 880, "zip": "72634"}, "marion-county-72639": {"city": "Marion County", "rent": 920, "zip": "72639"}, "marion-county-72644": {"city": "Marion County", "rent": 970, "zip": "72644"}, "marion-county-72653": {"city": "Marion County", "rent": 980, "zip": "72653"}, "marion-county-72661": {"city": "Marion County", "rent": 960, "zip": "72661"}, "marion-county-72668": {"city": "Marion County", "rent": 910, "zip": "72668"}, "marion-county-72672": {"city": "Marion County", "rent": 950, "zip": "72672"}, "marion-county-72675": {"city": "Marion County", "rent": 880, "zip": "72675"}, "marion-county-72677": {"city": "Marion County", "rent": 880, "zip": "72677"}, "marion-county-72682": {"city": "Marion County", "rent": 940, "zip": "72682"}, "marion-county-72687": {"city": "Marion County", "rent": 970, "zip": "72687"}, "mississippi-county-72310": {"city": "Mississippi County", "rent": 880, "zip": "72310"}, "mississippi-county-72313": {"city": "Mississippi County", "rent": 880, "zip": "72313"}, "mississippi-county-72315": {"city": "Mississippi County", "rent": 880, "zip": "72315"}, "mississippi-county-72316": {"city": "Mississippi County", "rent": 880, "zip": "72316"}, "mississippi-county-72321": {"city": "Mississippi County", "rent": 880, "zip": "72321"}, "mississippi-county-72329": {"city": "Mississippi County", "rent": 880, "zip": "72329"}, "mississippi-county-72330": {"city": "Mississippi County", "rent": 880, "zip": "72330"}, "mississippi-county-72338": {"city": "Mississippi County", "rent": 1060, "zip": "72338"}, "mississippi-county-72350": {"city": "Mississippi County", "rent": 880, "zip": "72350"}, "mississippi-county-72351": {"city": "Mississippi County", "rent": 880, "zip": "72351"}, "mississippi-county-72354": {"city": "Mississippi County", "rent": 940, "zip": "72354"}, "mississippi-county-72358": {"city": "Mississippi County", "rent": 880, "zip": "72358"}, "mississippi-county-72370": {"city": "Mississippi County", "rent": 940, "zip": "72370"}, "mississippi-county-72386": {"city": "Mississippi County", "rent": 1060, "zip": "72386"}, "mississippi-county-72391": {"city": "Mississippi County", "rent": 930, "zip": "72391"}, "mississippi-county-72395": {"city": "Mississippi County", "rent": 940, "zip": "72395"}, "mississippi-county-72419": {"city": "Mississippi County", "rent": 880, "zip": "72419"}, "mississippi-county-72426": {"city": "Mississippi County", "rent": 880, "zip": "72426"}, "mississippi-county-72428": {"city": "Mississippi County", "rent": 890, "zip": "72428"}, "mississippi-county-72438": {"city": "Mississippi County", "rent": 880, "zip": "72438"}, "mississippi-county-72442": {"city": "Mississippi County", "rent": 880, "zip": "72442"}, "monroe-county-72021": {"city": "Monroe County", "rent": 880, "zip": "72021"}, "monroe-county-72029": {"city": "Monroe County", "rent": 880, "zip": "72029"}, "monroe-county-72036": {"city": "Monroe County", "rent": 880, "zip": "72036"}, "monroe-county-72069": {"city": "Monroe County", "rent": 1060, "zip": "72069"}, "monroe-county-72108": {"city": "Monroe County", "rent": 890, "zip": "72108"}, "monroe-county-72134": {"city": "Monroe County", "rent": 960, "zip": "72134"}, "monroe-county-72366": {"city": "Monroe County", "rent": 880, "zip": "72366"}, "monroe-county-72368": {"city": "Monroe County", "rent": 890, "zip": "72368"}, "monroe-county-72392": {"city": "Monroe County", "rent": 880, "zip": "72392"}, "montgomery-county-71933": {"city": "Montgomery County", "rent": 940, "zip": "71933"}, "montgomery-county-71935": {"city": "Montgomery County", "rent": 900, "zip": "71935"}, "montgomery-county-71943": {"city": "Montgomery County", "rent": 900, "zip": "71943"}, "montgomery-county-71957": {"city": "Montgomery County", "rent": 880, "zip": "71957"}, "montgomery-county-71960": {"city": "Montgomery County", "rent": 900, "zip": "71960"}, "montgomery-county-71961": {"city": "Montgomery County", "rent": 920, "zip": "71961"}, "montgomery-county-71965": {"city": "Montgomery County", "rent": 880, "zip": "71965"}, "montgomery-county-71969": {"city": "Montgomery County", "rent": 880, "zip": "71969"}, "montgomery-county-71970": {"city": "Montgomery County", "rent": 880, "zip": "71970"}, "nevada-county-71722": {"city": "Nevada County", "rent": 910, "zip": "71722"}, "nevada-county-71726": {"city": "Nevada County", "rent": 880, "zip": "71726"}, "nevada-county-71752": {"city": "Nevada County", "rent": 880, "zip": "71752"}, "nevada-county-71764": {"city": "Nevada County", "rent": 880, "zip": "71764"}, "nevada-county-71770": {"city": "Nevada County", "rent": 950, "zip": "71770"}, "nevada-county-71827": {"city": "Nevada County", "rent": 920, "zip": "71827"}, "nevada-county-71828": {"city": "Nevada County", "rent": 910, "zip": "71828"}, "nevada-county-71835": {"city": "Nevada County", "rent": 880, "zip": "71835"}, "nevada-county-71857": {"city": "Nevada County", "rent": 920, "zip": "71857"}, "nevada-county-71858": {"city": "Nevada County", "rent": 900, "zip": "71858"}, "nevada-county-71860": {"city": "Nevada County", "rent": 880, "zip": "71860"}, "nevada-county-71864": {"city": "Nevada County", "rent": 950, "zip": "71864"}, "newton-county-72601": {"city": "Newton County", "rent": 880, "zip": "72601"}, "newton-county-72611": {"city": "Newton County", "rent": 1070, "zip": "72611"}, "newton-county-72624": {"city": "Newton County", "rent": 980, "zip": "72624"}, "newton-county-72628": {"city": "Newton County", "rent": 880, "zip": "72628"}, "newton-county-72638": {"city": "Newton County", "rent": 980, "zip": "72638"}, "newton-county-72640": {"city": "Newton County", "rent": 880, "zip": "72640"}, "newton-county-72641": {"city": "Newton County", "rent": 950, "zip": "72641"}, "newton-county-72648": {"city": "Newton County", "rent": 910, "zip": "72648"}, "newton-county-72655": {"city": "Newton County", "rent": 880, "zip": "72655"}, "newton-county-72666": {"city": "Newton County", "rent": 950, "zip": "72666"}, "newton-county-72670": {"city": "Newton County", "rent": 880, "zip": "72670"}, "newton-county-72683": {"city": "Newton County", "rent": 880, "zip": "72683"}, "newton-county-72685": {"city": "Newton County", "rent": 880, "zip": "72685"}, "newton-county-72742": {"city": "Newton County", "rent": 1000, "zip": "72742"}, "newton-county-72752": {"city": "Newton County", "rent": 920, "zip": "72752"}, "newton-county-72852": {"city": "Newton County", "rent": 910, "zip": "72852"}, "newton-county-72854": {"city": "Newton County", "rent": 880, "zip": "72854"}, "newton-county-72856": {"city": "Newton County", "rent": 890, "zip": "72856"}, "ouachita-county-71701": {"city": "Ouachita County", "rent": 900, "zip": "71701"}, "ouachita-county-71720": {"city": "Ouachita County", "rent": 880, "zip": "71720"}, "ouachita-county-71726": {"city": "Ouachita County", "rent": 880, "zip": "71726"}, "ouachita-county-71751": {"city": "Ouachita County", "rent": 940, "zip": "71751"}, "ouachita-county-71762": {"city": "Ouachita County", "rent": 990, "zip": "71762"}, "ouachita-county-71763": {"city": "Ouachita County", "rent": 880, "zip": "71763"}, "ouachita-county-71764": {"city": "Ouachita County", "rent": 880, "zip": "71764"}, "ouachita-county-71857": {"city": "Ouachita County", "rent": 920, "zip": "71857"}, "phillips-county-72069": {"city": "Phillips County", "rent": 1060, "zip": "72069"}, "phillips-county-72312": {"city": "Phillips County", "rent": 880, "zip": "72312"}, "phillips-county-72328": {"city": "Phillips County", "rent": 880, "zip": "72328"}, "phillips-county-72333": {"city": "Phillips County", "rent": 880, "zip": "72333"}, "phillips-county-72342": {"city": "Phillips County", "rent": 970, "zip": "72342"}, "phillips-county-72353": {"city": "Phillips County", "rent": 880, "zip": "72353"}, "phillips-county-72355": {"city": "Phillips County", "rent": 950, "zip": "72355"}, "phillips-county-72360": {"city": "Phillips County", "rent": 890, "zip": "72360"}, "phillips-county-72366": {"city": "Phillips County", "rent": 880, "zip": "72366"}, "phillips-county-72367": {"city": "Phillips County", "rent": 880, "zip": "72367"}, "phillips-county-72369": {"city": "Phillips County", "rent": 880, "zip": "72369"}, "phillips-county-72374": {"city": "Phillips County", "rent": 910, "zip": "72374"}, "phillips-county-72383": {"city": "Phillips County", "rent": 960, "zip": "72383"}, "phillips-county-72389": {"city": "Phillips County", "rent": 910, "zip": "72389"}, "phillips-county-72390": {"city": "Phillips County", "rent": 880, "zip": "72390"}, "pike-county-71852": {"city": "Pike County", "rent": 880, "zip": "71852"}, "pike-county-71921": {"city": "Pike County", "rent": 930, "zip": "71921"}, "pike-county-71922": {"city": "Pike County", "rent": 880, "zip": "71922"}, "pike-county-71935": {"city": "Pike County", "rent": 900, "zip": "71935"}, "pike-county-71940": {"city": "Pike County", "rent": 880, "zip": "71940"}, "pike-county-71943": {"city": "Pike County", "rent": 900, "zip": "71943"}, "pike-county-71950": {"city": "Pike County", "rent": 910, "zip": "71950"}, "pike-county-71952": {"city": "Pike County", "rent": 880, "zip": "71952"}, "pike-county-71958": {"city": "Pike County", "rent": 880, "zip": "71958"}, "pike-county-71959": {"city": "Pike County", "rent": 920, "zip": "71959"}, "pike-county-71971": {"city": "Pike County", "rent": 950, "zip": "71971"}, "polk-county-71841": {"city": "Polk County", "rent": 1080, "zip": "71841"}, "polk-county-71932": {"city": "Polk County", "rent": 900, "zip": "71932"}, "polk-county-71937": {"city": "Polk County", "rent": 940, "zip": "71937"}, "polk-county-71944": {"city": "Polk County", "rent": 1100, "zip": "71944"}, "polk-county-71945": {"city": "Polk County", "rent": 880, "zip": "71945"}, "polk-county-71953": {"city": "Polk County", "rent": 950, "zip": "71953"}, "polk-county-71972": {"city": "Polk County", "rent": 950, "zip": "71972"}, "polk-county-71973": {"city": "Polk County", "rent": 880, "zip": "71973"}, "pope-county-72063": {"city": "Pope County", "rent": 880, "zip": "72063"}, "pope-county-72080": {"city": "Pope County", "rent": 930, "zip": "72080"}, "pope-county-72679": {"city": "Pope County", "rent": 900, "zip": "72679"}, "pope-county-72686": {"city": "Pope County", "rent": 930, "zip": "72686"}, "pope-county-72801": {"city": "Pope County", "rent": 910, "zip": "72801"}, "pope-county-72802": {"city": "Pope County", "rent": 1000, "zip": "72802"}, "pope-county-72811": {"city": "Pope County", "rent": 940, "zip": "72811"}, "pope-county-72812": {"city": "Pope County", "rent": 940, "zip": "72812"}, "pope-county-72823": {"city": "Pope County", "rent": 970, "zip": "72823"}, "pope-county-72837": {"city": "Pope County", "rent": 970, "zip": "72837"}, "pope-county-72839": {"city": "Pope County", "rent": 880, "zip": "72839"}, "pope-county-72843": {"city": "Pope County", "rent": 980, "zip": "72843"}, "pope-county-72846": {"city": "Pope County", "rent": 890, "zip": "72846"}, "pope-county-72847": {"city": "Pope County", "rent": 1000, "zip": "72847"}, "pope-county-72856": {"city": "Pope County", "rent": 890, "zip": "72856"}, "pope-county-72858": {"city": "Pope County", "rent": 980, "zip": "72858"}, "prairie-county-72017": {"city": "Prairie County", "rent": 880, "zip": "72017"}, "prairie-county-72024": {"city": "Prairie County", "rent": 930, "zip": "72024"}, "prairie-county-72040": {"city": "Prairie County", "rent": 880, "zip": "72040"}, "prairie-county-72041": {"city": "Prairie County", "rent": 910, "zip": "72041"}, "prairie-county-72060": {"city": "Prairie County", "rent": 880, "zip": "72060"}, "prairie-county-72064": {"city": "Prairie County", "rent": 1010, "zip": "72064"}, "prairie-county-72066": {"city": "Prairie County", "rent": 970, "zip": "72066"}, "prairie-county-72086": {"city": "Prairie County", "rent": 1100, "zip": "72086"}, "prairie-county-72134": {"city": "Prairie County", "rent": 960, "zip": "72134"}, "prairie-county-72160": {"city": "Prairie County", "rent": 930, "zip": "72160"}, "prairie-county-72170": {"city": "Prairie County", "rent": 930, "zip": "72170"}, "prairie-county-72176": {"city": "Prairie County", "rent": 1150, "zip": "72176"}, "randolph-county-72413": {"city": "Randolph County", "rent": 880, "zip": "72413"}, "randolph-county-72422": {"city": "Randolph County", "rent": 880, "zip": "72422"}, "randolph-county-72425": {"city": "Randolph County", "rent": 900, "zip": "72425"}, "randolph-county-72434": {"city": "Randolph County", "rent": 880, "zip": "72434"}, "randolph-county-72444": {"city": "Randolph County", "rent": 880, "zip": "72444"}, "randolph-county-72449": {"city": "Randolph County", "rent": 890, "zip": "72449"}, "randolph-county-72455": {"city": "Randolph County", "rent": 930, "zip": "72455"}, "randolph-county-72459": {"city": "Randolph County", "rent": 880, "zip": "72459"}, "randolph-county-72460": {"city": "Randolph County", "rent": 880, "zip": "72460"}, "randolph-county-72462": {"city": "Randolph County", "rent": 880, "zip": "72462"}, "randolph-county-72476": {"city": "Randolph County", "rent": 890, "zip": "72476"}, "randolph-county-72478": {"city": "Randolph County", "rent": 910, "zip": "72478"}, "randolph-county-72554": {"city": "Randolph County", "rent": 900, "zip": "72554"}, "st.-francis-county-72021": {"city": "St. Francis County", "rent": 880, "zip": "72021"}, "st.-francis-county-72322": {"city": "St. Francis County", "rent": 890, "zip": "72322"}, "st.-francis-county-72326": {"city": "St. Francis County", "rent": 880, "zip": "72326"}, "st.-francis-county-72335": {"city": "St. Francis County", "rent": 940, "zip": "72335"}, "st.-francis-county-72340": {"city": "St. Francis County", "rent": 880, "zip": "72340"}, "st.-francis-county-72346": {"city": "St. Francis County", "rent": 1060, "zip": "72346"}, "st.-francis-county-72348": {"city": "St. Francis County", "rent": 1060, "zip": "72348"}, "st.-francis-county-72359": {"city": "St. Francis County", "rent": 940, "zip": "72359"}, "st.-francis-county-72360": {"city": "St. Francis County", "rent": 890, "zip": "72360"}, "st.-francis-county-72368": {"city": "St. Francis County", "rent": 890, "zip": "72368"}, "st.-francis-county-72372": {"city": "St. Francis County", "rent": 880, "zip": "72372"}, "st.-francis-county-72376": {"city": "St. Francis County", "rent": 1060, "zip": "72376"}, "st.-francis-county-72392": {"city": "St. Francis County", "rent": 880, "zip": "72392"}, "st.-francis-county-72394": {"city": "St. Francis County", "rent": 920, "zip": "72394"}, "st.-francis-county-72396": {"city": "St. Francis County", "rent": 880, "zip": "72396"}, "scott-county-71953": {"city": "Scott County", "rent": 950, "zip": "71953"}, "scott-county-72833": {"city": "Scott County", "rent": 880, "zip": "72833"}, "scott-county-72838": {"city": "Scott County", "rent": 880, "zip": "72838"}, "scott-county-72841": {"city": "Scott County", "rent": 880, "zip": "72841"}, "scott-county-72926": {"city": "Scott County", "rent": 1020, "zip": "72926"}, "scott-county-72927": {"city": "Scott County", "rent": 940, "zip": "72927"}, "scott-county-72944": {"city": "Scott County", "rent": 940, "zip": "72944"}, "scott-county-72950": {"city": "Scott County", "rent": 960, "zip": "72950"}, "scott-county-72958": {"city": "Scott County", "rent": 880, "zip": "72958"}, "searcy-county-72617": {"city": "Searcy County", "rent": 890, "zip": "72617"}, "searcy-county-72629": {"city": "Searcy County", "rent": 890, "zip": "72629"}, "searcy-county-72633": {"city": "Searcy County", "rent": 880, "zip": "72633"}, "searcy-county-72636": {"city": "Searcy County", "rent": 880, "zip": "72636"}, "searcy-county-72639": {"city": "Searcy County", "rent": 920, "zip": "72639"}, "searcy-county-72645": {"city": "Searcy County", "rent": 880, "zip": "72645"}, "searcy-county-72650": {"city": "Searcy County", "rent": 880, "zip": "72650"}, "searcy-county-72669": {"city": "Searcy County", "rent": 880, "zip": "72669"}, "searcy-county-72675": {"city": "Searcy County", "rent": 880, "zip": "72675"}, "searcy-county-72679": {"city": "Searcy County", "rent": 900, "zip": "72679"}, "searcy-county-72680": {"city": "Searcy County", "rent": 1200, "zip": "72680"}, "searcy-county-72685": {"city": "Searcy County", "rent": 880, "zip": "72685"}, "searcy-county-72686": {"city": "Searcy County", "rent": 930, "zip": "72686"}, "searcy-county-72687": {"city": "Searcy County", "rent": 970, "zip": "72687"}, "sevier-county-71823": {"city": "Sevier County", "rent": 880, "zip": "71823"}, "sevier-county-71832": {"city": "Sevier County", "rent": 880, "zip": "71832"}, "sevier-county-71833": {"city": "Sevier County", "rent": 880, "zip": "71833"}, "sevier-county-71841": {"city": "Sevier County", "rent": 1080, "zip": "71841"}, "sevier-county-71842": {"city": "Sevier County", "rent": 1070, "zip": "71842"}, "sevier-county-71846": {"city": "Sevier County", "rent": 880, "zip": "71846"}, "sharp-county-72459": {"city": "Sharp County", "rent": 880, "zip": "72459"}, "sharp-county-72466": {"city": "Sharp County", "rent": 880, "zip": "72466"}, "sharp-county-72469": {"city": "Sharp County", "rent": 1020, "zip": "72469"}, "sharp-county-72482": {"city": "Sharp County", "rent": 920, "zip": "72482"}, "sharp-county-72513": {"city": "Sharp County", "rent": 970, "zip": "72513"}, "sharp-county-72521": {"city": "Sharp County", "rent": 910, "zip": "72521"}, "sharp-county-72529": {"city": "Sharp County", "rent": 1090, "zip": "72529"}, "sharp-county-72532": {"city": "Sharp County", "rent": 880, "zip": "72532"}, "sharp-county-72542": {"city": "Sharp County", "rent": 880, "zip": "72542"}, "sharp-county-72554": {"city": "Sharp County", "rent": 900, "zip": "72554"}, "sharp-county-72569": {"city": "Sharp County", "rent": 890, "zip": "72569"}, "sharp-county-72577": {"city": "Sharp County", "rent": 900, "zip": "72577"}, "sharp-county-72579": {"city": "Sharp County", "rent": 880, "zip": "72579"}, "stone-county-72031": {"city": "Stone County", "rent": 890, "zip": "72031"}, "stone-county-72044": {"city": "Stone County", "rent": 880, "zip": "72044"}, "stone-county-72051": {"city": "Stone County", "rent": 940, "zip": "72051"}, "stone-county-72153": {"city": "Stone County", "rent": 880, "zip": "72153"}, "stone-county-72519": {"city": "Stone County", "rent": 890, "zip": "72519"}, "stone-county-72530": {"city": "Stone County", "rent": 960, "zip": "72530"}, "stone-county-72533": {"city": "Stone County", "rent": 900, "zip": "72533"}, "stone-county-72550": {"city": "Stone County", "rent": 890, "zip": "72550"}, "stone-county-72555": {"city": "Stone County", "rent": 890, "zip": "72555"}, "stone-county-72556": {"city": "Stone County", "rent": 890, "zip": "72556"}, "stone-county-72560": {"city": "Stone County", "rent": 880, "zip": "72560"}, "stone-county-72567": {"city": "Stone County", "rent": 880, "zip": "72567"}, "stone-county-72617": {"city": "Stone County", "rent": 890, "zip": "72617"}, "stone-county-72645": {"city": "Stone County", "rent": 880, "zip": "72645"}, "stone-county-72650": {"city": "Stone County", "rent": 880, "zip": "72650"}, "stone-county-72657": {"city": "Stone County", "rent": 910, "zip": "72657"}, "stone-county-72663": {"city": "Stone County", "rent": 1030, "zip": "72663"}, "stone-county-72680": {"city": "Stone County", "rent": 1200, "zip": "72680"}, "union-county-71724": {"city": "Union County", "rent": 950, "zip": "71724"}, "union-county-71730": {"city": "Union County", "rent": 920, "zip": "71730"}, "union-county-71731": {"city": "Union County", "rent": 920, "zip": "71731"}, "union-county-71747": {"city": "Union County", "rent": 880, "zip": "71747"}, "union-county-71749": {"city": "Union County", "rent": 900, "zip": "71749"}, "union-county-71750": {"city": "Union County", "rent": 920, "zip": "71750"}, "union-county-71753": {"city": "Union County", "rent": 900, "zip": "71753"}, "union-county-71758": {"city": "Union County", "rent": 930, "zip": "71758"}, "union-county-71759": {"city": "Union County", "rent": 920, "zip": "71759"}, "union-county-71762": {"city": "Union County", "rent": 990, "zip": "71762"}, "union-county-71764": {"city": "Union County", "rent": 880, "zip": "71764"}, "union-county-71765": {"city": "Union County", "rent": 880, "zip": "71765"}, "van-buren-county-72013": {"city": "Van Buren County", "rent": 990, "zip": "72013"}, "van-buren-county-72028": {"city": "Van Buren County", "rent": 890, "zip": "72028"}, "van-buren-county-72030": {"city": "Van Buren County", "rent": 880, "zip": "72030"}, "van-buren-county-72031": {"city": "Van Buren County", "rent": 890, "zip": "72031"}, "van-buren-county-72039": {"city": "Van Buren County", "rent": 1140, "zip": "72039"}, "van-buren-county-72067": {"city": "Van Buren County", "rent": 880, "zip": "72067"}, "van-buren-county-72080": {"city": "Van Buren County", "rent": 930, "zip": "72080"}, "van-buren-county-72088": {"city": "Van Buren County", "rent": 880, "zip": "72088"}, "van-buren-county-72131": {"city": "Van Buren County", "rent": 1010, "zip": "72131"}, "van-buren-county-72141": {"city": "Van Buren County", "rent": 880, "zip": "72141"}, "van-buren-county-72153": {"city": "Van Buren County", "rent": 880, "zip": "72153"}, "van-buren-county-72629": {"city": "Van Buren County", "rent": 890, "zip": "72629"}, "van-buren-county-72645": {"city": "Van Buren County", "rent": 880, "zip": "72645"}, "van-buren-county-72679": {"city": "Van Buren County", "rent": 900, "zip": "72679"}, "white-county-72010": {"city": "White County", "rent": 890, "zip": "72010"}, "white-county-72012": {"city": "White County", "rent": 880, "zip": "72012"}, "white-county-72020": {"city": "White County", "rent": 880, "zip": "72020"}, "white-county-72045": {"city": "White County", "rent": 1080, "zip": "72045"}, "white-county-72052": {"city": "White County", "rent": 910, "zip": "72052"}, "white-county-72060": {"city": "White County", "rent": 880, "zip": "72060"}, "white-county-72068": {"city": "White County", "rent": 880, "zip": "72068"}, "white-county-72081": {"city": "White County", "rent": 880, "zip": "72081"}, "white-county-72082": {"city": "White County", "rent": 880, "zip": "72082"}, "white-county-72085": {"city": "White County", "rent": 910, "zip": "72085"}, "white-county-72102": {"city": "White County", "rent": 880, "zip": "72102"}, "white-county-72111": {"city": "White County", "rent": 930, "zip": "72111"}, "white-county-72121": {"city": "White County", "rent": 880, "zip": "72121"}, "white-county-72136": {"city": "White County", "rent": 920, "zip": "72136"}, "white-county-72137": {"city": "White County", "rent": 910, "zip": "72137"}, "white-county-72139": {"city": "White County", "rent": 890, "zip": "72139"}, "white-county-72143": {"city": "White County", "rent": 910, "zip": "72143"}, "white-county-72145": {"city": "White County", "rent": 880, "zip": "72145"}, "white-county-72173": {"city": "White County", "rent": 1120, "zip": "72173"}, "white-county-72178": {"city": "White County", "rent": 910, "zip": "72178"}, "white-county-72568": {"city": "White County", "rent": 1040, "zip": "72568"}, "woodruff-county-72006": {"city": "Woodruff County", "rent": 880, "zip": "72006"}, "woodruff-county-72021": {"city": "Woodruff County", "rent": 880, "zip": "72021"}, "woodruff-county-72036": {"city": "Woodruff County", "rent": 880, "zip": "72036"}, "woodruff-county-72040": {"city": "Woodruff County", "rent": 880, "zip": "72040"}, "woodruff-county-72059": {"city": "Woodruff County", "rent": 880, "zip": "72059"}, "woodruff-county-72074": {"city": "Woodruff County", "rent": 900, "zip": "72074"}, "woodruff-county-72101": {"city": "Woodruff County", "rent": 910, "zip": "72101"}, "woodruff-county-72112": {"city": "Woodruff County", "rent": 880, "zip": "72112"}, "woodruff-county-72123": {"city": "Woodruff County", "rent": 960, "zip": "72123"}, "woodruff-county-72392": {"city": "Woodruff County", "rent": 880, "zip": "72392"}, "woodruff-county-72396": {"city": "Woodruff County", "rent": 880, "zip": "72396"}, "yell-county-72025": {"city": "Yell County", "rent": 930, "zip": "72025"}, "yell-county-72824": {"city": "Yell County", "rent": 970, "zip": "72824"}, "yell-county-72827": {"city": "Yell County", "rent": 880, "zip": "72827"}, "yell-county-72828": {"city": "Yell County", "rent": 880, "zip": "72828"}, "yell-county-72829": {"city": "Yell County", "rent": 880, "zip": "72829"}, "yell-county-72833": {"city": "Yell County", "rent": 880, "zip": "72833"}, "yell-county-72834": {"city": "Yell County", "rent": 980, "zip": "72834"}, "yell-county-72838": {"city": "Yell County", "rent": 880, "zip": "72838"}, "yell-county-72841": {"city": "Yell County", "rent": 880, "zip": "72841"}, "yell-county-72842": {"city": "Yell County", "rent": 920, "zip": "72842"}, "yell-county-72853": {"city": "Yell County", "rent": 930, "zip": "72853"}, "yell-county-72857": {"city": "Yell County", "rent": 930, "zip": "72857"}, "yell-county-72860": {"city": "Yell County", "rent": 880, "zip": "72860"}, "yell-county-72943": {"city": "Yell County", "rent": 1030, "zip": "72943"}}