{"boulder-80020": {"city": "Boulder", "rent": 2360, "zip": "80020"}, "boulder-80025": {"city": "Boulder", "rent": 2260, "zip": "80025"}, "boulder-80026": {"city": "Boulder", "rent": 2220, "zip": "80026"}, "boulder-80027": {"city": "Boulder", "rent": 2450, "zip": "80027"}, "boulder-80301": {"city": "Boulder", "rent": 2280, "zip": "80301"}, "boulder-80302": {"city": "Boulder", "rent": 2260, "zip": "80302"}, "boulder-80303": {"city": "Boulder", "rent": 2300, "zip": "80303"}, "boulder-80304": {"city": "Boulder", "rent": 2320, "zip": "80304"}, "boulder-80305": {"city": "Boulder", "rent": 2510, "zip": "80305"}, "boulder-80306": {"city": "Boulder", "rent": 2120, "zip": "80306"}, "boulder-80307": {"city": "Boulder", "rent": 2120, "zip": "80307"}, "boulder-80308": {"city": "Boulder", "rent": 2120, "zip": "80308"}, "boulder-80309": {"city": "Boulder", "rent": 2120, "zip": "80309"}, "boulder-80310": {"city": "Boulder", "rent": 2290, "zip": "80310"}, "boulder-80403": {"city": "Boulder", "rent": 2230, "zip": "80403"}, "boulder-80422": {"city": "Boulder", "rent": 1930, "zip": "80422"}, "boulder-80455": {"city": "Boulder", "rent": 2240, "zip": "80455"}, "boulder-80466": {"city": "Boulder", "rent": 1930, "zip": "80466"}, "boulder-80471": {"city": "Boulder", "rent": 2120, "zip": "80471"}, "boulder-80474": {"city": "Boulder", "rent": 1930, "zip": "80474"}, "boulder-80481": {"city": "Boulder", "rent": 1990, "zip": "80481"}, "boulder-80501": {"city": "Boulder", "rent": 1860, "zip": "80501"}, "boulder-80502": {"city": "Boulder", "rent": 2120, "zip": "80502"}, "boulder-80503": {"city": "Boulder", "rent": 2080, "zip": "80503"}, "boulder-80504": {"city": "Boulder", "rent": 2050, "zip": "80504"}, "boulder-80510": {"city": "Boulder", "rent": 2010, "zip": "80510"}, "boulder-80513": {"city": "Boulder", "rent": 1860, "zip": "80513"}, "boulder-80516": {"city": "Boulder", "rent": 2610, "zip": "80516"}, "boulder-80533": {"city": "Boulder", "rent": 2120, "zip": "80533"}, "boulder-80540": {"city": "Boulder", "rent": 2290, "zip": "80540"}, "boulder-80544": {"city": "Boulder", "rent": 2120, "zip": "80544"}, "colorado-springs-80106": {"city": "Colorado Springs", "rent": 1350, "zip": "80106"}, "colorado-springs-80118": {"city": "Colorado Springs", "rent": 2390, "zip": "80118"}, "colorado-springs-80132": {"city": "Colorado Springs", "rent": 2320, "zip": "80132"}, "colorado-springs-80133": {"city": "Colorado Springs", "rent": 1810, "zip": "80133"}, "colorado-springs-80808": {"city": "Colorado Springs", "rent": 1130, "zip": "80808"}, "colorado-springs-80809": {"city": "Colorado Springs", "rent": 2010, "zip": "80809"}, "colorado-springs-80817": {"city": "Colorado Springs", "rent": 1940, "zip": "80817"}, "colorado-springs-80819": {"city": "Colorado Springs", "rent": 1530, "zip": "80819"}, "colorado-springs-80829": {"city": "Colorado Springs", "rent": 1290, "zip": "80829"}, "colorado-springs-80831": {"city": "Colorado Springs", "rent": 2530, "zip": "80831"}, "colorado-springs-80832": {"city": "Colorado Springs", "rent": 1190, "zip": "80832"}, "colorado-springs-80833": {"city": "Colorado Springs", "rent": 1120, "zip": "80833"}, "colorado-springs-80835": {"city": "Colorado Springs", "rent": 1440, "zip": "80835"}, "colorado-springs-80840": {"city": "Colorado Springs", "rent": 2320, "zip": "80840"}, "colorado-springs-80841": {"city": "Colorado Springs", "rent": 1740, "zip": "80841"}, "colorado-springs-80863": {"city": "Colorado Springs", "rent": 1620, "zip": "80863"}, "colorado-springs-80864": {"city": "Colorado Springs", "rent": 1610, "zip": "80864"}, "colorado-springs-80901": {"city": "Colorado Springs", "rent": 1740, "zip": "80901"}, "colorado-springs-80902": {"city": "Colorado Springs", "rent": 2200, "zip": "80902"}, "colorado-springs-80903": {"city": "Colorado Springs", "rent": 1620, "zip": "80903"}, "colorado-springs-80904": {"city": "Colorado Springs", "rent": 1530, "zip": "80904"}, "colorado-springs-80905": {"city": "Colorado Springs", "rent": 1540, "zip": "80905"}, "colorado-springs-80906": {"city": "Colorado Springs", "rent": 1880, "zip": "80906"}, "colorado-springs-80907": {"city": "Colorado Springs", "rent": 1430, "zip": "80907"}, "colorado-springs-80908": {"city": "Colorado Springs", "rent": 1900, "zip": "80908"}, "colorado-springs-80909": {"city": "Colorado Springs", "rent": 1500, "zip": "80909"}, "colorado-springs-80910": {"city": "Colorado Springs", "rent": 1590, "zip": "80910"}, "colorado-springs-80911": {"city": "Colorado Springs", "rent": 1810, "zip": "80911"}, "colorado-springs-80912": {"city": "Colorado Springs", "rent": 1740, "zip": "80912"}, "colorado-springs-80913": {"city": "Colorado Springs", "rent": 2080, "zip": "80913"}, "colorado-springs-80914": {"city": "Colorado Springs", "rent": 2110, "zip": "80914"}, "colorado-springs-80915": {"city": "Colorado Springs", "rent": 1570, "zip": "80915"}, "colorado-springs-80916": {"city": "Colorado Springs", "rent": 1650, "zip": "80916"}, "colorado-springs-80917": {"city": "Colorado Springs", "rent": 1550, "zip": "80917"}, "colorado-springs-80918": {"city": "Colorado Springs", "rent": 1790, "zip": "80918"}, "colorado-springs-80919": {"city": "Colorado Springs", "rent": 1910, "zip": "80919"}, "colorado-springs-80920": {"city": "Colorado Springs", "rent": 2150, "zip": "80920"}, "colorado-springs-80921": {"city": "Colorado Springs", "rent": 2310, "zip": "80921"}, "colorado-springs-80922": {"city": "Colorado Springs", "rent": 2130, "zip": "80922"}, "colorado-springs-80923": {"city": "Colorado Springs", "rent": 2140, "zip": "80923"}, "colorado-springs-80924": {"city": "Colorado Springs", "rent": 2400, "zip": "80924"}, "colorado-springs-80925": {"city": "Colorado Springs", "rent": 2430, "zip": "80925"}, "colorado-springs-80926": {"city": "Colorado Springs", "rent": 1710, "zip": "80926"}, "colorado-springs-80927": {"city": "Colorado Springs", "rent": 2600, "zip": "80927"}, "colorado-springs-80928": {"city": "Colorado Springs", "rent": 1820, "zip": "80928"}, "colorado-springs-80929": {"city": "Colorado Springs", "rent": 2270, "zip": "80929"}, "colorado-springs-80930": {"city": "Colorado Springs", "rent": 2170, "zip": "80930"}, "colorado-springs-80931": {"city": "Colorado Springs", "rent": 1740, "zip": "80931"}, "colorado-springs-80932": {"city": "Colorado Springs", "rent": 1740, "zip": "80932"}, "colorado-springs-80933": {"city": "Colorado Springs", "rent": 1740, "zip": "80933"}, "colorado-springs-80934": {"city": "Colorado Springs", "rent": 1740, "zip": "80934"}, "colorado-springs-80935": {"city": "Colorado Springs", "rent": 1740, "zip": "80935"}, "colorado-springs-80936": {"city": "Colorado Springs", "rent": 1740, "zip": "80936"}, "colorado-springs-80937": {"city": "Colorado Springs", "rent": 1740, "zip": "80937"}, "colorado-springs-80938": {"city": "Colorado Springs", "rent": 2390, "zip": "80938"}, "colorado-springs-80939": {"city": "Colorado Springs", "rent": 1740, "zip": "80939"}, "colorado-springs-80949": {"city": "Colorado Springs", "rent": 1740, "zip": "80949"}, "colorado-springs-80951": {"city": "Colorado Springs", "rent": 2320, "zip": "80951"}, "colorado-springs-80960": {"city": "Colorado Springs", "rent": 1740, "zip": "80960"}, "colorado-springs-80962": {"city": "Colorado Springs", "rent": 1740, "zip": "80962"}, "colorado-springs-80970": {"city": "Colorado Springs", "rent": 1740, "zip": "80970"}, "colorado-springs-81008": {"city": "Colorado Springs", "rent": 1650, "zip": "81008"}, "teller-county-80135": {"city": "Teller County", "rent": 2100, "zip": "80135"}, "teller-county-80813": {"city": "Teller County", "rent": 1320, "zip": "80813"}, "teller-county-80814": {"city": "Teller County", "rent": 1430, "zip": "80814"}, "teller-county-80816": {"city": "Teller County", "rent": 1930, "zip": "80816"}, "teller-county-80819": {"city": "Teller County", "rent": 1530, "zip": "80819"}, "teller-county-80827": {"city": "Teller County", "rent": 1930, "zip": "80827"}, "teller-county-80860": {"city": "Teller County", "rent": 1320, "zip": "80860"}, "teller-county-80863": {"city": "Teller County", "rent": 1620, "zip": "80863"}, "teller-county-80866": {"city": "Teller County", "rent": 1490, "zip": "80866"}, "teller-county-80906": {"city": "Teller County", "rent": 1880, "zip": "80906"}, "denver-aurora-centennial-80001": {"city": "Denver-Aurora-Centennial", "rent": 2060, "zip": "80001"}, "denver-aurora-centennial-80002": {"city": "Denver-Aurora-Centennial", "rent": 1930, "zip": "80002"}, "denver-aurora-centennial-80003": {"city": "Denver-Aurora-Centennial", "rent": 1960, "zip": "80003"}, "denver-aurora-centennial-80004": {"city": "Denver-Aurora-Centennial", "rent": 1940, "zip": "80004"}, "denver-aurora-centennial-80005": {"city": "Denver-Aurora-Centennial", "rent": 2380, "zip": "80005"}, "denver-aurora-centennial-80006": {"city": "Denver-Aurora-Centennial", "rent": 2060, "zip": "80006"}, "denver-aurora-centennial-80007": {"city": "Denver-Aurora-Centennial", "rent": 3040, "zip": "80007"}, "denver-aurora-centennial-80010": {"city": "Denver-Aurora-Centennial", "rent": 1930, "zip": "80010"}, "denver-aurora-centennial-80011": {"city": "Denver-Aurora-Centennial", "rent": 1950, "zip": "80011"}, "denver-aurora-centennial-80012": {"city": "Denver-Aurora-Centennial", "rent": 2060, "zip": "80012"}, "denver-aurora-centennial-80013": {"city": "Denver-Aurora-Centennial", "rent": 2280, "zip": "80013"}, "denver-aurora-centennial-80014": {"city": "Denver-Aurora-Centennial", "rent": 2220, "zip": "80014"}, "denver-aurora-centennial-80015": {"city": "Denver-Aurora-Centennial", "rent": 2470, "zip": "80015"}, "denver-aurora-centennial-80016": {"city": "Denver-Aurora-Centennial", "rent": 2390, "zip": "80016"}, "denver-aurora-centennial-80017": {"city": "Denver-Aurora-Centennial", "rent": 1960, "zip": "80017"}, "denver-aurora-centennial-80018": {"city": "Denver-Aurora-Centennial", "rent": 2710, "zip": "80018"}, "denver-aurora-centennial-80019": {"city": "Denver-Aurora-Centennial", "rent": 1930, "zip": "80019"}, "denver-aurora-centennial-80020": {"city": "Denver-Aurora-Centennial", "rent": 2360, "zip": "80020"}, "denver-aurora-centennial-80021": {"city": "Denver-Aurora-Centennial", "rent": 2490, "zip": "80021"}, "denver-aurora-centennial-80022": {"city": "Denver-Aurora-Centennial", "rent": 1930, "zip": "80022"}, "denver-aurora-centennial-80023": {"city": "Denver-Aurora-Centennial", "rent": 2410, "zip": "80023"}, "denver-aurora-centennial-80024": {"city": "Denver-Aurora-Centennial", "rent": 1930, "zip": "80024"}, "denver-aurora-centennial-80026": {"city": "Denver-Aurora-Centennial", "rent": 2220, "zip": "80026"}, "denver-aurora-centennial-80027": {"city": "Denver-Aurora-Centennial", "rent": 2450, "zip": "80027"}, "denver-aurora-centennial-80030": {"city": "Denver-Aurora-Centennial", "rent": 1930, "zip": "80030"}, "denver-aurora-centennial-80031": {"city": "Denver-Aurora-Centennial", "rent": 2180, "zip": "80031"}, "denver-aurora-centennial-80033": {"city": "Denver-Aurora-Centennial", "rent": 1930, "zip": "80033"}, "denver-aurora-centennial-80034": {"city": "Denver-Aurora-Centennial", "rent": 2060, "zip": "80034"}, "denver-aurora-centennial-80035": {"city": "Denver-Aurora-Centennial", "rent": 1980, "zip": "80035"}, "denver-aurora-centennial-80036": {"city": "Denver-Aurora-Centennial", "rent": 1980, "zip": "80036"}, "denver-aurora-centennial-80037": {"city": "Denver-Aurora-Centennial", "rent": 1980, "zip": "80037"}, "denver-aurora-centennial-80038": {"city": "Denver-Aurora-Centennial", "rent": 2350, "zip": "80038"}, "denver-aurora-centennial-80040": {"city": "Denver-Aurora-Centennial", "rent": 1980, "zip": "80040"}, "denver-aurora-centennial-80041": {"city": "Denver-Aurora-Centennial", "rent": 2080, "zip": "80041"}, "denver-aurora-centennial-80042": {"city": "Denver-Aurora-Centennial", "rent": 1980, "zip": "80042"}, "denver-aurora-centennial-80044": {"city": "Denver-Aurora-Centennial", "rent": 2080, "zip": "80044"}, "denver-aurora-centennial-80045": {"city": "Denver-Aurora-Centennial", "rent": 2340, "zip": "80045"}, "denver-aurora-centennial-80046": {"city": "Denver-Aurora-Centennial", "rent": 2080, "zip": "80046"}, "denver-aurora-centennial-80047": {"city": "Denver-Aurora-Centennial", "rent": 2080, "zip": "80047"}, "denver-aurora-centennial-80101": {"city": "Denver-Aurora-Centennial", "rent": 1930, "zip": "80101"}, "denver-aurora-centennial-80102": {"city": "Denver-Aurora-Centennial", "rent": 1930, "zip": "80102"}, "denver-aurora-centennial-80103": {"city": "Denver-Aurora-Centennial", "rent": 1930, "zip": "80103"}, "denver-aurora-centennial-80104": {"city": "Denver-Aurora-Centennial", "rent": 2170, "zip": "80104"}, "denver-aurora-centennial-80105": {"city": "Denver-Aurora-Centennial", "rent": 1930, "zip": "80105"}, "denver-aurora-centennial-80106": {"city": "Denver-Aurora-Centennial", "rent": 1350, "zip": "80106"}, "denver-aurora-centennial-80107": {"city": "Denver-Aurora-Centennial", "rent": 2110, "zip": "80107"}, "denver-aurora-centennial-80108": {"city": "Denver-Aurora-Centennial", "rent": 2280, "zip": "80108"}, "denver-aurora-centennial-80109": {"city": "Denver-Aurora-Centennial", "rent": 2550, "zip": "80109"}, "denver-aurora-centennial-80110": {"city": "Denver-Aurora-Centennial", "rent": 1930, "zip": "80110"}, "denver-aurora-centennial-80111": {"city": "Denver-Aurora-Centennial", "rent": 2540, "zip": "80111"}, "denver-aurora-centennial-80112": {"city": "Denver-Aurora-Centennial", "rent": 2330, "zip": "80112"}, "denver-aurora-centennial-80113": {"city": "Denver-Aurora-Centennial", "rent": 1930, "zip": "80113"}, "denver-aurora-centennial-80116": {"city": "Denver-Aurora-Centennial", "rent": 2050, "zip": "80116"}, "denver-aurora-centennial-80117": {"city": "Denver-Aurora-Centennial", "rent": 1930, "zip": "80117"}, "denver-aurora-centennial-80118": {"city": "Denver-Aurora-Centennial", "rent": 2390, "zip": "80118"}, "denver-aurora-centennial-80120": {"city": "Denver-Aurora-Centennial", "rent": 1930, "zip": "80120"}, "denver-aurora-centennial-80121": {"city": "Denver-Aurora-Centennial", "rent": 1950, "zip": "80121"}, "denver-aurora-centennial-80122": {"city": "Denver-Aurora-Centennial", "rent": 2400, "zip": "80122"}, "denver-aurora-centennial-80123": {"city": "Denver-Aurora-Centennial", "rent": 2400, "zip": "80123"}, "denver-aurora-centennial-80124": {"city": "Denver-Aurora-Centennial", "rent": 2340, "zip": "80124"}, "denver-aurora-centennial-80125": {"city": "Denver-Aurora-Centennial", "rent": 3090, "zip": "80125"}, "denver-aurora-centennial-80126": {"city": "Denver-Aurora-Centennial", "rent": 2670, "zip": "80126"}, "denver-aurora-centennial-80127": {"city": "Denver-Aurora-Centennial", "rent": 2400, "zip": "80127"}, "denver-aurora-centennial-80128": {"city": "Denver-Aurora-Centennial", "rent": 2250, "zip": "80128"}, "denver-aurora-centennial-80129": {"city": "Denver-Aurora-Centennial", "rent": 2550, "zip": "80129"}, "denver-aurora-centennial-80130": {"city": "Denver-Aurora-Centennial", "rent": 3010, "zip": "80130"}, "denver-aurora-centennial-80131": {"city": "Denver-Aurora-Centennial", "rent": 2440, "zip": "80131"}, "denver-aurora-centennial-80134": {"city": "Denver-Aurora-Centennial", "rent": 2330, "zip": "80134"}, "denver-aurora-centennial-80135": {"city": "Denver-Aurora-Centennial", "rent": 2100, "zip": "80135"}, "denver-aurora-centennial-80136": {"city": "Denver-Aurora-Centennial", "rent": 1930, "zip": "80136"}, "denver-aurora-centennial-80137": {"city": "Denver-Aurora-Centennial", "rent": 1930, "zip": "80137"}, "denver-aurora-centennial-80138": {"city": "Denver-Aurora-Centennial", "rent": 2260, "zip": "80138"}, "denver-aurora-centennial-80150": {"city": "Denver-Aurora-Centennial", "rent": 2080, "zip": "80150"}, "denver-aurora-centennial-80151": {"city": "Denver-Aurora-Centennial", "rent": 2080, "zip": "80151"}, "denver-aurora-centennial-80155": {"city": "Denver-Aurora-Centennial", "rent": 2080, "zip": "80155"}, "denver-aurora-centennial-80160": {"city": "Denver-Aurora-Centennial", "rent": 2080, "zip": "80160"}, "denver-aurora-centennial-80161": {"city": "Denver-Aurora-Centennial", "rent": 2080, "zip": "80161"}, "denver-aurora-centennial-80162": {"city": "Denver-Aurora-Centennial", "rent": 2060, "zip": "80162"}, "denver-aurora-centennial-80163": {"city": "Denver-Aurora-Centennial", "rent": 2390, "zip": "80163"}, "denver-aurora-centennial-80201": {"city": "Denver-Aurora-Centennial", "rent": 2070, "zip": "80201"}, "denver-aurora-centennial-80202": {"city": "Denver-Aurora-Centennial", "rent": 3030, "zip": "80202"}, "denver-aurora-centennial-80203": {"city": "Denver-Aurora-Centennial", "rent": 2460, "zip": "80203"}, "denver-aurora-centennial-80204": {"city": "Denver-Aurora-Centennial", "rent": 2230, "zip": "80204"}, "denver-aurora-centennial-80205": {"city": "Denver-Aurora-Centennial", "rent": 2280, "zip": "80205"}, "denver-aurora-centennial-80206": {"city": "Denver-Aurora-Centennial", "rent": 2350, "zip": "80206"}, "denver-aurora-centennial-80207": {"city": "Denver-Aurora-Centennial", "rent": 2150, "zip": "80207"}, "denver-aurora-centennial-80209": {"city": "Denver-Aurora-Centennial", "rent": 2250, "zip": "80209"}, "denver-aurora-centennial-80210": {"city": "Denver-Aurora-Centennial", "rent": 2340, "zip": "80210"}, "denver-aurora-centennial-80211": {"city": "Denver-Aurora-Centennial", "rent": 2540, "zip": "80211"}, "denver-aurora-centennial-80212": {"city": "Denver-Aurora-Centennial", "rent": 2110, "zip": "80212"}, "denver-aurora-centennial-80214": {"city": "Denver-Aurora-Centennial", "rent": 1930, "zip": "80214"}, "denver-aurora-centennial-80215": {"city": "Denver-Aurora-Centennial", "rent": 1950, "zip": "80215"}, "denver-aurora-centennial-80216": {"city": "Denver-Aurora-Centennial", "rent": 2200, "zip": "80216"}, "denver-aurora-centennial-80217": {"city": "Denver-Aurora-Centennial", "rent": 2070, "zip": "80217"}, "denver-aurora-centennial-80218": {"city": "Denver-Aurora-Centennial", "rent": 2020, "zip": "80218"}, "denver-aurora-centennial-80219": {"city": "Denver-Aurora-Centennial", "rent": 1930, "zip": "80219"}, "denver-aurora-centennial-80220": {"city": "Denver-Aurora-Centennial", "rent": 1930, "zip": "80220"}, "denver-aurora-centennial-80221": {"city": "Denver-Aurora-Centennial", "rent": 1930, "zip": "80221"}, "denver-aurora-centennial-80222": {"city": "Denver-Aurora-Centennial", "rent": 2040, "zip": "80222"}, "denver-aurora-centennial-80223": {"city": "Denver-Aurora-Centennial", "rent": 2060, "zip": "80223"}, "denver-aurora-centennial-80224": {"city": "Denver-Aurora-Centennial", "rent": 1930, "zip": "80224"}, "denver-aurora-centennial-80225": {"city": "Denver-Aurora-Centennial", "rent": 2060, "zip": "80225"}, "denver-aurora-centennial-80226": {"city": "Denver-Aurora-Centennial", "rent": 1930, "zip": "80226"}, "denver-aurora-centennial-80227": {"city": "Denver-Aurora-Centennial", "rent": 2060, "zip": "80227"}, "denver-aurora-centennial-80228": {"city": "Denver-Aurora-Centennial", "rent": 2260, "zip": "80228"}, "denver-aurora-centennial-80229": {"city": "Denver-Aurora-Centennial", "rent": 2130, "zip": "80229"}, "denver-aurora-centennial-80230": {"city": "Denver-Aurora-Centennial", "rent": 2350, "zip": "80230"}, "denver-aurora-centennial-80231": {"city": "Denver-Aurora-Centennial", "rent": 2170, "zip": "80231"}, "denver-aurora-centennial-80232": {"city": "Denver-Aurora-Centennial", "rent": 1940, "zip": "80232"}, "denver-aurora-centennial-80233": {"city": "Denver-Aurora-Centennial", "rent": 2210, "zip": "80233"}, "denver-aurora-centennial-80234": {"city": "Denver-Aurora-Centennial", "rent": 2050, "zip": "80234"}, "denver-aurora-centennial-80235": {"city": "Denver-Aurora-Centennial", "rent": 1980, "zip": "80235"}, "denver-aurora-centennial-80236": {"city": "Denver-Aurora-Centennial", "rent": 2010, "zip": "80236"}, "denver-aurora-centennial-80237": {"city": "Denver-Aurora-Centennial", "rent": 2330, "zip": "80237"}, "denver-aurora-centennial-80238": {"city": "Denver-Aurora-Centennial", "rent": 2420, "zip": "80238"}, "denver-aurora-centennial-80239": {"city": "Denver-Aurora-Centennial", "rent": 2190, "zip": "80239"}, "denver-aurora-centennial-80241": {"city": "Denver-Aurora-Centennial", "rent": 2330, "zip": "80241"}, "denver-aurora-centennial-80246": {"city": "Denver-Aurora-Centennial", "rent": 2200, "zip": "80246"}, "denver-aurora-centennial-80247": {"city": "Denver-Aurora-Centennial", "rent": 2050, "zip": "80247"}, "denver-aurora-centennial-80248": {"city": "Denver-Aurora-Centennial", "rent": 2070, "zip": "80248"}, "denver-aurora-centennial-80249": {"city": "Denver-Aurora-Centennial", "rent": 2480, "zip": "80249"}, "denver-aurora-centennial-80250": {"city": "Denver-Aurora-Centennial", "rent": 2070, "zip": "80250"}, "denver-aurora-centennial-80260": {"city": "Denver-Aurora-Centennial", "rent": 1930, "zip": "80260"}, "denver-aurora-centennial-80264": {"city": "Denver-Aurora-Centennial", "rent": 2070, "zip": "80264"}, "denver-aurora-centennial-80265": {"city": "Denver-Aurora-Centennial", "rent": 2070, "zip": "80265"}, "denver-aurora-centennial-80266": {"city": "Denver-Aurora-Centennial", "rent": 2070, "zip": "80266"}, "denver-aurora-centennial-80290": {"city": "Denver-Aurora-Centennial", "rent": 2890, "zip": "80290"}, "denver-aurora-centennial-80293": {"city": "Denver-Aurora-Centennial", "rent": 2070, "zip": "80293"}, "denver-aurora-centennial-80294": {"city": "Denver-Aurora-Centennial", "rent": 2070, "zip": "80294"}, "denver-aurora-centennial-80299": {"city": "Denver-Aurora-Centennial", "rent": 2070, "zip": "80299"}, "denver-aurora-centennial-80303": {"city": "Denver-Aurora-Centennial", "rent": 2300, "zip": "80303"}, "denver-aurora-centennial-80401": {"city": "Denver-Aurora-Centennial", "rent": 2150, "zip": "80401"}, "denver-aurora-centennial-80402": {"city": "Denver-Aurora-Centennial", "rent": 2060, "zip": "80402"}, "denver-aurora-centennial-80403": {"city": "Denver-Aurora-Centennial", "rent": 2230, "zip": "80403"}, "denver-aurora-centennial-80419": {"city": "Denver-Aurora-Centennial", "rent": 2060, "zip": "80419"}, "denver-aurora-centennial-80420": {"city": "Denver-Aurora-Centennial", "rent": 1970, "zip": "80420"}, "denver-aurora-centennial-80421": {"city": "Denver-Aurora-Centennial", "rent": 2300, "zip": "80421"}, "denver-aurora-centennial-80422": {"city": "Denver-Aurora-Centennial", "rent": 1930, "zip": "80422"}, "denver-aurora-centennial-80425": {"city": "Denver-Aurora-Centennial", "rent": 2100, "zip": "80425"}, "denver-aurora-centennial-80427": {"city": "Denver-Aurora-Centennial", "rent": 1930, "zip": "80427"}, "denver-aurora-centennial-80432": {"city": "Denver-Aurora-Centennial", "rent": 2040, "zip": "80432"}, "denver-aurora-centennial-80433": {"city": "Denver-Aurora-Centennial", "rent": 2700, "zip": "80433"}, "denver-aurora-centennial-80436": {"city": "Denver-Aurora-Centennial", "rent": 1930, "zip": "80436"}, "denver-aurora-centennial-80437": {"city": "Denver-Aurora-Centennial", "rent": 2060, "zip": "80437"}, "denver-aurora-centennial-80438": {"city": "Denver-Aurora-Centennial", "rent": 1930, "zip": "80438"}, "denver-aurora-centennial-80439": {"city": "Denver-Aurora-Centennial", "rent": 2290, "zip": "80439"}, "denver-aurora-centennial-80440": {"city": "Denver-Aurora-Centennial", "rent": 1930, "zip": "80440"}, "denver-aurora-centennial-80444": {"city": "Denver-Aurora-Centennial", "rent": 1930, "zip": "80444"}, "denver-aurora-centennial-80448": {"city": "Denver-Aurora-Centennial", "rent": 2110, "zip": "80448"}, "denver-aurora-centennial-80449": {"city": "Denver-Aurora-Centennial", "rent": 1930, "zip": "80449"}, "denver-aurora-centennial-80452": {"city": "Denver-Aurora-Centennial", "rent": 1930, "zip": "80452"}, "denver-aurora-centennial-80453": {"city": "Denver-Aurora-Centennial", "rent": 2260, "zip": "80453"}, "denver-aurora-centennial-80454": {"city": "Denver-Aurora-Centennial", "rent": 2460, "zip": "80454"}, "denver-aurora-centennial-80456": {"city": "Denver-Aurora-Centennial", "rent": 2040, "zip": "80456"}, "denver-aurora-centennial-80457": {"city": "Denver-Aurora-Centennial", "rent": 2290, "zip": "80457"}, "denver-aurora-centennial-80465": {"city": "Denver-Aurora-Centennial", "rent": 2490, "zip": "80465"}, "denver-aurora-centennial-80466": {"city": "Denver-Aurora-Centennial", "rent": 1930, "zip": "80466"}, "denver-aurora-centennial-80470": {"city": "Denver-Aurora-Centennial", "rent": 1950, "zip": "80470"}, "denver-aurora-centennial-80474": {"city": "Denver-Aurora-Centennial", "rent": 1930, "zip": "80474"}, "denver-aurora-centennial-80475": {"city": "Denver-Aurora-Centennial", "rent": 2300, "zip": "80475"}, "denver-aurora-centennial-80476": {"city": "Denver-Aurora-Centennial", "rent": 1930, "zip": "80476"}, "denver-aurora-centennial-80516": {"city": "Denver-Aurora-Centennial", "rent": 2610, "zip": "80516"}, "denver-aurora-centennial-80601": {"city": "Denver-Aurora-Centennial", "rent": 1980, "zip": "80601"}, "denver-aurora-centennial-80602": {"city": "Denver-Aurora-Centennial", "rent": 2910, "zip": "80602"}, "denver-aurora-centennial-80603": {"city": "Denver-Aurora-Centennial", "rent": 1970, "zip": "80603"}, "denver-aurora-centennial-80614": {"city": "Denver-Aurora-Centennial", "rent": 1980, "zip": "80614"}, "denver-aurora-centennial-80640": {"city": "Denver-Aurora-Centennial", "rent": 2460, "zip": "80640"}, "denver-aurora-centennial-80642": {"city": "Denver-Aurora-Centennial", "rent": 1930, "zip": "80642"}, "denver-aurora-centennial-80643": {"city": "Denver-Aurora-Centennial", "rent": 1930, "zip": "80643"}, "denver-aurora-centennial-80654": {"city": "Denver-Aurora-Centennial", "rent": 1930, "zip": "80654"}, "denver-aurora-centennial-80701": {"city": "Denver-Aurora-Centennial", "rent": 1930, "zip": "80701"}, "denver-aurora-centennial-80808": {"city": "Denver-Aurora-Centennial", "rent": 1130, "zip": "80808"}, "denver-aurora-centennial-80816": {"city": "Denver-Aurora-Centennial", "rent": 1930, "zip": "80816"}, "denver-aurora-centennial-80820": {"city": "Denver-Aurora-Centennial", "rent": 2040, "zip": "80820"}, "denver-aurora-centennial-80827": {"city": "Denver-Aurora-Centennial", "rent": 1930, "zip": "80827"}, "denver-aurora-centennial-80828": {"city": "Denver-Aurora-Centennial", "rent": 1930, "zip": "80828"}, "denver-aurora-centennial-80830": {"city": "Denver-Aurora-Centennial", "rent": 1930, "zip": "80830"}, "denver-aurora-centennial-80831": {"city": "Denver-Aurora-Centennial", "rent": 2530, "zip": "80831"}, "denver-aurora-centennial-80832": {"city": "Denver-Aurora-Centennial", "rent": 1190, "zip": "80832"}, "denver-aurora-centennial-80833": {"city": "Denver-Aurora-Centennial", "rent": 1120, "zip": "80833"}, "denver-aurora-centennial-80835": {"city": "Denver-Aurora-Centennial", "rent": 1440, "zip": "80835"}, "denver-aurora-centennial-80863": {"city": "Denver-Aurora-Centennial", "rent": 1620, "zip": "80863"}, "fort-collins-loveland-80430": {"city": "Fort Collins-Loveland", "rent": 1530, "zip": "80430"}, "fort-collins-loveland-80503": {"city": "Fort Collins-Loveland", "rent": 2080, "zip": "80503"}, "fort-collins-loveland-80504": {"city": "Fort Collins-Loveland", "rent": 2050, "zip": "80504"}, "fort-collins-loveland-80510": {"city": "Fort Collins-Loveland", "rent": 2010, "zip": "80510"}, "fort-collins-loveland-80512": {"city": "Fort Collins-Loveland", "rent": 1730, "zip": "80512"}, "fort-collins-loveland-80513": {"city": "Fort Collins-Loveland", "rent": 1860, "zip": "80513"}, "fort-collins-loveland-80515": {"city": "Fort Collins-Loveland", "rent": 1580, "zip": "80515"}, "fort-collins-loveland-80517": {"city": "Fort Collins-Loveland", "rent": 1530, "zip": "80517"}, "fort-collins-loveland-80521": {"city": "Fort Collins-Loveland", "rent": 1580, "zip": "80521"}, "fort-collins-loveland-80522": {"city": "Fort Collins-Loveland", "rent": 1730, "zip": "80522"}, "fort-collins-loveland-80523": {"city": "Fort Collins-Loveland", "rent": 1730, "zip": "80523"}, "fort-collins-loveland-80524": {"city": "Fort Collins-Loveland", "rent": 1630, "zip": "80524"}, "fort-collins-loveland-80525": {"city": "Fort Collins-Loveland", "rent": 1900, "zip": "80525"}, "fort-collins-loveland-80526": {"city": "Fort Collins-Loveland", "rent": 1660, "zip": "80526"}, "fort-collins-loveland-80527": {"city": "Fort Collins-Loveland", "rent": 1730, "zip": "80527"}, "fort-collins-loveland-80528": {"city": "Fort Collins-Loveland", "rent": 2010, "zip": "80528"}, "fort-collins-loveland-80532": {"city": "Fort Collins-Loveland", "rent": 1730, "zip": "80532"}, "fort-collins-loveland-80534": {"city": "Fort Collins-Loveland", "rent": 1840, "zip": "80534"}, "fort-collins-loveland-80535": {"city": "Fort Collins-Loveland", "rent": 1530, "zip": "80535"}, "fort-collins-loveland-80536": {"city": "Fort Collins-Loveland", "rent": 1730, "zip": "80536"}, "fort-collins-loveland-80537": {"city": "Fort Collins-Loveland", "rent": 1620, "zip": "80537"}, "fort-collins-loveland-80538": {"city": "Fort Collins-Loveland", "rent": 1810, "zip": "80538"}, "fort-collins-loveland-80539": {"city": "Fort Collins-Loveland", "rent": 1730, "zip": "80539"}, "fort-collins-loveland-80540": {"city": "Fort Collins-Loveland", "rent": 2290, "zip": "80540"}, "fort-collins-loveland-80545": {"city": "Fort Collins-Loveland", "rent": 1730, "zip": "80545"}, "fort-collins-loveland-80547": {"city": "Fort Collins-Loveland", "rent": 1970, "zip": "80547"}, "fort-collins-loveland-80549": {"city": "Fort Collins-Loveland", "rent": 2440, "zip": "80549"}, "fort-collins-loveland-80550": {"city": "Fort Collins-Loveland", "rent": 1860, "zip": "80550"}, "fort-collins-loveland-80612": {"city": "Fort Collins-Loveland", "rent": 1720, "zip": "80612"}, "fort-collins-loveland-82063": {"city": "Fort Collins-Loveland", "rent": 1530, "zip": "82063"}, "grand-junction-81501": {"city": "Grand Junction", "rent": 1230, "zip": "81501"}, "grand-junction-81502": {"city": "Grand Junction", "rent": 1250, "zip": "81502"}, "grand-junction-81503": {"city": "Grand Junction", "rent": 1220, "zip": "81503"}, "grand-junction-81504": {"city": "Grand Junction", "rent": 1480, "zip": "81504"}, "grand-junction-81505": {"city": "Grand Junction", "rent": 1570, "zip": "81505"}, "grand-junction-81506": {"city": "Grand Junction", "rent": 1310, "zip": "81506"}, "grand-junction-81507": {"city": "Grand Junction", "rent": 1720, "zip": "81507"}, "grand-junction-81520": {"city": "Grand Junction", "rent": 1170, "zip": "81520"}, "grand-junction-81521": {"city": "Grand Junction", "rent": 1570, "zip": "81521"}, "grand-junction-81522": {"city": "Grand Junction", "rent": 1250, "zip": "81522"}, "grand-junction-81523": {"city": "Grand Junction", "rent": 1630, "zip": "81523"}, "grand-junction-81524": {"city": "Grand Junction", "rent": 1500, "zip": "81524"}, "grand-junction-81525": {"city": "Grand Junction", "rent": 1250, "zip": "81525"}, "grand-junction-81526": {"city": "Grand Junction", "rent": 1160, "zip": "81526"}, "grand-junction-81527": {"city": "Grand Junction", "rent": 1300, "zip": "81527"}, "grand-junction-81624": {"city": "Grand Junction", "rent": 1130, "zip": "81624"}, "grand-junction-81630": {"city": "Grand Junction", "rent": 1440, "zip": "81630"}, "grand-junction-81635": {"city": "Grand Junction", "rent": 1440, "zip": "81635"}, "grand-junction-81643": {"city": "Grand Junction", "rent": 1210, "zip": "81643"}, "grand-junction-81646": {"city": "Grand Junction", "rent": 1130, "zip": "81646"}, "greeley-80023": {"city": "Greeley", "rent": 2410, "zip": "80023"}, "greeley-80501": {"city": "Greeley", "rent": 1860, "zip": "80501"}, "greeley-80504": {"city": "Greeley", "rent": 2050, "zip": "80504"}, "greeley-80513": {"city": "Greeley", "rent": 1860, "zip": "80513"}, "greeley-80514": {"city": "Greeley", "rent": 1880, "zip": "80514"}, "greeley-80516": {"city": "Greeley", "rent": 2610, "zip": "80516"}, "greeley-80520": {"city": "Greeley", "rent": 1840, "zip": "80520"}, "greeley-80524": {"city": "Greeley", "rent": 1630, "zip": "80524"}, "greeley-80530": {"city": "Greeley", "rent": 2340, "zip": "80530"}, "greeley-80534": {"city": "Greeley", "rent": 1840, "zip": "80534"}, "greeley-80537": {"city": "Greeley", "rent": 1620, "zip": "80537"}, "greeley-80542": {"city": "Greeley", "rent": 1870, "zip": "80542"}, "greeley-80543": {"city": "Greeley", "rent": 1720, "zip": "80543"}, "greeley-80546": {"city": "Greeley", "rent": 1790, "zip": "80546"}, "greeley-80549": {"city": "Greeley", "rent": 2440, "zip": "80549"}, "greeley-80550": {"city": "Greeley", "rent": 1860, "zip": "80550"}, "greeley-80601": {"city": "Greeley", "rent": 1980, "zip": "80601"}, "greeley-80602": {"city": "Greeley", "rent": 2910, "zip": "80602"}, "greeley-80603": {"city": "Greeley", "rent": 1970, "zip": "80603"}, "greeley-80610": {"city": "Greeley", "rent": 1470, "zip": "80610"}, "greeley-80611": {"city": "Greeley", "rent": 1380, "zip": "80611"}, "greeley-80612": {"city": "Greeley", "rent": 1720, "zip": "80612"}, "greeley-80615": {"city": "Greeley", "rent": 1600, "zip": "80615"}, "greeley-80620": {"city": "Greeley", "rent": 1580, "zip": "80620"}, "greeley-80621": {"city": "Greeley", "rent": 1470, "zip": "80621"}, "greeley-80622": {"city": "Greeley", "rent": 1380, "zip": "80622"}, "greeley-80623": {"city": "Greeley", "rent": 1870, "zip": "80623"}, "greeley-80624": {"city": "Greeley", "rent": 1380, "zip": "80624"}, "greeley-80631": {"city": "Greeley", "rent": 1380, "zip": "80631"}, "greeley-80632": {"city": "Greeley", "rent": 1560, "zip": "80632"}, "greeley-80633": {"city": "Greeley", "rent": 1560, "zip": "80633"}, "greeley-80634": {"city": "Greeley", "rent": 1680, "zip": "80634"}, "greeley-80639": {"city": "Greeley", "rent": 1560, "zip": "80639"}, "greeley-80642": {"city": "Greeley", "rent": 1930, "zip": "80642"}, "greeley-80643": {"city": "Greeley", "rent": 1930, "zip": "80643"}, "greeley-80644": {"city": "Greeley", "rent": 1380, "zip": "80644"}, "greeley-80645": {"city": "Greeley", "rent": 1420, "zip": "80645"}, "greeley-80646": {"city": "Greeley", "rent": 1560, "zip": "80646"}, "greeley-80648": {"city": "Greeley", "rent": 1460, "zip": "80648"}, "greeley-80649": {"city": "Greeley", "rent": 1380, "zip": "80649"}, "greeley-80650": {"city": "Greeley", "rent": 1660, "zip": "80650"}, "greeley-80651": {"city": "Greeley", "rent": 1560, "zip": "80651"}, "greeley-80652": {"city": "Greeley", "rent": 1490, "zip": "80652"}, "greeley-80654": {"city": "Greeley", "rent": 1930, "zip": "80654"}, "greeley-80729": {"city": "Greeley", "rent": 1560, "zip": "80729"}, "greeley-80732": {"city": "Greeley", "rent": 1560, "zip": "80732"}, "greeley-80741": {"city": "Greeley", "rent": 1380, "zip": "80741"}, "greeley-80742": {"city": "Greeley", "rent": 1380, "zip": "80742"}, "greeley-80745": {"city": "Greeley", "rent": 1380, "zip": "80745"}, "greeley-80754": {"city": "Greeley", "rent": 1380, "zip": "80754"}, "greeley-82082": {"city": "Greeley", "rent": 1380, "zip": "82082"}, "pueblo-80817": {"city": "Pueblo", "rent": 1940, "zip": "80817"}, "pueblo-81001": {"city": "Pueblo", "rent": 1220, "zip": "81001"}, "pueblo-81002": {"city": "Pueblo", "rent": 1270, "zip": "81002"}, "pueblo-81003": {"city": "Pueblo", "rent": 1160, "zip": "81003"}, "pueblo-81004": {"city": "Pueblo", "rent": 1230, "zip": "81004"}, "pueblo-81005": {"city": "Pueblo", "rent": 1210, "zip": "81005"}, "pueblo-81006": {"city": "Pueblo", "rent": 1270, "zip": "81006"}, "pueblo-81007": {"city": "Pueblo", "rent": 1560, "zip": "81007"}, "pueblo-81008": {"city": "Pueblo", "rent": 1650, "zip": "81008"}, "pueblo-81019": {"city": "Pueblo", "rent": 1440, "zip": "81019"}, "pueblo-81022": {"city": "Pueblo", "rent": 1650, "zip": "81022"}, "pueblo-81023": {"city": "Pueblo", "rent": 1180, "zip": "81023"}, "pueblo-81025": {"city": "Pueblo", "rent": 1370, "zip": "81025"}, "pueblo-81039": {"city": "Pueblo", "rent": 980, "zip": "81039"}, "pueblo-81062": {"city": "Pueblo", "rent": 1290, "zip": "81062"}, "pueblo-81069": {"city": "Pueblo", "rent": 1070, "zip": "81069"}, "pueblo-81253": {"city": "Pueblo", "rent": 1170, "zip": "81253"}, "alamosa-county-81101": {"city": "Alamosa County", "rent": 1000, "zip": "81101"}, "alamosa-county-81123": {"city": "Alamosa County", "rent": 1100, "zip": "81123"}, "alamosa-county-81125": {"city": "Alamosa County", "rent": 970, "zip": "81125"}, "alamosa-county-81136": {"city": "Alamosa County", "rent": 970, "zip": "81136"}, "alamosa-county-81144": {"city": "Alamosa County", "rent": 1090, "zip": "81144"}, "alamosa-county-81146": {"city": "Alamosa County", "rent": 1220, "zip": "81146"}, "archuleta-county-81121": {"city": "Archuleta County", "rent": 1320, "zip": "81121"}, "archuleta-county-81122": {"city": "Archuleta County", "rent": 1680, "zip": "81122"}, "archuleta-county-81128": {"city": "Archuleta County", "rent": 1220, "zip": "81128"}, "archuleta-county-81137": {"city": "Archuleta County", "rent": 1440, "zip": "81137"}, "archuleta-county-81147": {"city": "Archuleta County", "rent": 1340, "zip": "81147"}, "archuleta-county-81157": {"city": "Archuleta County", "rent": 1340, "zip": "81157"}, "baca-county-81029": {"city": "Baca County", "rent": 1030, "zip": "81029"}, "baca-county-81041": {"city": "Baca County", "rent": 970, "zip": "81041"}, "baca-county-81047": {"city": "Baca County", "rent": 1000, "zip": "81047"}, "baca-county-81054": {"city": "Baca County", "rent": 1020, "zip": "81054"}, "baca-county-81064": {"city": "Baca County", "rent": 1190, "zip": "81064"}, "baca-county-81073": {"city": "Baca County", "rent": 970, "zip": "81073"}, "baca-county-81084": {"city": "Baca County", "rent": 1000, "zip": "81084"}, "baca-county-81087": {"city": "Baca County", "rent": 1010, "zip": "81087"}, "baca-county-81090": {"city": "Baca County", "rent": 1090, "zip": "81090"}, "bent-county-81044": {"city": "Bent County", "rent": 970, "zip": "81044"}, "bent-county-81050": {"city": "Bent County", "rent": 970, "zip": "81050"}, "bent-county-81052": {"city": "Bent County", "rent": 1000, "zip": "81052"}, "bent-county-81054": {"city": "Bent County", "rent": 1020, "zip": "81054"}, "bent-county-81057": {"city": "Bent County", "rent": 1030, "zip": "81057"}, "bent-county-81092": {"city": "Bent County", "rent": 1050, "zip": "81092"}, "chaffee-county-80449": {"city": "Chaffee County", "rent": 1930, "zip": "80449"}, "chaffee-county-81201": {"city": "Chaffee County", "rent": 1620, "zip": "81201"}, "chaffee-county-81211": {"city": "Chaffee County", "rent": 1310, "zip": "81211"}, "chaffee-county-81227": {"city": "Chaffee County", "rent": 1620, "zip": "81227"}, "chaffee-county-81228": {"city": "Chaffee County", "rent": 1380, "zip": "81228"}, "chaffee-county-81236": {"city": "Chaffee County", "rent": 1470, "zip": "81236"}, "chaffee-county-81242": {"city": "Chaffee County", "rent": 1260, "zip": "81242"}, "cheyenne-county-80802": {"city": "Cheyenne County", "rent": 1100, "zip": "80802"}, "cheyenne-county-80810": {"city": "Cheyenne County", "rent": 1050, "zip": "80810"}, "cheyenne-county-80825": {"city": "Cheyenne County", "rent": 970, "zip": "80825"}, "cheyenne-county-80862": {"city": "Cheyenne County", "rent": 990, "zip": "80862"}, "cheyenne-county-81036": {"city": "Cheyenne County", "rent": 1110, "zip": "81036"}, "cheyenne-county-81045": {"city": "Cheyenne County", "rent": 1060, "zip": "81045"}, "conejos-county-81101": {"city": "Conejos County", "rent": 1000, "zip": "81101"}, "conejos-county-81120": {"city": "Conejos County", "rent": 1000, "zip": "81120"}, "conejos-county-81124": {"city": "Conejos County", "rent": 970, "zip": "81124"}, "conejos-county-81129": {"city": "Conejos County", "rent": 1000, "zip": "81129"}, "conejos-county-81140": {"city": "Conejos County", "rent": 970, "zip": "81140"}, "conejos-county-81141": {"city": "Conejos County", "rent": 980, "zip": "81141"}, "conejos-county-81148": {"city": "Conejos County", "rent": 1090, "zip": "81148"}, "conejos-county-81151": {"city": "Conejos County", "rent": 970, "zip": "81151"}, "costilla-county-81123": {"city": "Costilla County", "rent": 1100, "zip": "81123"}, "costilla-county-81126": {"city": "Costilla County", "rent": 970, "zip": "81126"}, "costilla-county-81133": {"city": "Costilla County", "rent": 970, "zip": "81133"}, "costilla-county-81138": {"city": "Costilla County", "rent": 1000, "zip": "81138"}, "costilla-county-81151": {"city": "Costilla County", "rent": 970, "zip": "81151"}, "costilla-county-81152": {"city": "Costilla County", "rent": 970, "zip": "81152"}, "crowley-county-81033": {"city": "Crowley County", "rent": 1300, "zip": "81033"}, "crowley-county-81034": {"city": "Crowley County", "rent": 1290, "zip": "81034"}, "crowley-county-81039": {"city": "Crowley County", "rent": 980, "zip": "81039"}, "crowley-county-81058": {"city": "Crowley County", "rent": 1220, "zip": "81058"}, "crowley-county-81062": {"city": "Crowley County", "rent": 1290, "zip": "81062"}, "crowley-county-81063": {"city": "Crowley County", "rent": 1310, "zip": "81063"}, "crowley-county-81076": {"city": "Crowley County", "rent": 1220, "zip": "81076"}, "custer-county-81069": {"city": "Custer County", "rent": 1070, "zip": "81069"}, "custer-county-81212": {"city": "Custer County", "rent": 1240, "zip": "81212"}, "custer-county-81223": {"city": "Custer County", "rent": 1850, "zip": "81223"}, "custer-county-81226": {"city": "Custer County", "rent": 1200, "zip": "81226"}, "custer-county-81252": {"city": "Custer County", "rent": 1110, "zip": "81252"}, "custer-county-81253": {"city": "Custer County", "rent": 1170, "zip": "81253"}, "delta-county-81410": {"city": "Delta County", "rent": 1110, "zip": "81410"}, "delta-county-81413": {"city": "Delta County", "rent": 1160, "zip": "81413"}, "delta-county-81414": {"city": "Delta County", "rent": 1110, "zip": "81414"}, "delta-county-81415": {"city": "Delta County", "rent": 1210, "zip": "81415"}, "delta-county-81416": {"city": "Delta County", "rent": 1090, "zip": "81416"}, "delta-county-81418": {"city": "Delta County", "rent": 1670, "zip": "81418"}, "delta-county-81419": {"city": "Delta County", "rent": 1130, "zip": "81419"}, "delta-county-81420": {"city": "Delta County", "rent": 1110, "zip": "81420"}, "delta-county-81428": {"city": "Delta County", "rent": 1200, "zip": "81428"}, "delta-county-81434": {"city": "Delta County", "rent": 1460, "zip": "81434"}, "dolores-county-81320": {"city": "Dolores County", "rent": 1120, "zip": "81320"}, "dolores-county-81323": {"city": "Dolores County", "rent": 1130, "zip": "81323"}, "dolores-county-81324": {"city": "Dolores County", "rent": 1580, "zip": "81324"}, "dolores-county-81325": {"city": "Dolores County", "rent": 1580, "zip": "81325"}, "dolores-county-81331": {"city": "Dolores County", "rent": 1180, "zip": "81331"}, "dolores-county-81332": {"city": "Dolores County", "rent": 1190, "zip": "81332"}, "eagle-county-80423": {"city": "Eagle County", "rent": 1960, "zip": "80423"}, "eagle-county-80426": {"city": "Eagle County", "rent": 2380, "zip": "80426"}, "eagle-county-80463": {"city": "Eagle County", "rent": 2140, "zip": "80463"}, "eagle-county-80498": {"city": "Eagle County", "rent": 2130, "zip": "80498"}, "eagle-county-81620": {"city": "Eagle County", "rent": 2550, "zip": "81620"}, "eagle-county-81621": {"city": "Eagle County", "rent": 2570, "zip": "81621"}, "eagle-county-81623": {"city": "Eagle County", "rent": 2290, "zip": "81623"}, "eagle-county-81631": {"city": "Eagle County", "rent": 2010, "zip": "81631"}, "eagle-county-81632": {"city": "Eagle County", "rent": 2290, "zip": "81632"}, "eagle-county-81637": {"city": "Eagle County", "rent": 2380, "zip": "81637"}, "eagle-county-81642": {"city": "Eagle County", "rent": 2160, "zip": "81642"}, "eagle-county-81645": {"city": "Eagle County", "rent": 2650, "zip": "81645"}, "eagle-county-81649": {"city": "Eagle County", "rent": 2480, "zip": "81649"}, "eagle-county-81654": {"city": "Eagle County", "rent": 2360, "zip": "81654"}, "eagle-county-81655": {"city": "Eagle County", "rent": 2130, "zip": "81655"}, "eagle-county-81657": {"city": "Eagle County", "rent": 2100, "zip": "81657"}, "eagle-county-81658": {"city": "Eagle County", "rent": 2380, "zip": "81658"}, "fremont-county-80926": {"city": "Fremont County", "rent": 1710, "zip": "80926"}, "fremont-county-81201": {"city": "Fremont County", "rent": 1620, "zip": "81201"}, "fremont-county-81212": {"city": "Fremont County", "rent": 1240, "zip": "81212"}, "fremont-county-81215": {"city": "Fremont County", "rent": 1240, "zip": "81215"}, "fremont-county-81221": {"city": "Fremont County", "rent": 1160, "zip": "81221"}, "fremont-county-81222": {"city": "Fremont County", "rent": 1830, "zip": "81222"}, "fremont-county-81223": {"city": "Fremont County", "rent": 1850, "zip": "81223"}, "fremont-county-81226": {"city": "Fremont County", "rent": 1200, "zip": "81226"}, "fremont-county-81232": {"city": "Fremont County", "rent": 1480, "zip": "81232"}, "fremont-county-81233": {"city": "Fremont County", "rent": 1630, "zip": "81233"}, "fremont-county-81240": {"city": "Fremont County", "rent": 1240, "zip": "81240"}, "fremont-county-81244": {"city": "Fremont County", "rent": 1050, "zip": "81244"}, "fremont-county-81252": {"city": "Fremont County", "rent": 1110, "zip": "81252"}, "fremont-county-81253": {"city": "Fremont County", "rent": 1170, "zip": "81253"}, "garfield-county-81601": {"city": "Garfield County", "rent": 1710, "zip": "81601"}, "garfield-county-81602": {"city": "Garfield County", "rent": 1610, "zip": "81602"}, "garfield-county-81623": {"city": "Garfield County", "rent": 2290, "zip": "81623"}, "garfield-county-81630": {"city": "Garfield County", "rent": 1440, "zip": "81630"}, "garfield-county-81635": {"city": "Garfield County", "rent": 1440, "zip": "81635"}, "garfield-county-81637": {"city": "Garfield County", "rent": 2380, "zip": "81637"}, "garfield-county-81647": {"city": "Garfield County", "rent": 1620, "zip": "81647"}, "garfield-county-81650": {"city": "Garfield County", "rent": 1440, "zip": "81650"}, "garfield-county-81652": {"city": "Garfield County", "rent": 1950, "zip": "81652"}, "grand-county-80423": {"city": "Grand County", "rent": 1960, "zip": "80423"}, "grand-county-80442": {"city": "Grand County", "rent": 1660, "zip": "80442"}, "grand-county-80446": {"city": "Grand County", "rent": 1460, "zip": "80446"}, "grand-county-80447": {"city": "Grand County", "rent": 1480, "zip": "80447"}, "grand-county-80451": {"city": "Grand County", "rent": 1290, "zip": "80451"}, "grand-county-80459": {"city": "Grand County", "rent": 1390, "zip": "80459"}, "grand-county-80468": {"city": "Grand County", "rent": 1680, "zip": "80468"}, "grand-county-80478": {"city": "Grand County", "rent": 1580, "zip": "80478"}, "grand-county-80482": {"city": "Grand County", "rent": 1750, "zip": "80482"}, "grand-county-80498": {"city": "Grand County", "rent": 2130, "zip": "80498"}, "gunnison-county-81210": {"city": "Gunnison County", "rent": 1500, "zip": "81210"}, "gunnison-county-81220": {"city": "Gunnison County", "rent": 1250, "zip": "81220"}, "gunnison-county-81224": {"city": "Gunnison County", "rent": 1590, "zip": "81224"}, "gunnison-county-81225": {"city": "Gunnison County", "rent": 1730, "zip": "81225"}, "gunnison-county-81230": {"city": "Gunnison County", "rent": 1250, "zip": "81230"}, "gunnison-county-81237": {"city": "Gunnison County", "rent": 1330, "zip": "81237"}, "gunnison-county-81239": {"city": "Gunnison County", "rent": 1330, "zip": "81239"}, "gunnison-county-81241": {"city": "Gunnison County", "rent": 1330, "zip": "81241"}, "gunnison-county-81243": {"city": "Gunnison County", "rent": 1220, "zip": "81243"}, "gunnison-county-81248": {"city": "Gunnison County", "rent": 1200, "zip": "81248"}, "gunnison-county-81428": {"city": "Gunnison County", "rent": 1200, "zip": "81428"}, "gunnison-county-81434": {"city": "Gunnison County", "rent": 1460, "zip": "81434"}, "gunnison-county-81623": {"city": "Gunnison County", "rent": 2290, "zip": "81623"}, "hinsdale-county-81130": {"city": "Hinsdale County", "rent": 1320, "zip": "81130"}, "hinsdale-county-81147": {"city": "Hinsdale County", "rent": 1340, "zip": "81147"}, "hinsdale-county-81235": {"city": "Hinsdale County", "rent": 1150, "zip": "81235"}, "huerfano-county-81040": {"city": "Huerfano County", "rent": 1110, "zip": "81040"}, "huerfano-county-81055": {"city": "Huerfano County", "rent": 1330, "zip": "81055"}, "huerfano-county-81069": {"city": "Huerfano County", "rent": 1070, "zip": "81069"}, "huerfano-county-81089": {"city": "Huerfano County", "rent": 1010, "zip": "81089"}, "jackson-county-80430": {"city": "Jackson County", "rent": 1530, "zip": "80430"}, "jackson-county-80434": {"city": "Jackson County", "rent": 990, "zip": "80434"}, "jackson-county-80473": {"city": "Jackson County", "rent": 990, "zip": "80473"}, "jackson-county-80480": {"city": "Jackson County", "rent": 990, "zip": "80480"}, "kiowa-county-81021": {"city": "Kiowa County", "rent": 1080, "zip": "81021"}, "kiowa-county-81036": {"city": "Kiowa County", "rent": 1110, "zip": "81036"}, "kiowa-county-81045": {"city": "Kiowa County", "rent": 1060, "zip": "81045"}, "kiowa-county-81047": {"city": "Kiowa County", "rent": 1000, "zip": "81047"}, "kiowa-county-81071": {"city": "Kiowa County", "rent": 1560, "zip": "81071"}, "kiowa-county-81092": {"city": "Kiowa County", "rent": 1050, "zip": "81092"}, "kit-carson-county-80805": {"city": "Kit Carson County", "rent": 1020, "zip": "80805"}, "kit-carson-county-80807": {"city": "Kit Carson County", "rent": 1140, "zip": "80807"}, "kit-carson-county-80815": {"city": "Kit Carson County", "rent": 980, "zip": "80815"}, "kit-carson-county-80834": {"city": "Kit Carson County", "rent": 1120, "zip": "80834"}, "kit-carson-county-80836": {"city": "Kit Carson County", "rent": 1010, "zip": "80836"}, "kit-carson-county-80861": {"city": "Kit Carson County", "rent": 1020, "zip": "80861"}, "lake-county-80461": {"city": "Lake County", "rent": 1350, "zip": "80461"}, "lake-county-81228": {"city": "Lake County", "rent": 1380, "zip": "81228"}, "lake-county-81251": {"city": "Lake County", "rent": 1570, "zip": "81251"}, "la-plata-county-81122": {"city": "La Plata County", "rent": 1680, "zip": "81122"}, "la-plata-county-81137": {"city": "La Plata County", "rent": 1440, "zip": "81137"}, "la-plata-county-81301": {"city": "La Plata County", "rent": 1650, "zip": "81301"}, "la-plata-county-81302": {"city": "La Plata County", "rent": 1590, "zip": "81302"}, "la-plata-county-81303": {"city": "La Plata County", "rent": 1510, "zip": "81303"}, "la-plata-county-81326": {"city": "La Plata County", "rent": 1440, "zip": "81326"}, "la-plata-county-81328": {"city": "La Plata County", "rent": 1440, "zip": "81328"}, "la-plata-county-81329": {"city": "La Plata County", "rent": 1590, "zip": "81329"}, "las-animas-county-81020": {"city": "Las Animas County", "rent": 1010, "zip": "81020"}, "las-animas-county-81024": {"city": "Las Animas County", "rent": 1100, "zip": "81024"}, "las-animas-county-81027": {"city": "Las Animas County", "rent": 1160, "zip": "81027"}, "las-animas-county-81039": {"city": "Las Animas County", "rent": 980, "zip": "81039"}, "las-animas-county-81046": {"city": "Las Animas County", "rent": 1180, "zip": "81046"}, "las-animas-county-81049": {"city": "Las Animas County", "rent": 1100, "zip": "81049"}, "las-animas-county-81054": {"city": "Las Animas County", "rent": 1020, "zip": "81054"}, "las-animas-county-81059": {"city": "Las Animas County", "rent": 1060, "zip": "81059"}, "las-animas-county-81064": {"city": "Las Animas County", "rent": 1190, "zip": "81064"}, "las-animas-county-81081": {"city": "Las Animas County", "rent": 1120, "zip": "81081"}, "las-animas-county-81082": {"city": "Las Animas County", "rent": 1180, "zip": "81082"}, "las-animas-county-81089": {"city": "Las Animas County", "rent": 1010, "zip": "81089"}, "las-animas-county-81091": {"city": "Las Animas County", "rent": 1010, "zip": "81091"}, "lincoln-county-80804": {"city": "Lincoln County", "rent": 970, "zip": "80804"}, "lincoln-county-80815": {"city": "Lincoln County", "rent": 980, "zip": "80815"}, "lincoln-county-80818": {"city": "Lincoln County", "rent": 970, "zip": "80818"}, "lincoln-county-80821": {"city": "Lincoln County", "rent": 1040, "zip": "80821"}, "lincoln-county-80823": {"city": "Lincoln County", "rent": 1120, "zip": "80823"}, "lincoln-county-80826": {"city": "Lincoln County", "rent": 1180, "zip": "80826"}, "lincoln-county-80828": {"city": "Lincoln County", "rent": 1930, "zip": "80828"}, "lincoln-county-80832": {"city": "Lincoln County", "rent": 1190, "zip": "80832"}, "lincoln-county-80833": {"city": "Lincoln County", "rent": 1120, "zip": "80833"}, "lincoln-county-81021": {"city": "Lincoln County", "rent": 1080, "zip": "81021"}, "lincoln-county-81045": {"city": "Lincoln County", "rent": 1060, "zip": "81045"}, "lincoln-county-81063": {"city": "Lincoln County", "rent": 1310, "zip": "81063"}, "lincoln-county-81076": {"city": "Lincoln County", "rent": 1220, "zip": "81076"}, "logan-county-80720": {"city": "Logan County", "rent": 1150, "zip": "80720"}, "logan-county-80722": {"city": "Logan County", "rent": 1160, "zip": "80722"}, "logan-county-80726": {"city": "Logan County", "rent": 1020, "zip": "80726"}, "logan-county-80728": {"city": "Logan County", "rent": 970, "zip": "80728"}, "logan-county-80731": {"city": "Logan County", "rent": 1020, "zip": "80731"}, "logan-county-80736": {"city": "Logan County", "rent": 1150, "zip": "80736"}, "logan-county-80741": {"city": "Logan County", "rent": 1380, "zip": "80741"}, "logan-county-80745": {"city": "Logan County", "rent": 1380, "zip": "80745"}, "logan-county-80747": {"city": "Logan County", "rent": 1140, "zip": "80747"}, "logan-county-80751": {"city": "Logan County", "rent": 1090, "zip": "80751"}, "mineral-county-81130": {"city": "Mineral County", "rent": 1320, "zip": "81130"}, "mineral-county-81147": {"city": "Mineral County", "rent": 1340, "zip": "81147"}, "mineral-county-81154": {"city": "Mineral County", "rent": 1200, "zip": "81154"}, "moffat-county-81610": {"city": "Moffat County", "rent": 1080, "zip": "81610"}, "moffat-county-81625": {"city": "Moffat County", "rent": 1710, "zip": "81625"}, "moffat-county-81633": {"city": "Moffat County", "rent": 1070, "zip": "81633"}, "moffat-county-81638": {"city": "Moffat County", "rent": 1710, "zip": "81638"}, "moffat-county-81640": {"city": "Moffat County", "rent": 1130, "zip": "81640"}, "moffat-county-81641": {"city": "Moffat County", "rent": 1260, "zip": "81641"}, "moffat-county-81653": {"city": "Moffat County", "rent": 1710, "zip": "81653"}, "montezuma-county-81320": {"city": "Montezuma County", "rent": 1120, "zip": "81320"}, "montezuma-county-81321": {"city": "Montezuma County", "rent": 1210, "zip": "81321"}, "montezuma-county-81323": {"city": "Montezuma County", "rent": 1130, "zip": "81323"}, "montezuma-county-81327": {"city": "Montezuma County", "rent": 1170, "zip": "81327"}, "montezuma-county-81328": {"city": "Montezuma County", "rent": 1440, "zip": "81328"}, "montezuma-county-81330": {"city": "Montezuma County", "rent": 1200, "zip": "81330"}, "montezuma-county-81331": {"city": "Montezuma County", "rent": 1180, "zip": "81331"}, "montezuma-county-81334": {"city": "Montezuma County", "rent": 1060, "zip": "81334"}, "montezuma-county-81335": {"city": "Montezuma County", "rent": 1180, "zip": "81335"}, "montrose-county-81220": {"city": "Montrose County", "rent": 1250, "zip": "81220"}, "montrose-county-81401": {"city": "Montrose County", "rent": 1180, "zip": "81401"}, "montrose-county-81402": {"city": "Montrose County", "rent": 1170, "zip": "81402"}, "montrose-county-81403": {"city": "Montrose County", "rent": 1460, "zip": "81403"}, "montrose-county-81411": {"city": "Montrose County", "rent": 1170, "zip": "81411"}, "montrose-county-81415": {"city": "Montrose County", "rent": 1210, "zip": "81415"}, "montrose-county-81416": {"city": "Montrose County", "rent": 1090, "zip": "81416"}, "montrose-county-81422": {"city": "Montrose County", "rent": 1040, "zip": "81422"}, "montrose-county-81423": {"city": "Montrose County", "rent": 1580, "zip": "81423"}, "montrose-county-81424": {"city": "Montrose County", "rent": 1040, "zip": "81424"}, "montrose-county-81425": {"city": "Montrose County", "rent": 1040, "zip": "81425"}, "montrose-county-81429": {"city": "Montrose County", "rent": 1090, "zip": "81429"}, "montrose-county-81431": {"city": "Montrose County", "rent": 1570, "zip": "81431"}, "morgan-county-80649": {"city": "Morgan County", "rent": 1380, "zip": "80649"}, "morgan-county-80653": {"city": "Morgan County", "rent": 1060, "zip": "80653"}, "morgan-county-80654": {"city": "Morgan County", "rent": 1930, "zip": "80654"}, "morgan-county-80701": {"city": "Morgan County", "rent": 1930, "zip": "80701"}, "morgan-county-80705": {"city": "Morgan County", "rent": 1060, "zip": "80705"}, "morgan-county-80723": {"city": "Morgan County", "rent": 1240, "zip": "80723"}, "morgan-county-80733": {"city": "Morgan County", "rent": 1150, "zip": "80733"}, "morgan-county-80741": {"city": "Morgan County", "rent": 1380, "zip": "80741"}, "morgan-county-80742": {"city": "Morgan County", "rent": 1380, "zip": "80742"}, "morgan-county-80750": {"city": "Morgan County", "rent": 1220, "zip": "80750"}, "morgan-county-80754": {"city": "Morgan County", "rent": 1380, "zip": "80754"}, "otero-county-81030": {"city": "Otero County", "rent": 1120, "zip": "81030"}, "otero-county-81039": {"city": "Otero County", "rent": 980, "zip": "81039"}, "otero-county-81050": {"city": "Otero County", "rent": 970, "zip": "81050"}, "otero-county-81058": {"city": "Otero County", "rent": 1220, "zip": "81058"}, "otero-county-81059": {"city": "Otero County", "rent": 1060, "zip": "81059"}, "otero-county-81067": {"city": "Otero County", "rent": 1080, "zip": "81067"}, "otero-county-81077": {"city": "Otero County", "rent": 1020, "zip": "81077"}, "ouray-county-81403": {"city": "Ouray County", "rent": 1460, "zip": "81403"}, "ouray-county-81427": {"city": "Ouray County", "rent": 1460, "zip": "81427"}, "ouray-county-81432": {"city": "Ouray County", "rent": 1610, "zip": "81432"}, "phillips-county-80721": {"city": "Phillips County", "rent": 1090, "zip": "80721"}, "phillips-county-80731": {"city": "Phillips County", "rent": 1020, "zip": "80731"}, "phillips-county-80734": {"city": "Phillips County", "rent": 1080, "zip": "80734"}, "phillips-county-80744": {"city": "Phillips County", "rent": 1040, "zip": "80744"}, "phillips-county-80746": {"city": "Phillips County", "rent": 1020, "zip": "80746"}, "phillips-county-80758": {"city": "Phillips County", "rent": 1090, "zip": "80758"}, "pitkin-county-81611": {"city": "Pitkin County", "rent": 2230, "zip": "81611"}, "pitkin-county-81612": {"city": "Pitkin County", "rent": 2090, "zip": "81612"}, "pitkin-county-81615": {"city": "Pitkin County", "rent": 2240, "zip": "81615"}, "pitkin-county-81621": {"city": "Pitkin County", "rent": 2570, "zip": "81621"}, "pitkin-county-81623": {"city": "Pitkin County", "rent": 2290, "zip": "81623"}, "pitkin-county-81642": {"city": "Pitkin County", "rent": 2160, "zip": "81642"}, "pitkin-county-81654": {"city": "Pitkin County", "rent": 2360, "zip": "81654"}, "pitkin-county-81656": {"city": "Pitkin County", "rent": 2370, "zip": "81656"}, "prowers-county-81041": {"city": "Prowers County", "rent": 970, "zip": "81041"}, "prowers-county-81043": {"city": "Prowers County", "rent": 970, "zip": "81043"}, "prowers-county-81047": {"city": "Prowers County", "rent": 1000, "zip": "81047"}, "prowers-county-81052": {"city": "Prowers County", "rent": 1000, "zip": "81052"}, "prowers-county-81084": {"city": "Prowers County", "rent": 1000, "zip": "81084"}, "prowers-county-81090": {"city": "Prowers County", "rent": 1090, "zip": "81090"}, "prowers-county-81092": {"city": "Prowers County", "rent": 1050, "zip": "81092"}, "rio-blanco-county-81638": {"city": "Rio Blanco County", "rent": 1710, "zip": "81638"}, "rio-blanco-county-81641": {"city": "Rio Blanco County", "rent": 1260, "zip": "81641"}, "rio-blanco-county-81648": {"city": "Rio Blanco County", "rent": 970, "zip": "81648"}, "rio-blanco-county-81650": {"city": "Rio Blanco County", "rent": 1440, "zip": "81650"}, "rio-grande-county-81125": {"city": "Rio Grande County", "rent": 970, "zip": "81125"}, "rio-grande-county-81132": {"city": "Rio Grande County", "rent": 1070, "zip": "81132"}, "rio-grande-county-81135": {"city": "Rio Grande County", "rent": 1090, "zip": "81135"}, "rio-grande-county-81140": {"city": "Rio Grande County", "rent": 970, "zip": "81140"}, "rio-grande-county-81144": {"city": "Rio Grande County", "rent": 1090, "zip": "81144"}, "rio-grande-county-81154": {"city": "Rio Grande County", "rent": 1200, "zip": "81154"}, "routt-county-80428": {"city": "Routt County", "rent": 2130, "zip": "80428"}, "routt-county-80463": {"city": "Routt County", "rent": 2140, "zip": "80463"}, "routt-county-80467": {"city": "Routt County", "rent": 1710, "zip": "80467"}, "routt-county-80469": {"city": "Routt County", "rent": 1710, "zip": "80469"}, "routt-county-80477": {"city": "Routt County", "rent": 2020, "zip": "80477"}, "routt-county-80479": {"city": "Routt County", "rent": 1780, "zip": "80479"}, "routt-county-80483": {"city": "Routt County", "rent": 1760, "zip": "80483"}, "routt-county-80487": {"city": "Routt County", "rent": 2130, "zip": "80487"}, "routt-county-81625": {"city": "Routt County", "rent": 1710, "zip": "81625"}, "routt-county-81638": {"city": "Routt County", "rent": 1710, "zip": "81638"}, "routt-county-81639": {"city": "Routt County", "rent": 1730, "zip": "81639"}, "routt-county-81653": {"city": "Routt County", "rent": 1710, "zip": "81653"}, "saguache-county-81125": {"city": "Saguache County", "rent": 970, "zip": "81125"}, "saguache-county-81131": {"city": "Saguache County", "rent": 1280, "zip": "81131"}, "saguache-county-81132": {"city": "Saguache County", "rent": 1070, "zip": "81132"}, "saguache-county-81136": {"city": "Saguache County", "rent": 970, "zip": "81136"}, "saguache-county-81143": {"city": "Saguache County", "rent": 1240, "zip": "81143"}, "saguache-county-81149": {"city": "Saguache County", "rent": 970, "zip": "81149"}, "saguache-county-81155": {"city": "Saguache County", "rent": 1120, "zip": "81155"}, "saguache-county-81230": {"city": "Saguache County", "rent": 1250, "zip": "81230"}, "saguache-county-81248": {"city": "Saguache County", "rent": 1200, "zip": "81248"}, "san-juan-county-81301": {"city": "San Juan County", "rent": 1650, "zip": "81301"}, "san-juan-county-81433": {"city": "San Juan County", "rent": 1230, "zip": "81433"}, "san-miguel-county-81324": {"city": "San Miguel County", "rent": 1580, "zip": "81324"}, "san-miguel-county-81325": {"city": "San Miguel County", "rent": 1580, "zip": "81325"}, "san-miguel-county-81423": {"city": "San Miguel County", "rent": 1580, "zip": "81423"}, "san-miguel-county-81426": {"city": "San Miguel County", "rent": 1650, "zip": "81426"}, "san-miguel-county-81430": {"city": "San Miguel County", "rent": 1580, "zip": "81430"}, "san-miguel-county-81431": {"city": "San Miguel County", "rent": 1570, "zip": "81431"}, "san-miguel-county-81432": {"city": "San Miguel County", "rent": 1610, "zip": "81432"}, "san-miguel-county-81435": {"city": "San Miguel County", "rent": 1670, "zip": "81435"}, "sedgwick-county-69168": {"city": "Sedgwick County", "rent": 1210, "zip": "69168"}, "sedgwick-county-80721": {"city": "Sedgwick County", "rent": 1090, "zip": "80721"}, "sedgwick-county-80731": {"city": "Sedgwick County", "rent": 1020, "zip": "80731"}, "sedgwick-county-80737": {"city": "Sedgwick County", "rent": 970, "zip": "80737"}, "sedgwick-county-80744": {"city": "Sedgwick County", "rent": 1040, "zip": "80744"}, "sedgwick-county-80749": {"city": "Sedgwick County", "rent": 1020, "zip": "80749"}, "summit-county-80424": {"city": "Summit County", "rent": 2810, "zip": "80424"}, "summit-county-80435": {"city": "Summit County", "rent": 2140, "zip": "80435"}, "summit-county-80443": {"city": "Summit County", "rent": 3020, "zip": "80443"}, "summit-county-80497": {"city": "Summit County", "rent": 2470, "zip": "80497"}, "summit-county-80498": {"city": "Summit County", "rent": 2130, "zip": "80498"}, "washington-county-80720": {"city": "Washington County", "rent": 1150, "zip": "80720"}, "washington-county-80723": {"city": "Washington County", "rent": 1240, "zip": "80723"}, "washington-county-80728": {"city": "Washington County", "rent": 970, "zip": "80728"}, "washington-county-80733": {"city": "Washington County", "rent": 1150, "zip": "80733"}, "washington-county-80740": {"city": "Washington County", "rent": 1050, "zip": "80740"}, "washington-county-80741": {"city": "Washington County", "rent": 1380, "zip": "80741"}, "washington-county-80743": {"city": "Washington County", "rent": 1040, "zip": "80743"}, "washington-county-80757": {"city": "Washington County", "rent": 1100, "zip": "80757"}, "washington-county-80759": {"city": "Washington County", "rent": 1080, "zip": "80759"}, "washington-county-80801": {"city": "Washington County", "rent": 1080, "zip": "80801"}, "washington-county-80812": {"city": "Washington County", "rent": 1040, "zip": "80812"}, "washington-county-80815": {"city": "Washington County", "rent": 980, "zip": "80815"}, "washington-county-80818": {"city": "Washington County", "rent": 970, "zip": "80818"}, "washington-county-80834": {"city": "Washington County", "rent": 1120, "zip": "80834"}, "yuma-county-80727": {"city": "Yuma County", "rent": 1020, "zip": "80727"}, "yuma-county-80731": {"city": "Yuma County", "rent": 1020, "zip": "80731"}, "yuma-county-80734": {"city": "Yuma County", "rent": 1080, "zip": "80734"}, "yuma-county-80735": {"city": "Yuma County", "rent": 1020, "zip": "80735"}, "yuma-county-80755": {"city": "Yuma County", "rent": 1020, "zip": "80755"}, "yuma-county-80758": {"city": "Yuma County", "rent": 1090, "zip": "80758"}, "yuma-county-80759": {"city": "Yuma County", "rent": 1080, "zip": "80759"}, "yuma-county-80807": {"city": "Yuma County", "rent": 1140, "zip": "80807"}, "yuma-county-80812": {"city": "Yuma County", "rent": 1040, "zip": "80812"}, "yuma-county-80822": {"city": "Yuma County", "rent": 1040, "zip": "80822"}, "yuma-county-80824": {"city": "Yuma County", "rent": 1020, "zip": "80824"}, "yuma-county-80861": {"city": "Yuma County", "rent": 1020, "zip": "80861"}}