{"bridgeport-stamford-danbury-06404": {"city": "Bridgeport-Stamford-Danbury", "rent": 2760, "zip": "06404"}, "bridgeport-stamford-danbury-06440": {"city": "Bridgeport-Stamford-Danbury", "rent": 2760, "zip": "06440"}, "bridgeport-stamford-danbury-06468": {"city": "Bridgeport-Stamford-Danbury", "rent": 2270, "zip": "06468"}, "bridgeport-stamford-danbury-06470": {"city": "Bridgeport-Stamford-Danbury", "rent": 2530, "zip": "06470"}, "bridgeport-stamford-danbury-06482": {"city": "Bridgeport-Stamford-Danbury", "rent": 2530, "zip": "06482"}, "bridgeport-stamford-danbury-06484": {"city": "Bridgeport-Stamford-Danbury", "rent": 2010, "zip": "06484"}, "bridgeport-stamford-danbury-06491": {"city": "Bridgeport-Stamford-Danbury", "rent": 2540, "zip": "06491"}, "bridgeport-stamford-danbury-06601": {"city": "Bridgeport-Stamford-Danbury", "rent": 2540, "zip": "06601"}, "bridgeport-stamford-danbury-06602": {"city": "Bridgeport-Stamford-Danbury", "rent": 2540, "zip": "06602"}, "bridgeport-stamford-danbury-06604": {"city": "Bridgeport-Stamford-Danbury", "rent": 2290, "zip": "06604"}, "bridgeport-stamford-danbury-06605": {"city": "Bridgeport-Stamford-Danbury", "rent": 2230, "zip": "06605"}, "bridgeport-stamford-danbury-06606": {"city": "Bridgeport-Stamford-Danbury", "rent": 2300, "zip": "06606"}, "bridgeport-stamford-danbury-06607": {"city": "Bridgeport-Stamford-Danbury", "rent": 2250, "zip": "06607"}, "bridgeport-stamford-danbury-06608": {"city": "Bridgeport-Stamford-Danbury", "rent": 2230, "zip": "06608"}, "bridgeport-stamford-danbury-06610": {"city": "Bridgeport-Stamford-Danbury", "rent": 2130, "zip": "06610"}, "bridgeport-stamford-danbury-06611": {"city": "Bridgeport-Stamford-Danbury", "rent": 3650, "zip": "06611"}, "bridgeport-stamford-danbury-06612": {"city": "Bridgeport-Stamford-Danbury", "rent": 3770, "zip": "06612"}, "bridgeport-stamford-danbury-06614": {"city": "Bridgeport-Stamford-Danbury", "rent": 2730, "zip": "06614"}, "bridgeport-stamford-danbury-06615": {"city": "Bridgeport-Stamford-Danbury", "rent": 2360, "zip": "06615"}, "bridgeport-stamford-danbury-06752": {"city": "Bridgeport-Stamford-Danbury", "rent": 3770, "zip": "06752"}, "bridgeport-stamford-danbury-06755": {"city": "Bridgeport-Stamford-Danbury", "rent": 2710, "zip": "06755"}, "bridgeport-stamford-danbury-06776": {"city": "Bridgeport-Stamford-Danbury", "rent": 2660, "zip": "06776"}, "bridgeport-stamford-danbury-06783": {"city": "Bridgeport-Stamford-Danbury", "rent": 2370, "zip": "06783"}, "bridgeport-stamford-danbury-06784": {"city": "Bridgeport-Stamford-Danbury", "rent": 2780, "zip": "06784"}, "bridgeport-stamford-danbury-06785": {"city": "Bridgeport-Stamford-Danbury", "rent": 1600, "zip": "06785"}, "bridgeport-stamford-danbury-06794": {"city": "Bridgeport-Stamford-Danbury", "rent": 2300, "zip": "06794"}, "bridgeport-stamford-danbury-06801": {"city": "Bridgeport-Stamford-Danbury", "rent": 2040, "zip": "06801"}, "bridgeport-stamford-danbury-06804": {"city": "Bridgeport-Stamford-Danbury", "rent": 2660, "zip": "06804"}, "bridgeport-stamford-danbury-06807": {"city": "Bridgeport-Stamford-Danbury", "rent": 3040, "zip": "06807"}, "bridgeport-stamford-danbury-06810": {"city": "Bridgeport-Stamford-Danbury", "rent": 2460, "zip": "06810"}, "bridgeport-stamford-danbury-06811": {"city": "Bridgeport-Stamford-Danbury", "rent": 2380, "zip": "06811"}, "bridgeport-stamford-danbury-06812": {"city": "Bridgeport-Stamford-Danbury", "rent": 2770, "zip": "06812"}, "bridgeport-stamford-danbury-06813": {"city": "Bridgeport-Stamford-Danbury", "rent": 2760, "zip": "06813"}, "bridgeport-stamford-danbury-06820": {"city": "Bridgeport-Stamford-Danbury", "rent": 3530, "zip": "06820"}, "bridgeport-stamford-danbury-06824": {"city": "Bridgeport-Stamford-Danbury", "rent": 3500, "zip": "06824"}, "bridgeport-stamford-danbury-06825": {"city": "Bridgeport-Stamford-Danbury", "rent": 2910, "zip": "06825"}, "bridgeport-stamford-danbury-06829": {"city": "Bridgeport-Stamford-Danbury", "rent": 2420, "zip": "06829"}, "bridgeport-stamford-danbury-06830": {"city": "Bridgeport-Stamford-Danbury", "rent": 2860, "zip": "06830"}, "bridgeport-stamford-danbury-06831": {"city": "Bridgeport-Stamford-Danbury", "rent": 2980, "zip": "06831"}, "bridgeport-stamford-danbury-06836": {"city": "Bridgeport-Stamford-Danbury", "rent": 2420, "zip": "06836"}, "bridgeport-stamford-danbury-06838": {"city": "Bridgeport-Stamford-Danbury", "rent": 2420, "zip": "06838"}, "bridgeport-stamford-danbury-06840": {"city": "Bridgeport-Stamford-Danbury", "rent": 3500, "zip": "06840"}, "bridgeport-stamford-danbury-06850": {"city": "Bridgeport-Stamford-Danbury", "rent": 2720, "zip": "06850"}, "bridgeport-stamford-danbury-06851": {"city": "Bridgeport-Stamford-Danbury", "rent": 2440, "zip": "06851"}, "bridgeport-stamford-danbury-06852": {"city": "Bridgeport-Stamford-Danbury", "rent": 2420, "zip": "06852"}, "bridgeport-stamford-danbury-06853": {"city": "Bridgeport-Stamford-Danbury", "rent": 3010, "zip": "06853"}, "bridgeport-stamford-danbury-06854": {"city": "Bridgeport-Stamford-Danbury", "rent": 2350, "zip": "06854"}, "bridgeport-stamford-danbury-06855": {"city": "Bridgeport-Stamford-Danbury", "rent": 2430, "zip": "06855"}, "bridgeport-stamford-danbury-06856": {"city": "Bridgeport-Stamford-Danbury", "rent": 2420, "zip": "06856"}, "bridgeport-stamford-danbury-06870": {"city": "Bridgeport-Stamford-Danbury", "rent": 2930, "zip": "06870"}, "bridgeport-stamford-danbury-06877": {"city": "Bridgeport-Stamford-Danbury", "rent": 2870, "zip": "06877"}, "bridgeport-stamford-danbury-06878": {"city": "Bridgeport-Stamford-Danbury", "rent": 2970, "zip": "06878"}, "bridgeport-stamford-danbury-06880": {"city": "Bridgeport-Stamford-Danbury", "rent": 2750, "zip": "06880"}, "bridgeport-stamford-danbury-06881": {"city": "Bridgeport-Stamford-Danbury", "rent": 2420, "zip": "06881"}, "bridgeport-stamford-danbury-06883": {"city": "Bridgeport-Stamford-Danbury", "rent": 3110, "zip": "06883"}, "bridgeport-stamford-danbury-06890": {"city": "Bridgeport-Stamford-Danbury", "rent": 3770, "zip": "06890"}, "bridgeport-stamford-danbury-06896": {"city": "Bridgeport-Stamford-Danbury", "rent": 3150, "zip": "06896"}, "bridgeport-stamford-danbury-06897": {"city": "Bridgeport-Stamford-Danbury", "rent": 2610, "zip": "06897"}, "bridgeport-stamford-danbury-06901": {"city": "Bridgeport-Stamford-Danbury", "rent": 2780, "zip": "06901"}, "bridgeport-stamford-danbury-06902": {"city": "Bridgeport-Stamford-Danbury", "rent": 2890, "zip": "06902"}, "bridgeport-stamford-danbury-06903": {"city": "Bridgeport-Stamford-Danbury", "rent": 3200, "zip": "06903"}, "bridgeport-stamford-danbury-06904": {"city": "Bridgeport-Stamford-Danbury", "rent": 2420, "zip": "06904"}, "bridgeport-stamford-danbury-06905": {"city": "Bridgeport-Stamford-Danbury", "rent": 2830, "zip": "06905"}, "bridgeport-stamford-danbury-06906": {"city": "Bridgeport-Stamford-Danbury", "rent": 2660, "zip": "06906"}, "bridgeport-stamford-danbury-06907": {"city": "Bridgeport-Stamford-Danbury", "rent": 2510, "zip": "06907"}, "bridgeport-stamford-danbury-06911": {"city": "Bridgeport-Stamford-Danbury", "rent": 2420, "zip": "06911"}, "bridgeport-stamford-danbury-06912": {"city": "Bridgeport-Stamford-Danbury", "rent": 2420, "zip": "06912"}, "hartford-west-hartford-east-hartford-06413": {"city": "Hartford-West Hartford-East Hartford", "rent": 1820, "zip": "06413"}, "hartford-west-hartford-east-hartford-06417": {"city": "Hartford-West Hartford-East Hartford", "rent": 1900, "zip": "06417"}, "hartford-west-hartford-east-hartford-06001": {"city": "Hartford-West Hartford-East Hartford", "rent": 2240, "zip": "06001"}, "hartford-west-hartford-east-hartford-06002": {"city": "Hartford-West Hartford-East Hartford", "rent": 2370, "zip": "06002"}, "hartford-west-hartford-east-hartford-06010": {"city": "Hartford-West Hartford-East Hartford", "rent": 1880, "zip": "06010"}, "hartford-west-hartford-east-hartford-06013": {"city": "Hartford-West Hartford-East Hartford", "rent": 1780, "zip": "06013"}, "hartford-west-hartford-east-hartford-06016": {"city": "Hartford-West Hartford-East Hartford", "rent": 2190, "zip": "06016"}, "hartford-west-hartford-east-hartford-06019": {"city": "Hartford-West Hartford-East Hartford", "rent": 1930, "zip": "06019"}, "hartford-west-hartford-east-hartford-06020": {"city": "Hartford-West Hartford-East Hartford", "rent": 1860, "zip": "06020"}, "hartford-west-hartford-east-hartford-06022": {"city": "Hartford-West Hartford-East Hartford", "rent": 1930, "zip": "06022"}, "hartford-west-hartford-east-hartford-06023": {"city": "Hartford-West Hartford-East Hartford", "rent": 1840, "zip": "06023"}, "hartford-west-hartford-east-hartford-06026": {"city": "Hartford-West Hartford-East Hartford", "rent": 1600, "zip": "06026"}, "hartford-west-hartford-east-hartford-06029": {"city": "Hartford-West Hartford-East Hartford", "rent": 2260, "zip": "06029"}, "hartford-west-hartford-east-hartford-06032": {"city": "Hartford-West Hartford-East Hartford", "rent": 2430, "zip": "06032"}, "hartford-west-hartford-east-hartford-06033": {"city": "Hartford-West Hartford-East Hartford", "rent": 2330, "zip": "06033"}, "hartford-west-hartford-east-hartford-06034": {"city": "Hartford-West Hartford-East Hartford", "rent": 1860, "zip": "06034"}, "hartford-west-hartford-east-hartford-06035": {"city": "Hartford-West Hartford-East Hartford", "rent": 1950, "zip": "06035"}, "hartford-west-hartford-east-hartford-06037": {"city": "Hartford-West Hartford-East Hartford", "rent": 1910, "zip": "06037"}, "hartford-west-hartford-east-hartford-06040": {"city": "Hartford-West Hartford-East Hartford", "rent": 1860, "zip": "06040"}, "hartford-west-hartford-east-hartford-06041": {"city": "Hartford-West Hartford-East Hartford", "rent": 1860, "zip": "06041"}, "hartford-west-hartford-east-hartford-06042": {"city": "Hartford-West Hartford-East Hartford", "rent": 2230, "zip": "06042"}, "hartford-west-hartford-east-hartford-06043": {"city": "Hartford-West Hartford-East Hartford", "rent": 1630, "zip": "06043"}, "hartford-west-hartford-east-hartford-06045": {"city": "Hartford-West Hartford-East Hartford", "rent": 1860, "zip": "06045"}, "hartford-west-hartford-east-hartford-06050": {"city": "Hartford-West Hartford-East Hartford", "rent": 1860, "zip": "06050"}, "hartford-west-hartford-east-hartford-06051": {"city": "Hartford-West Hartford-East Hartford", "rent": 1500, "zip": "06051"}, "hartford-west-hartford-east-hartford-06052": {"city": "Hartford-West Hartford-East Hartford", "rent": 1700, "zip": "06052"}, "hartford-west-hartford-east-hartford-06053": {"city": "Hartford-West Hartford-East Hartford", "rent": 1760, "zip": "06053"}, "hartford-west-hartford-east-hartford-06059": {"city": "Hartford-West Hartford-East Hartford", "rent": 1930, "zip": "06059"}, "hartford-west-hartford-east-hartford-06060": {"city": "Hartford-West Hartford-East Hartford", "rent": 1960, "zip": "06060"}, "hartford-west-hartford-east-hartford-06062": {"city": "Hartford-West Hartford-East Hartford", "rent": 1540, "zip": "06062"}, "hartford-west-hartford-east-hartford-06066": {"city": "Hartford-West Hartford-East Hartford", "rent": 1960, "zip": "06066"}, "hartford-west-hartford-east-hartford-06067": {"city": "Hartford-West Hartford-East Hartford", "rent": 2320, "zip": "06067"}, "hartford-west-hartford-east-hartford-06070": {"city": "Hartford-West Hartford-East Hartford", "rent": 2710, "zip": "06070"}, "hartford-west-hartford-east-hartford-06071": {"city": "Hartford-West Hartford-East Hartford", "rent": 1750, "zip": "06071"}, "hartford-west-hartford-east-hartford-06072": {"city": "Hartford-West Hartford-East Hartford", "rent": 1880, "zip": "06072"}, "hartford-west-hartford-east-hartford-06073": {"city": "Hartford-West Hartford-East Hartford", "rent": 2020, "zip": "06073"}, "hartford-west-hartford-east-hartford-06074": {"city": "Hartford-West Hartford-East Hartford", "rent": 2310, "zip": "06074"}, "hartford-west-hartford-east-hartford-06075": {"city": "Hartford-West Hartford-East Hartford", "rent": 1880, "zip": "06075"}, "hartford-west-hartford-east-hartford-06076": {"city": "Hartford-West Hartford-East Hartford", "rent": 1600, "zip": "06076"}, "hartford-west-hartford-east-hartford-06077": {"city": "Hartford-West Hartford-East Hartford", "rent": 1880, "zip": "06077"}, "hartford-west-hartford-east-hartford-06078": {"city": "Hartford-West Hartford-East Hartford", "rent": 1880, "zip": "06078"}, "hartford-west-hartford-east-hartford-06080": {"city": "Hartford-West Hartford-East Hartford", "rent": 1880, "zip": "06080"}, "hartford-west-hartford-east-hartford-06081": {"city": "Hartford-West Hartford-East Hartford", "rent": 1700, "zip": "06081"}, "hartford-west-hartford-east-hartford-06082": {"city": "Hartford-West Hartford-East Hartford", "rent": 2020, "zip": "06082"}, "hartford-west-hartford-east-hartford-06083": {"city": "Hartford-West Hartford-East Hartford", "rent": 1860, "zip": "06083"}, "hartford-west-hartford-east-hartford-06084": {"city": "Hartford-West Hartford-East Hartford", "rent": 2030, "zip": "06084"}, "hartford-west-hartford-east-hartford-06085": {"city": "Hartford-West Hartford-East Hartford", "rent": 1770, "zip": "06085"}, "hartford-west-hartford-east-hartford-06088": {"city": "Hartford-West Hartford-East Hartford", "rent": 1930, "zip": "06088"}, "hartford-west-hartford-east-hartford-06089": {"city": "Hartford-West Hartford-East Hartford", "rent": 2770, "zip": "06089"}, "hartford-west-hartford-east-hartford-06090": {"city": "Hartford-West Hartford-East Hartford", "rent": 2060, "zip": "06090"}, "hartford-west-hartford-east-hartford-06092": {"city": "Hartford-West Hartford-East Hartford", "rent": 2440, "zip": "06092"}, "hartford-west-hartford-east-hartford-06093": {"city": "Hartford-West Hartford-East Hartford", "rent": 1790, "zip": "06093"}, "hartford-west-hartford-east-hartford-06095": {"city": "Hartford-West Hartford-East Hartford", "rent": 2180, "zip": "06095"}, "hartford-west-hartford-east-hartford-06096": {"city": "Hartford-West Hartford-East Hartford", "rent": 1790, "zip": "06096"}, "hartford-west-hartford-east-hartford-06101": {"city": "Hartford-West Hartford-East Hartford", "rent": 1860, "zip": "06101"}, "hartford-west-hartford-east-hartford-06102": {"city": "Hartford-West Hartford-East Hartford", "rent": 1860, "zip": "06102"}, "hartford-west-hartford-east-hartford-06103": {"city": "Hartford-West Hartford-East Hartford", "rent": 2400, "zip": "06103"}, "hartford-west-hartford-east-hartford-06105": {"city": "Hartford-West Hartford-East Hartford", "rent": 1770, "zip": "06105"}, "hartford-west-hartford-east-hartford-06106": {"city": "Hartford-West Hartford-East Hartford", "rent": 1640, "zip": "06106"}, "hartford-west-hartford-east-hartford-06107": {"city": "Hartford-West Hartford-East Hartford", "rent": 2450, "zip": "06107"}, "hartford-west-hartford-east-hartford-06108": {"city": "Hartford-West Hartford-East Hartford", "rent": 1650, "zip": "06108"}, "hartford-west-hartford-east-hartford-06109": {"city": "Hartford-West Hartford-East Hartford", "rent": 1750, "zip": "06109"}, "hartford-west-hartford-east-hartford-06110": {"city": "Hartford-West Hartford-East Hartford", "rent": 2160, "zip": "06110"}, "hartford-west-hartford-east-hartford-06111": {"city": "Hartford-West Hartford-East Hartford", "rent": 2020, "zip": "06111"}, "hartford-west-hartford-east-hartford-06112": {"city": "Hartford-West Hartford-East Hartford", "rent": 1800, "zip": "06112"}, "hartford-west-hartford-east-hartford-06114": {"city": "Hartford-West Hartford-East Hartford", "rent": 1780, "zip": "06114"}, "hartford-west-hartford-east-hartford-06115": {"city": "Hartford-West Hartford-East Hartford", "rent": 1860, "zip": "06115"}, "hartford-west-hartford-east-hartford-06117": {"city": "Hartford-West Hartford-East Hartford", "rent": 2360, "zip": "06117"}, "hartford-west-hartford-east-hartford-06118": {"city": "Hartford-West Hartford-East Hartford", "rent": 1810, "zip": "06118"}, "hartford-west-hartford-east-hartford-06119": {"city": "Hartford-West Hartford-East Hartford", "rent": 2140, "zip": "06119"}, "hartford-west-hartford-east-hartford-06120": {"city": "Hartford-West Hartford-East Hartford", "rent": 1770, "zip": "06120"}, "hartford-west-hartford-east-hartford-06123": {"city": "Hartford-West Hartford-East Hartford", "rent": 1860, "zip": "06123"}, "hartford-west-hartford-east-hartford-06126": {"city": "Hartford-West Hartford-East Hartford", "rent": 1860, "zip": "06126"}, "hartford-west-hartford-east-hartford-06127": {"city": "Hartford-West Hartford-East Hartford", "rent": 1860, "zip": "06127"}, "hartford-west-hartford-east-hartford-06128": {"city": "Hartford-West Hartford-East Hartford", "rent": 1860, "zip": "06128"}, "hartford-west-hartford-east-hartford-06129": {"city": "Hartford-West Hartford-East Hartford", "rent": 1860, "zip": "06129"}, "hartford-west-hartford-east-hartford-06131": {"city": "Hartford-West Hartford-East Hartford", "rent": 1860, "zip": "06131"}, "hartford-west-hartford-east-hartford-06132": {"city": "Hartford-West Hartford-East Hartford", "rent": 1860, "zip": "06132"}, "hartford-west-hartford-east-hartford-06133": {"city": "Hartford-West Hartford-East Hartford", "rent": 1860, "zip": "06133"}, "hartford-west-hartford-east-hartford-06134": {"city": "Hartford-West Hartford-East Hartford", "rent": 1860, "zip": "06134"}, "hartford-west-hartford-east-hartford-06137": {"city": "Hartford-West Hartford-East Hartford", "rent": 1860, "zip": "06137"}, "hartford-west-hartford-east-hartford-06138": {"city": "Hartford-West Hartford-East Hartford", "rent": 1860, "zip": "06138"}, "hartford-west-hartford-east-hartford-06141": {"city": "Hartford-West Hartford-East Hartford", "rent": 1860, "zip": "06141"}, "hartford-west-hartford-east-hartford-06142": {"city": "Hartford-West Hartford-East Hartford", "rent": 1860, "zip": "06142"}, "hartford-west-hartford-east-hartford-06143": {"city": "Hartford-West Hartford-East Hartford", "rent": 1860, "zip": "06143"}, "hartford-west-hartford-east-hartford-06144": {"city": "Hartford-West Hartford-East Hartford", "rent": 1860, "zip": "06144"}, "hartford-west-hartford-east-hartford-06145": {"city": "Hartford-West Hartford-East Hartford", "rent": 1860, "zip": "06145"}, "hartford-west-hartford-east-hartford-06146": {"city": "Hartford-West Hartford-East Hartford", "rent": 1860, "zip": "06146"}, "hartford-west-hartford-east-hartford-06147": {"city": "Hartford-West Hartford-East Hartford", "rent": 1860, "zip": "06147"}, "hartford-west-hartford-east-hartford-06152": {"city": "Hartford-West Hartford-East Hartford", "rent": 1860, "zip": "06152"}, "hartford-west-hartford-east-hartford-06153": {"city": "Hartford-West Hartford-East Hartford", "rent": 1860, "zip": "06153"}, "hartford-west-hartford-east-hartford-06154": {"city": "Hartford-West Hartford-East Hartford", "rent": 1860, "zip": "06154"}, "hartford-west-hartford-east-hartford-06155": {"city": "Hartford-West Hartford-East Hartford", "rent": 1860, "zip": "06155"}, "hartford-west-hartford-east-hartford-06156": {"city": "Hartford-West Hartford-East Hartford", "rent": 1860, "zip": "06156"}, "hartford-west-hartford-east-hartford-06160": {"city": "Hartford-West Hartford-East Hartford", "rent": 1860, "zip": "06160"}, "hartford-west-hartford-east-hartford-06161": {"city": "Hartford-West Hartford-East Hartford", "rent": 1860, "zip": "06161"}, "hartford-west-hartford-east-hartford-06167": {"city": "Hartford-West Hartford-East Hartford", "rent": 1860, "zip": "06167"}, "hartford-west-hartford-east-hartford-06199": {"city": "Hartford-West Hartford-East Hartford", "rent": 1860, "zip": "06199"}, "hartford-west-hartford-east-hartford-06226": {"city": "Hartford-West Hartford-East Hartford", "rent": 1760, "zip": "06226"}, "hartford-west-hartford-east-hartford-06231": {"city": "Hartford-West Hartford-East Hartford", "rent": 1770, "zip": "06231"}, "hartford-west-hartford-east-hartford-06232": {"city": "Hartford-West Hartford-East Hartford", "rent": 1740, "zip": "06232"}, "hartford-west-hartford-east-hartford-06237": {"city": "Hartford-West Hartford-East Hartford", "rent": 1300, "zip": "06237"}, "hartford-west-hartford-east-hartford-06238": {"city": "Hartford-West Hartford-East Hartford", "rent": 1890, "zip": "06238"}, "hartford-west-hartford-east-hartford-06248": {"city": "Hartford-West Hartford-East Hartford", "rent": 1880, "zip": "06248"}, "hartford-west-hartford-east-hartford-06250": {"city": "Hartford-West Hartford-East Hartford", "rent": 2250, "zip": "06250"}, "hartford-west-hartford-east-hartford-06251": {"city": "Hartford-West Hartford-East Hartford", "rent": 1880, "zip": "06251"}, "hartford-west-hartford-east-hartford-06268": {"city": "Hartford-West Hartford-East Hartford", "rent": 1970, "zip": "06268"}, "hartford-west-hartford-east-hartford-06269": {"city": "Hartford-West Hartford-East Hartford", "rent": 2800, "zip": "06269"}, "hartford-west-hartford-east-hartford-06279": {"city": "Hartford-West Hartford-East Hartford", "rent": 1630, "zip": "06279"}, "hartford-west-hartford-east-hartford-06371": {"city": "Hartford-West Hartford-East Hartford", "rent": 2430, "zip": "06371"}, "hartford-west-hartford-east-hartford-06376": {"city": "Hartford-West Hartford-East Hartford", "rent": 2430, "zip": "06376"}, "hartford-west-hartford-east-hartford-06410": {"city": "Hartford-West Hartford-East Hartford", "rent": 1680, "zip": "06410"}, "hartford-west-hartford-east-hartford-06412": {"city": "Hartford-West Hartford-East Hartford", "rent": 1870, "zip": "06412"}, "hartford-west-hartford-east-hartford-06414": {"city": "Hartford-West Hartford-East Hartford", "rent": 1750, "zip": "06414"}, "hartford-west-hartford-east-hartford-06415": {"city": "Hartford-West Hartford-East Hartford", "rent": 1880, "zip": "06415"}, "hartford-west-hartford-east-hartford-06416": {"city": "Hartford-West Hartford-East Hartford", "rent": 1930, "zip": "06416"}, "hartford-west-hartford-east-hartford-06420": {"city": "Hartford-West Hartford-East Hartford", "rent": 1950, "zip": "06420"}, "hartford-west-hartford-east-hartford-06422": {"city": "Hartford-West Hartford-East Hartford", "rent": 2370, "zip": "06422"}, "hartford-west-hartford-east-hartford-06423": {"city": "Hartford-West Hartford-East Hartford", "rent": 2040, "zip": "06423"}, "hartford-west-hartford-east-hartford-06424": {"city": "Hartford-West Hartford-East Hartford", "rent": 1920, "zip": "06424"}, "hartford-west-hartford-east-hartford-06426": {"city": "Hartford-West Hartford-East Hartford", "rent": 2130, "zip": "06426"}, "hartford-west-hartford-east-hartford-06438": {"city": "Hartford-West Hartford-East Hartford", "rent": 2350, "zip": "06438"}, "hartford-west-hartford-east-hartford-06439": {"city": "Hartford-West Hartford-East Hartford", "rent": 2430, "zip": "06439"}, "hartford-west-hartford-east-hartford-06441": {"city": "Hartford-West Hartford-East Hartford", "rent": 1650, "zip": "06441"}, "hartford-west-hartford-east-hartford-06442": {"city": "Hartford-West Hartford-East Hartford", "rent": 1730, "zip": "06442"}, "hartford-west-hartford-east-hartford-06444": {"city": "Hartford-West Hartford-East Hartford", "rent": 2200, "zip": "06444"}, "hartford-west-hartford-east-hartford-06447": {"city": "Hartford-West Hartford-East Hartford", "rent": 1910, "zip": "06447"}, "hartford-west-hartford-east-hartford-06451": {"city": "Hartford-West Hartford-East Hartford", "rent": 1750, "zip": "06451"}, "hartford-west-hartford-east-hartford-06455": {"city": "Hartford-West Hartford-East Hartford", "rent": 1650, "zip": "06455"}, "hartford-west-hartford-east-hartford-06456": {"city": "Hartford-West Hartford-East Hartford", "rent": 1920, "zip": "06456"}, "hartford-west-hartford-east-hartford-06457": {"city": "Hartford-West Hartford-East Hartford", "rent": 1930, "zip": "06457"}, "hartford-west-hartford-east-hartford-06459": {"city": "Hartford-West Hartford-East Hartford", "rent": 1930, "zip": "06459"}, "hartford-west-hartford-east-hartford-06467": {"city": "Hartford-West Hartford-East Hartford", "rent": 2240, "zip": "06467"}, "hartford-west-hartford-east-hartford-06469": {"city": "Hartford-West Hartford-East Hartford", "rent": 1690, "zip": "06469"}, "hartford-west-hartford-east-hartford-06479": {"city": "Hartford-West Hartford-East Hartford", "rent": 2360, "zip": "06479"}, "hartford-west-hartford-east-hartford-06480": {"city": "Hartford-West Hartford-East Hartford", "rent": 1640, "zip": "06480"}, "hartford-west-hartford-east-hartford-06481": {"city": "Hartford-West Hartford-East Hartford", "rent": 1610, "zip": "06481"}, "hartford-west-hartford-east-hartford-06489": {"city": "Hartford-West Hartford-East Hartford", "rent": 1930, "zip": "06489"}, "hartford-west-hartford-east-hartford-06498": {"city": "Hartford-West Hartford-East Hartford", "rent": 1790, "zip": "06498"}, "hartford-west-hartford-east-hartford-06409": {"city": "Hartford-West Hartford-East Hartford", "rent": 1520, "zip": "06409"}, "hartford-west-hartford-east-hartford-06419": {"city": "Hartford-West Hartford-East Hartford", "rent": 2250, "zip": "06419"}, "hartford-west-hartford-east-hartford-06475": {"city": "Hartford-West Hartford-East Hartford", "rent": 2420, "zip": "06475"}, "new-haven-06037": {"city": "New Haven", "rent": 1910, "zip": "06037"}, "new-haven-06401": {"city": "New Haven", "rent": 1720, "zip": "06401"}, "new-haven-06405": {"city": "New Haven", "rent": 2020, "zip": "06405"}, "new-haven-06410": {"city": "New Haven", "rent": 1680, "zip": "06410"}, "new-haven-06418": {"city": "New Haven", "rent": 1710, "zip": "06418"}, "new-haven-06422": {"city": "New Haven", "rent": 2370, "zip": "06422"}, "new-haven-06437": {"city": "New Haven", "rent": 2250, "zip": "06437"}, "new-haven-06443": {"city": "New Haven", "rent": 2720, "zip": "06443"}, "new-haven-06450": {"city": "New Haven", "rent": 1780, "zip": "06450"}, "new-haven-06451": {"city": "New Haven", "rent": 1750, "zip": "06451"}, "new-haven-06460": {"city": "New Haven", "rent": 2350, "zip": "06460"}, "new-haven-06461": {"city": "New Haven", "rent": 2700, "zip": "06461"}, "new-haven-06471": {"city": "New Haven", "rent": 2230, "zip": "06471"}, "new-haven-06472": {"city": "New Haven", "rent": 1960, "zip": "06472"}, "new-haven-06473": {"city": "New Haven", "rent": 2030, "zip": "06473"}, "new-haven-06477": {"city": "New Haven", "rent": 2650, "zip": "06477"}, "new-haven-06492": {"city": "New Haven", "rent": 1720, "zip": "06492"}, "new-haven-06501": {"city": "New Haven", "rent": 1950, "zip": "06501"}, "new-haven-06502": {"city": "New Haven", "rent": 1950, "zip": "06502"}, "new-haven-06503": {"city": "New Haven", "rent": 1950, "zip": "06503"}, "new-haven-06504": {"city": "New Haven", "rent": 1950, "zip": "06504"}, "new-haven-06505": {"city": "New Haven", "rent": 1950, "zip": "06505"}, "new-haven-06506": {"city": "New Haven", "rent": 1950, "zip": "06506"}, "new-haven-06507": {"city": "New Haven", "rent": 1950, "zip": "06507"}, "new-haven-06508": {"city": "New Haven", "rent": 1950, "zip": "06508"}, "new-haven-06509": {"city": "New Haven", "rent": 1950, "zip": "06509"}, "new-haven-06510": {"city": "New Haven", "rent": 2600, "zip": "06510"}, "new-haven-06511": {"city": "New Haven", "rent": 2040, "zip": "06511"}, "new-haven-06512": {"city": "New Haven", "rent": 1900, "zip": "06512"}, "new-haven-06513": {"city": "New Haven", "rent": 1790, "zip": "06513"}, "new-haven-06514": {"city": "New Haven", "rent": 2160, "zip": "06514"}, "new-haven-06515": {"city": "New Haven", "rent": 2080, "zip": "06515"}, "new-haven-06516": {"city": "New Haven", "rent": 1930, "zip": "06516"}, "new-haven-06517": {"city": "New Haven", "rent": 1860, "zip": "06517"}, "new-haven-06518": {"city": "New Haven", "rent": 2630, "zip": "06518"}, "new-haven-06519": {"city": "New Haven", "rent": 1880, "zip": "06519"}, "new-haven-06520": {"city": "New Haven", "rent": 1950, "zip": "06520"}, "new-haven-06521": {"city": "New Haven", "rent": 1950, "zip": "06521"}, "new-haven-06524": {"city": "New Haven", "rent": 2100, "zip": "06524"}, "new-haven-06525": {"city": "New Haven", "rent": 2410, "zip": "06525"}, "new-haven-06530": {"city": "New Haven", "rent": 1950, "zip": "06530"}, "new-haven-06531": {"city": "New Haven", "rent": 1950, "zip": "06531"}, "new-haven-06532": {"city": "New Haven", "rent": 1950, "zip": "06532"}, "new-haven-06533": {"city": "New Haven", "rent": 1950, "zip": "06533"}, "new-haven-06534": {"city": "New Haven", "rent": 1950, "zip": "06534"}, "new-haven-06535": {"city": "New Haven", "rent": 1950, "zip": "06535"}, "new-haven-06536": {"city": "New Haven", "rent": 1950, "zip": "06536"}, "new-haven-06537": {"city": "New Haven", "rent": 1950, "zip": "06537"}, "new-haven-06538": {"city": "New Haven", "rent": 1950, "zip": "06538"}, "new-haven-06770": {"city": "New Haven", "rent": 1830, "zip": "06770"}, "norwich-new-london-willimantic-06226": {"city": "Norwich-New London-Willimantic", "rent": 1760, "zip": "06226"}, "norwich-new-london-willimantic-06231": {"city": "Norwich-New London-Willimantic", "rent": 1770, "zip": "06231"}, "norwich-new-london-willimantic-06249": {"city": "Norwich-New London-Willimantic", "rent": 1890, "zip": "06249"}, "norwich-new-london-willimantic-06254": {"city": "Norwich-New London-Willimantic", "rent": 1470, "zip": "06254"}, "norwich-new-london-willimantic-06256": {"city": "Norwich-New London-Willimantic", "rent": 2070, "zip": "06256"}, "norwich-new-london-willimantic-06266": {"city": "Norwich-New London-Willimantic", "rent": 2010, "zip": "06266"}, "norwich-new-london-willimantic-06280": {"city": "Norwich-New London-Willimantic", "rent": 2410, "zip": "06280"}, "norwich-new-london-willimantic-06320": {"city": "Norwich-New London-Willimantic", "rent": 1900, "zip": "06320"}, "norwich-new-london-willimantic-06330": {"city": "Norwich-New London-Willimantic", "rent": 1780, "zip": "06330"}, "norwich-new-london-willimantic-06333": {"city": "Norwich-New London-Willimantic", "rent": 2360, "zip": "06333"}, "norwich-new-london-willimantic-06334": {"city": "Norwich-New London-Willimantic", "rent": 1810, "zip": "06334"}, "norwich-new-london-willimantic-06335": {"city": "Norwich-New London-Willimantic", "rent": 2660, "zip": "06335"}, "norwich-new-london-willimantic-06336": {"city": "Norwich-New London-Willimantic", "rent": 1820, "zip": "06336"}, "norwich-new-london-willimantic-06338": {"city": "Norwich-New London-Willimantic", "rent": 1940, "zip": "06338"}, "norwich-new-london-willimantic-06339": {"city": "Norwich-New London-Willimantic", "rent": 1940, "zip": "06339"}, "norwich-new-london-willimantic-06340": {"city": "Norwich-New London-Willimantic", "rent": 1980, "zip": "06340"}, "norwich-new-london-willimantic-06349": {"city": "Norwich-New London-Willimantic", "rent": 1860, "zip": "06349"}, "norwich-new-london-willimantic-06350": {"city": "Norwich-New London-Willimantic", "rent": 1780, "zip": "06350"}, "norwich-new-london-willimantic-06351": {"city": "Norwich-New London-Willimantic", "rent": 1610, "zip": "06351"}, "norwich-new-london-willimantic-06353": {"city": "Norwich-New London-Willimantic", "rent": 1590, "zip": "06353"}, "norwich-new-london-willimantic-06355": {"city": "Norwich-New London-Willimantic", "rent": 2240, "zip": "06355"}, "norwich-new-london-willimantic-06357": {"city": "Norwich-New London-Willimantic", "rent": 2100, "zip": "06357"}, "norwich-new-london-willimantic-06359": {"city": "Norwich-New London-Willimantic", "rent": 1850, "zip": "06359"}, "norwich-new-london-willimantic-06360": {"city": "Norwich-New London-Willimantic", "rent": 1730, "zip": "06360"}, "norwich-new-london-willimantic-06365": {"city": "Norwich-New London-Willimantic", "rent": 2110, "zip": "06365"}, "norwich-new-london-willimantic-06370": {"city": "Norwich-New London-Willimantic", "rent": 1470, "zip": "06370"}, "norwich-new-london-willimantic-06371": {"city": "Norwich-New London-Willimantic", "rent": 2430, "zip": "06371"}, "norwich-new-london-willimantic-06372": {"city": "Norwich-New London-Willimantic", "rent": 1860, "zip": "06372"}, "norwich-new-london-willimantic-06374": {"city": "Norwich-New London-Willimantic", "rent": 1640, "zip": "06374"}, "norwich-new-london-willimantic-06375": {"city": "Norwich-New London-Willimantic", "rent": 1580, "zip": "06375"}, "norwich-new-london-willimantic-06378": {"city": "Norwich-New London-Willimantic", "rent": 2140, "zip": "06378"}, "norwich-new-london-willimantic-06379": {"city": "Norwich-New London-Willimantic", "rent": 1760, "zip": "06379"}, "norwich-new-london-willimantic-06380": {"city": "Norwich-New London-Willimantic", "rent": 1590, "zip": "06380"}, "norwich-new-london-willimantic-06382": {"city": "Norwich-New London-Willimantic", "rent": 1720, "zip": "06382"}, "norwich-new-london-willimantic-06383": {"city": "Norwich-New London-Willimantic", "rent": 1860, "zip": "06383"}, "norwich-new-london-willimantic-06384": {"city": "Norwich-New London-Willimantic", "rent": 1470, "zip": "06384"}, "norwich-new-london-willimantic-06385": {"city": "Norwich-New London-Willimantic", "rent": 2170, "zip": "06385"}, "norwich-new-london-willimantic-06389": {"city": "Norwich-New London-Willimantic", "rent": 1700, "zip": "06389"}, "norwich-new-london-willimantic-06415": {"city": "Norwich-New London-Willimantic", "rent": 1880, "zip": "06415"}, "norwich-new-london-willimantic-06420": {"city": "Norwich-New London-Willimantic", "rent": 1950, "zip": "06420"}, "waterbury-shelton-06401": {"city": "Waterbury-Shelton", "rent": 1720, "zip": "06401"}, "waterbury-shelton-06403": {"city": "Waterbury-Shelton", "rent": 2200, "zip": "06403"}, "waterbury-shelton-06410": {"city": "Waterbury-Shelton", "rent": 1680, "zip": "06410"}, "waterbury-shelton-06010": {"city": "Waterbury-Shelton", "rent": 1880, "zip": "06010"}, "waterbury-shelton-06011": {"city": "Waterbury-Shelton", "rent": 1750, "zip": "06011"}, "waterbury-shelton-06013": {"city": "Waterbury-Shelton", "rent": 1780, "zip": "06013"}, "waterbury-shelton-06032": {"city": "Waterbury-Shelton", "rent": 2430, "zip": "06032"}, "waterbury-shelton-06062": {"city": "Waterbury-Shelton", "rent": 1540, "zip": "06062"}, "waterbury-shelton-06418": {"city": "Waterbury-Shelton", "rent": 1710, "zip": "06418"}, "waterbury-shelton-06451": {"city": "Waterbury-Shelton", "rent": 1750, "zip": "06451"}, "waterbury-shelton-06468": {"city": "Waterbury-Shelton", "rent": 2270, "zip": "06468"}, "waterbury-shelton-06477": {"city": "Waterbury-Shelton", "rent": 2650, "zip": "06477"}, "waterbury-shelton-06479": {"city": "Waterbury-Shelton", "rent": 2360, "zip": "06479"}, "waterbury-shelton-06484": {"city": "Waterbury-Shelton", "rent": 2010, "zip": "06484"}, "waterbury-shelton-06487": {"city": "Waterbury-Shelton", "rent": 1890, "zip": "06487"}, "waterbury-shelton-06488": {"city": "Waterbury-Shelton", "rent": 2590, "zip": "06488"}, "waterbury-shelton-06489": {"city": "Waterbury-Shelton", "rent": 1930, "zip": "06489"}, "waterbury-shelton-06492": {"city": "Waterbury-Shelton", "rent": 1720, "zip": "06492"}, "waterbury-shelton-06518": {"city": "Waterbury-Shelton", "rent": 2630, "zip": "06518"}, "waterbury-shelton-06611": {"city": "Waterbury-Shelton", "rent": 3650, "zip": "06611"}, "waterbury-shelton-06614": {"city": "Waterbury-Shelton", "rent": 2730, "zip": "06614"}, "waterbury-shelton-06701": {"city": "Waterbury-Shelton", "rent": 1890, "zip": "06701"}, "waterbury-shelton-06702": {"city": "Waterbury-Shelton", "rent": 1380, "zip": "06702"}, "waterbury-shelton-06703": {"city": "Waterbury-Shelton", "rent": 1890, "zip": "06703"}, "waterbury-shelton-06704": {"city": "Waterbury-Shelton", "rent": 1730, "zip": "06704"}, "waterbury-shelton-06705": {"city": "Waterbury-Shelton", "rent": 1730, "zip": "06705"}, "waterbury-shelton-06706": {"city": "Waterbury-Shelton", "rent": 1710, "zip": "06706"}, "waterbury-shelton-06708": {"city": "Waterbury-Shelton", "rent": 1810, "zip": "06708"}, "waterbury-shelton-06710": {"city": "Waterbury-Shelton", "rent": 1670, "zip": "06710"}, "waterbury-shelton-06712": {"city": "Waterbury-Shelton", "rent": 2340, "zip": "06712"}, "waterbury-shelton-06716": {"city": "Waterbury-Shelton", "rent": 2680, "zip": "06716"}, "waterbury-shelton-06720": {"city": "Waterbury-Shelton", "rent": 1890, "zip": "06720"}, "waterbury-shelton-06721": {"city": "Waterbury-Shelton", "rent": 1890, "zip": "06721"}, "waterbury-shelton-06722": {"city": "Waterbury-Shelton", "rent": 1890, "zip": "06722"}, "waterbury-shelton-06723": {"city": "Waterbury-Shelton", "rent": 1890, "zip": "06723"}, "waterbury-shelton-06724": {"city": "Waterbury-Shelton", "rent": 1890, "zip": "06724"}, "waterbury-shelton-06751": {"city": "Waterbury-Shelton", "rent": 1500, "zip": "06751"}, "waterbury-shelton-06762": {"city": "Waterbury-Shelton", "rent": 2100, "zip": "06762"}, "waterbury-shelton-06770": {"city": "Waterbury-Shelton", "rent": 1830, "zip": "06770"}, "waterbury-shelton-06778": {"city": "Waterbury-Shelton", "rent": 1490, "zip": "06778"}, "waterbury-shelton-06779": {"city": "Waterbury-Shelton", "rent": 1890, "zip": "06779"}, "waterbury-shelton-06781": {"city": "Waterbury-Shelton", "rent": 1820, "zip": "06781"}, "waterbury-shelton-06782": {"city": "Waterbury-Shelton", "rent": 2060, "zip": "06782"}, "waterbury-shelton-06786": {"city": "Waterbury-Shelton", "rent": 1640, "zip": "06786"}, "waterbury-shelton-06787": {"city": "Waterbury-Shelton", "rent": 1490, "zip": "06787"}, "waterbury-shelton-06791": {"city": "Waterbury-Shelton", "rent": 2080, "zip": "06791"}, "waterbury-shelton-06793": {"city": "Waterbury-Shelton", "rent": 2330, "zip": "06793"}, "waterbury-shelton-06795": {"city": "Waterbury-Shelton", "rent": 1720, "zip": "06795"}, "waterbury-shelton-06798": {"city": "Waterbury-Shelton", "rent": 2200, "zip": "06798"}, "waterbury-shelton-06478": {"city": "Waterbury-Shelton", "rent": 1710, "zip": "06478"}, "waterbury-shelton-06483": {"city": "Waterbury-Shelton", "rent": 1710, "zip": "06483"}, "northeastern-connecticut-planning-region-06076": {"city": "Northeastern Connecticut Planning Region", "rent": 1600, "zip": "06076"}, "northeastern-connecticut-planning-region-06230": {"city": "Northeastern Connecticut Planning Region", "rent": 1600, "zip": "06230"}, "northeastern-connecticut-planning-region-06234": {"city": "Northeastern Connecticut Planning Region", "rent": 1660, "zip": "06234"}, "northeastern-connecticut-planning-region-06235": {"city": "Northeastern Connecticut Planning Region", "rent": 1470, "zip": "06235"}, "northeastern-connecticut-planning-region-06239": {"city": "Northeastern Connecticut Planning Region", "rent": 1720, "zip": "06239"}, "northeastern-connecticut-planning-region-06241": {"city": "Northeastern Connecticut Planning Region", "rent": 1750, "zip": "06241"}, "northeastern-connecticut-planning-region-06242": {"city": "Northeastern Connecticut Planning Region", "rent": 1230, "zip": "06242"}, "northeastern-connecticut-planning-region-06243": {"city": "Northeastern Connecticut Planning Region", "rent": 1750, "zip": "06243"}, "northeastern-connecticut-planning-region-06244": {"city": "Northeastern Connecticut Planning Region", "rent": 1600, "zip": "06244"}, "northeastern-connecticut-planning-region-06246": {"city": "Northeastern Connecticut Planning Region", "rent": 1600, "zip": "06246"}, "northeastern-connecticut-planning-region-06247": {"city": "Northeastern Connecticut Planning Region", "rent": 1730, "zip": "06247"}, "northeastern-connecticut-planning-region-06250": {"city": "Northeastern Connecticut Planning Region", "rent": 2250, "zip": "06250"}, "northeastern-connecticut-planning-region-06255": {"city": "Northeastern Connecticut Planning Region", "rent": 1440, "zip": "06255"}, "northeastern-connecticut-planning-region-06256": {"city": "Northeastern Connecticut Planning Region", "rent": 2070, "zip": "06256"}, "northeastern-connecticut-planning-region-06258": {"city": "Northeastern Connecticut Planning Region", "rent": 1620, "zip": "06258"}, "northeastern-connecticut-planning-region-06259": {"city": "Northeastern Connecticut Planning Region", "rent": 1620, "zip": "06259"}, "northeastern-connecticut-planning-region-06260": {"city": "Northeastern Connecticut Planning Region", "rent": 1540, "zip": "06260"}, "northeastern-connecticut-planning-region-06262": {"city": "Northeastern Connecticut Planning Region", "rent": 1540, "zip": "06262"}, "northeastern-connecticut-planning-region-06263": {"city": "Northeastern Connecticut Planning Region", "rent": 1750, "zip": "06263"}, "northeastern-connecticut-planning-region-06264": {"city": "Northeastern Connecticut Planning Region", "rent": 2100, "zip": "06264"}, "northeastern-connecticut-planning-region-06267": {"city": "Northeastern Connecticut Planning Region", "rent": 1600, "zip": "06267"}, "northeastern-connecticut-planning-region-06277": {"city": "Northeastern Connecticut Planning Region", "rent": 2310, "zip": "06277"}, "northeastern-connecticut-planning-region-06278": {"city": "Northeastern Connecticut Planning Region", "rent": 1710, "zip": "06278"}, "northeastern-connecticut-planning-region-06279": {"city": "Northeastern Connecticut Planning Region", "rent": 1630, "zip": "06279"}, "northeastern-connecticut-planning-region-06280": {"city": "Northeastern Connecticut Planning Region", "rent": 2410, "zip": "06280"}, "northeastern-connecticut-planning-region-06281": {"city": "Northeastern Connecticut Planning Region", "rent": 1530, "zip": "06281"}, "northeastern-connecticut-planning-region-06282": {"city": "Northeastern Connecticut Planning Region", "rent": 1470, "zip": "06282"}, "northeastern-connecticut-planning-region-06330": {"city": "Northeastern Connecticut Planning Region", "rent": 1780, "zip": "06330"}, "northeastern-connecticut-planning-region-06331": {"city": "Northeastern Connecticut Planning Region", "rent": 1680, "zip": "06331"}, "northeastern-connecticut-planning-region-06332": {"city": "Northeastern Connecticut Planning Region", "rent": 1630, "zip": "06332"}, "northeastern-connecticut-planning-region-06351": {"city": "Northeastern Connecticut Planning Region", "rent": 1610, "zip": "06351"}, "northeastern-connecticut-planning-region-06354": {"city": "Northeastern Connecticut Planning Region", "rent": 1580, "zip": "06354"}, "northeastern-connecticut-planning-region-06359": {"city": "Northeastern Connecticut Planning Region", "rent": 1850, "zip": "06359"}, "northeastern-connecticut-planning-region-06373": {"city": "Northeastern Connecticut Planning Region", "rent": 2100, "zip": "06373"}, "northeastern-connecticut-planning-region-06374": {"city": "Northeastern Connecticut Planning Region", "rent": 1640, "zip": "06374"}, "northeastern-connecticut-planning-region-06377": {"city": "Northeastern Connecticut Planning Region", "rent": 2190, "zip": "06377"}, "northeastern-connecticut-planning-region-06384": {"city": "Northeastern Connecticut Planning Region", "rent": 1470, "zip": "06384"}, "northeastern-connecticut-planning-region-06387": {"city": "Northeastern Connecticut Planning Region", "rent": 1440, "zip": "06387"}, "northwest-hills-planning-region-06010": {"city": "Northwest Hills Planning Region", "rent": 1880, "zip": "06010"}, "northwest-hills-planning-region-06013": {"city": "Northwest Hills Planning Region", "rent": 1780, "zip": "06013"}, "northwest-hills-planning-region-06018": {"city": "Northwest Hills Planning Region", "rent": 1650, "zip": "06018"}, "northwest-hills-planning-region-06021": {"city": "Northwest Hills Planning Region", "rent": 1860, "zip": "06021"}, "northwest-hills-planning-region-06024": {"city": "Northwest Hills Planning Region", "rent": 1790, "zip": "06024"}, "northwest-hills-planning-region-06027": {"city": "Northwest Hills Planning Region", "rent": 1820, "zip": "06027"}, "northwest-hills-planning-region-06031": {"city": "Northwest Hills Planning Region", "rent": 2120, "zip": "06031"}, "northwest-hills-planning-region-06039": {"city": "Northwest Hills Planning Region", "rent": 1710, "zip": "06039"}, "northwest-hills-planning-region-06057": {"city": "Northwest Hills Planning Region", "rent": 1580, "zip": "06057"}, "northwest-hills-planning-region-06058": {"city": "Northwest Hills Planning Region", "rent": 1510, "zip": "06058"}, "northwest-hills-planning-region-06061": {"city": "Northwest Hills Planning Region", "rent": 1580, "zip": "06061"}, "northwest-hills-planning-region-06063": {"city": "Northwest Hills Planning Region", "rent": 1760, "zip": "06063"}, "northwest-hills-planning-region-06065": {"city": "Northwest Hills Planning Region", "rent": 1770, "zip": "06065"}, "northwest-hills-planning-region-06068": {"city": "Northwest Hills Planning Region", "rent": 1780, "zip": "06068"}, "northwest-hills-planning-region-06069": {"city": "Northwest Hills Planning Region", "rent": 2420, "zip": "06069"}, "northwest-hills-planning-region-06079": {"city": "Northwest Hills Planning Region", "rent": 1630, "zip": "06079"}, "northwest-hills-planning-region-06085": {"city": "Northwest Hills Planning Region", "rent": 1770, "zip": "06085"}, "northwest-hills-planning-region-06090": {"city": "Northwest Hills Planning Region", "rent": 2060, "zip": "06090"}, "northwest-hills-planning-region-06091": {"city": "Northwest Hills Planning Region", "rent": 2100, "zip": "06091"}, "northwest-hills-planning-region-06098": {"city": "Northwest Hills Planning Region", "rent": 1530, "zip": "06098"}, "northwest-hills-planning-region-06750": {"city": "Northwest Hills Planning Region", "rent": 1360, "zip": "06750"}, "northwest-hills-planning-region-06751": {"city": "Northwest Hills Planning Region", "rent": 1500, "zip": "06751"}, "northwest-hills-planning-region-06752": {"city": "Northwest Hills Planning Region", "rent": 3770, "zip": "06752"}, "northwest-hills-planning-region-06753": {"city": "Northwest Hills Planning Region", "rent": 1600, "zip": "06753"}, "northwest-hills-planning-region-06754": {"city": "Northwest Hills Planning Region", "rent": 2180, "zip": "06754"}, "northwest-hills-planning-region-06756": {"city": "Northwest Hills Planning Region", "rent": 2420, "zip": "06756"}, "northwest-hills-planning-region-06757": {"city": "Northwest Hills Planning Region", "rent": 2030, "zip": "06757"}, "northwest-hills-planning-region-06758": {"city": "Northwest Hills Planning Region", "rent": 1490, "zip": "06758"}, "northwest-hills-planning-region-06759": {"city": "Northwest Hills Planning Region", "rent": 1850, "zip": "06759"}, "northwest-hills-planning-region-06763": {"city": "Northwest Hills Planning Region", "rent": 1490, "zip": "06763"}, "northwest-hills-planning-region-06776": {"city": "Northwest Hills Planning Region", "rent": 2660, "zip": "06776"}, "northwest-hills-planning-region-06777": {"city": "Northwest Hills Planning Region", "rent": 2420, "zip": "06777"}, "northwest-hills-planning-region-06778": {"city": "Northwest Hills Planning Region", "rent": 1490, "zip": "06778"}, "northwest-hills-planning-region-06783": {"city": "Northwest Hills Planning Region", "rent": 2370, "zip": "06783"}, "northwest-hills-planning-region-06785": {"city": "Northwest Hills Planning Region", "rent": 1600, "zip": "06785"}, "northwest-hills-planning-region-06787": {"city": "Northwest Hills Planning Region", "rent": 1490, "zip": "06787"}, "northwest-hills-planning-region-06790": {"city": "Northwest Hills Planning Region", "rent": 1530, "zip": "06790"}, "northwest-hills-planning-region-06791": {"city": "Northwest Hills Planning Region", "rent": 2080, "zip": "06791"}, "northwest-hills-planning-region-06792": {"city": "Northwest Hills Planning Region", "rent": 1600, "zip": "06792"}, "northwest-hills-planning-region-06793": {"city": "Northwest Hills Planning Region", "rent": 2330, "zip": "06793"}, "northwest-hills-planning-region-06794": {"city": "Northwest Hills Planning Region", "rent": 2300, "zip": "06794"}, "northwest-hills-planning-region-06796": {"city": "Northwest Hills Planning Region", "rent": 2190, "zip": "06796"}}