{"boise-city-83302": {"city": "Boise City", "rent": 1660, "zip": "83302"}, "boise-city-83316": {"city": "Boise City", "rent": 1660, "zip": "83316"}, "boise-city-83602": {"city": "Boise City", "rent": 1660, "zip": "83602"}, "boise-city-83604": {"city": "Boise City", "rent": 1660, "zip": "83604"}, "boise-city-83605": {"city": "Boise City", "rent": 1660, "zip": "83605"}, "boise-city-83606": {"city": "Boise City", "rent": 1660, "zip": "83606"}, "boise-city-83607": {"city": "Boise City", "rent": 1710, "zip": "83607"}, "boise-city-83616": {"city": "Boise City", "rent": 2220, "zip": "83616"}, "boise-city-83622": {"city": "Boise City", "rent": 1660, "zip": "83622"}, "boise-city-83624": {"city": "Boise City", "rent": 1660, "zip": "83624"}, "boise-city-83626": {"city": "Boise City", "rent": 1790, "zip": "83626"}, "boise-city-83627": {"city": "Boise City", "rent": 1660, "zip": "83627"}, "boise-city-83628": {"city": "Boise City", "rent": 1660, "zip": "83628"}, "boise-city-83629": {"city": "Boise City", "rent": 1660, "zip": "83629"}, "boise-city-83630": {"city": "Boise City", "rent": 1660, "zip": "83630"}, "boise-city-83631": {"city": "Boise City", "rent": 1660, "zip": "83631"}, "boise-city-83634": {"city": "Boise City", "rent": 2070, "zip": "83634"}, "boise-city-83637": {"city": "Boise City", "rent": 2240, "zip": "83637"}, "boise-city-83639": {"city": "Boise City", "rent": 1660, "zip": "83639"}, "boise-city-83641": {"city": "Boise City", "rent": 1660, "zip": "83641"}, "boise-city-83642": {"city": "Boise City", "rent": 1840, "zip": "83642"}, "boise-city-83644": {"city": "Boise City", "rent": 1660, "zip": "83644"}, "boise-city-83646": {"city": "Boise City", "rent": 2090, "zip": "83646"}, "boise-city-83647": {"city": "Boise City", "rent": 1660, "zip": "83647"}, "boise-city-83650": {"city": "Boise City", "rent": 1660, "zip": "83650"}, "boise-city-83651": {"city": "Boise City", "rent": 1660, "zip": "83651"}, "boise-city-83653": {"city": "Boise City", "rent": 1660, "zip": "83653"}, "boise-city-83656": {"city": "Boise City", "rent": 1660, "zip": "83656"}, "boise-city-83660": {"city": "Boise City", "rent": 1660, "zip": "83660"}, "boise-city-83666": {"city": "Boise City", "rent": 1660, "zip": "83666"}, "boise-city-83669": {"city": "Boise City", "rent": 1880, "zip": "83669"}, "boise-city-83670": {"city": "Boise City", "rent": 1660, "zip": "83670"}, "boise-city-83676": {"city": "Boise City", "rent": 1660, "zip": "83676"}, "boise-city-83680": {"city": "Boise City", "rent": 1710, "zip": "83680"}, "boise-city-83686": {"city": "Boise City", "rent": 1660, "zip": "83686"}, "boise-city-83687": {"city": "Boise City", "rent": 1660, "zip": "83687"}, "boise-city-83701": {"city": "Boise City", "rent": 1710, "zip": "83701"}, "boise-city-83702": {"city": "Boise City", "rent": 1660, "zip": "83702"}, "boise-city-83703": {"city": "Boise City", "rent": 1660, "zip": "83703"}, "boise-city-83704": {"city": "Boise City", "rent": 1660, "zip": "83704"}, "boise-city-83705": {"city": "Boise City", "rent": 1660, "zip": "83705"}, "boise-city-83706": {"city": "Boise City", "rent": 1750, "zip": "83706"}, "boise-city-83707": {"city": "Boise City", "rent": 1710, "zip": "83707"}, "boise-city-83709": {"city": "Boise City", "rent": 2040, "zip": "83709"}, "boise-city-83711": {"city": "Boise City", "rent": 1710, "zip": "83711"}, "boise-city-83712": {"city": "Boise City", "rent": 1660, "zip": "83712"}, "boise-city-83713": {"city": "Boise City", "rent": 1960, "zip": "83713"}, "boise-city-83714": {"city": "Boise City", "rent": 1680, "zip": "83714"}, "boise-city-83715": {"city": "Boise City", "rent": 1710, "zip": "83715"}, "boise-city-83716": {"city": "Boise City", "rent": 2240, "zip": "83716"}, "boise-city-83717": {"city": "Boise City", "rent": 1710, "zip": "83717"}, "boise-city-83719": {"city": "Boise City", "rent": 1710, "zip": "83719"}, "boise-city-83720": {"city": "Boise City", "rent": 1710, "zip": "83720"}, "boise-city-83724": {"city": "Boise City", "rent": 1710, "zip": "83724"}, "boise-city-83725": {"city": "Boise City", "rent": 1710, "zip": "83725"}, "boise-city-89832": {"city": "Boise City", "rent": 1660, "zip": "89832"}, "boise-city-97910": {"city": "Boise City", "rent": 1660, "zip": "97910"}, "gem-county-83607": {"city": "Gem County", "rent": 1710, "zip": "83607"}, "gem-county-83616": {"city": "Gem County", "rent": 2220, "zip": "83616"}, "gem-county-83617": {"city": "Gem County", "rent": 1190, "zip": "83617"}, "gem-county-83629": {"city": "Gem County", "rent": 1660, "zip": "83629"}, "gem-county-83636": {"city": "Gem County", "rent": 1190, "zip": "83636"}, "gem-county-83655": {"city": "Gem County", "rent": 1220, "zip": "83655"}, "gem-county-83657": {"city": "Gem County", "rent": 1190, "zip": "83657"}, "gem-county-83670": {"city": "Gem County", "rent": 1660, "zip": "83670"}, "coeur-d'alene-83801": {"city": "Coeur d'Alene", "rent": 1500, "zip": "83801"}, "coeur-d'alene-83803": {"city": "Coeur d'Alene", "rent": 1320, "zip": "83803"}, "coeur-d'alene-83810": {"city": "Coeur d'Alene", "rent": 1320, "zip": "83810"}, "coeur-d'alene-83814": {"city": "Coeur d'Alene", "rent": 1540, "zip": "83814"}, "coeur-d'alene-83815": {"city": "Coeur d'Alene", "rent": 1640, "zip": "83815"}, "coeur-d'alene-83816": {"city": "Coeur d'Alene", "rent": 1550, "zip": "83816"}, "coeur-d'alene-83833": {"city": "Coeur d'Alene", "rent": 1320, "zip": "83833"}, "coeur-d'alene-83835": {"city": "Coeur d'Alene", "rent": 1860, "zip": "83835"}, "coeur-d'alene-83842": {"city": "Coeur d'Alene", "rent": 1320, "zip": "83842"}, "coeur-d'alene-83851": {"city": "Coeur d'Alene", "rent": 1320, "zip": "83851"}, "coeur-d'alene-83854": {"city": "Coeur d'Alene", "rent": 1530, "zip": "83854"}, "coeur-d'alene-83858": {"city": "Coeur d'Alene", "rent": 1490, "zip": "83858"}, "coeur-d'alene-83861": {"city": "Coeur d'Alene", "rent": 1320, "zip": "83861"}, "coeur-d'alene-83869": {"city": "Coeur d'Alene", "rent": 1320, "zip": "83869"}, "coeur-d'alene-83876": {"city": "Coeur d'Alene", "rent": 1320, "zip": "83876"}, "coeur-d'alene-83877": {"city": "Coeur d'Alene", "rent": 1550, "zip": "83877"}, "idaho-falls-83120": {"city": "Idaho Falls", "rent": 1470, "zip": "83120"}, "idaho-falls-83274": {"city": "Idaho Falls", "rent": 1180, "zip": "83274"}, "idaho-falls-83285": {"city": "Idaho Falls", "rent": 1180, "zip": "83285"}, "idaho-falls-83401": {"city": "Idaho Falls", "rent": 1330, "zip": "83401"}, "idaho-falls-83402": {"city": "Idaho Falls", "rent": 1180, "zip": "83402"}, "idaho-falls-83403": {"city": "Idaho Falls", "rent": 1300, "zip": "83403"}, "idaho-falls-83404": {"city": "Idaho Falls", "rent": 1220, "zip": "83404"}, "idaho-falls-83405": {"city": "Idaho Falls", "rent": 1300, "zip": "83405"}, "idaho-falls-83406": {"city": "Idaho Falls", "rent": 1500, "zip": "83406"}, "idaho-falls-83423": {"city": "Idaho Falls", "rent": 1180, "zip": "83423"}, "idaho-falls-83425": {"city": "Idaho Falls", "rent": 1330, "zip": "83425"}, "idaho-falls-83427": {"city": "Idaho Falls", "rent": 1700, "zip": "83427"}, "idaho-falls-83428": {"city": "Idaho Falls", "rent": 1350, "zip": "83428"}, "idaho-falls-83431": {"city": "Idaho Falls", "rent": 1180, "zip": "83431"}, "idaho-falls-83434": {"city": "Idaho Falls", "rent": 1350, "zip": "83434"}, "idaho-falls-83435": {"city": "Idaho Falls", "rent": 1900, "zip": "83435"}, "idaho-falls-83442": {"city": "Idaho Falls", "rent": 1380, "zip": "83442"}, "idaho-falls-83443": {"city": "Idaho Falls", "rent": 1230, "zip": "83443"}, "idaho-falls-83444": {"city": "Idaho Falls", "rent": 1520, "zip": "83444"}, "idaho-falls-83449": {"city": "Idaho Falls", "rent": 1260, "zip": "83449"}, "idaho-falls-83450": {"city": "Idaho Falls", "rent": 1330, "zip": "83450"}, "idaho-falls-83454": {"city": "Idaho Falls", "rent": 1330, "zip": "83454"}, "butte-county-83213": {"city": "Butte County", "rent": 1190, "zip": "83213"}, "butte-county-83244": {"city": "Butte County", "rent": 1180, "zip": "83244"}, "butte-county-83255": {"city": "Butte County", "rent": 1480, "zip": "83255"}, "lewiston-83501": {"city": "Lewiston", "rent": 1190, "zip": "83501"}, "lewiston-83524": {"city": "Lewiston", "rent": 1230, "zip": "83524"}, "lewiston-83535": {"city": "Lewiston", "rent": 1250, "zip": "83535"}, "lewiston-83537": {"city": "Lewiston", "rent": 1090, "zip": "83537"}, "lewiston-83540": {"city": "Lewiston", "rent": 1250, "zip": "83540"}, "lewiston-83541": {"city": "Lewiston", "rent": 1180, "zip": "83541"}, "lewiston-83545": {"city": "Lewiston", "rent": 1310, "zip": "83545"}, "lewiston-83548": {"city": "Lewiston", "rent": 1210, "zip": "83548"}, "lewiston-83555": {"city": "Lewiston", "rent": 1090, "zip": "83555"}, "lewiston-83832": {"city": "Lewiston", "rent": 1390, "zip": "83832"}, "lewiston-99347": {"city": "Lewiston", "rent": 1090, "zip": "99347"}, "lewiston-99401": {"city": "Lewiston", "rent": 1230, "zip": "99401"}, "lewiston-99402": {"city": "Lewiston", "rent": 1300, "zip": "99402"}, "lewiston-99403": {"city": "Lewiston", "rent": 1270, "zip": "99403"}, "pocatello-83201": {"city": "Pocatello", "rent": 1160, "zip": "83201"}, "pocatello-83202": {"city": "Pocatello", "rent": 1250, "zip": "83202"}, "pocatello-83204": {"city": "Pocatello", "rent": 1030, "zip": "83204"}, "pocatello-83205": {"city": "Pocatello", "rent": 1170, "zip": "83205"}, "pocatello-83206": {"city": "Pocatello", "rent": 1170, "zip": "83206"}, "pocatello-83209": {"city": "Pocatello", "rent": 1030, "zip": "83209"}, "pocatello-83214": {"city": "Pocatello", "rent": 1190, "zip": "83214"}, "pocatello-83234": {"city": "Pocatello", "rent": 1310, "zip": "83234"}, "pocatello-83245": {"city": "Pocatello", "rent": 1390, "zip": "83245"}, "pocatello-83246": {"city": "Pocatello", "rent": 1150, "zip": "83246"}, "pocatello-83250": {"city": "Pocatello", "rent": 1130, "zip": "83250"}, "pocatello-83281": {"city": "Pocatello", "rent": 1160, "zip": "83281"}, "jerome-county-83301": {"city": "Jerome County", "rent": 1280, "zip": "83301"}, "jerome-county-83325": {"city": "Jerome County", "rent": 1340, "zip": "83325"}, "jerome-county-83335": {"city": "Jerome County", "rent": 1130, "zip": "83335"}, "jerome-county-83338": {"city": "Jerome County", "rent": 1190, "zip": "83338"}, "jerome-county-83347": {"city": "Jerome County", "rent": 1020, "zip": "83347"}, "twin-falls-county-83301": {"city": "Twin Falls County", "rent": 1280, "zip": "83301"}, "twin-falls-county-83302": {"city": "Twin Falls County", "rent": 1660, "zip": "83302"}, "twin-falls-county-83303": {"city": "Twin Falls County", "rent": 1280, "zip": "83303"}, "twin-falls-county-83314": {"city": "Twin Falls County", "rent": 1160, "zip": "83314"}, "twin-falls-county-83316": {"city": "Twin Falls County", "rent": 1660, "zip": "83316"}, "twin-falls-county-83321": {"city": "Twin Falls County", "rent": 1290, "zip": "83321"}, "twin-falls-county-83328": {"city": "Twin Falls County", "rent": 1510, "zip": "83328"}, "twin-falls-county-83332": {"city": "Twin Falls County", "rent": 1160, "zip": "83332"}, "twin-falls-county-83334": {"city": "Twin Falls County", "rent": 1180, "zip": "83334"}, "twin-falls-county-83341": {"city": "Twin Falls County", "rent": 1270, "zip": "83341"}, "twin-falls-county-83344": {"city": "Twin Falls County", "rent": 1450, "zip": "83344"}, "adams-county-83547": {"city": "Adams County", "rent": 1040, "zip": "83547"}, "adams-county-83612": {"city": "Adams County", "rent": 970, "zip": "83612"}, "adams-county-83632": {"city": "Adams County", "rent": 1120, "zip": "83632"}, "adams-county-83638": {"city": "Adams County", "rent": 1160, "zip": "83638"}, "adams-county-83643": {"city": "Adams County", "rent": 970, "zip": "83643"}, "adams-county-83654": {"city": "Adams County", "rent": 1050, "zip": "83654"}, "bear-lake-county-83220": {"city": "Bear Lake County", "rent": 970, "zip": "83220"}, "bear-lake-county-83223": {"city": "Bear Lake County", "rent": 970, "zip": "83223"}, "bear-lake-county-83233": {"city": "Bear Lake County", "rent": 970, "zip": "83233"}, "bear-lake-county-83238": {"city": "Bear Lake County", "rent": 1060, "zip": "83238"}, "bear-lake-county-83239": {"city": "Bear Lake County", "rent": 1360, "zip": "83239"}, "bear-lake-county-83254": {"city": "Bear Lake County", "rent": 970, "zip": "83254"}, "bear-lake-county-83261": {"city": "Bear Lake County", "rent": 970, "zip": "83261"}, "bear-lake-county-83272": {"city": "Bear Lake County", "rent": 970, "zip": "83272"}, "bear-lake-county-83276": {"city": "Bear Lake County", "rent": 970, "zip": "83276"}, "bear-lake-county-83287": {"city": "Bear Lake County", "rent": 990, "zip": "83287"}, "benewah-county-83824": {"city": "Benewah County", "rent": 1060, "zip": "83824"}, "benewah-county-83830": {"city": "Benewah County", "rent": 1080, "zip": "83830"}, "benewah-county-83833": {"city": "Benewah County", "rent": 1320, "zip": "83833"}, "benewah-county-83851": {"city": "Benewah County", "rent": 1320, "zip": "83851"}, "benewah-county-83861": {"city": "Benewah County", "rent": 1320, "zip": "83861"}, "benewah-county-83866": {"city": "Benewah County", "rent": 1090, "zip": "83866"}, "benewah-county-83870": {"city": "Benewah County", "rent": 1070, "zip": "83870"}, "benewah-county-83876": {"city": "Benewah County", "rent": 1320, "zip": "83876"}, "benewah-county-99033": {"city": "Benewah County", "rent": 1300, "zip": "99033"}, "bingham-county-83202": {"city": "Bingham County", "rent": 1250, "zip": "83202"}, "bingham-county-83203": {"city": "Bingham County", "rent": 1250, "zip": "83203"}, "bingham-county-83210": {"city": "Bingham County", "rent": 970, "zip": "83210"}, "bingham-county-83211": {"city": "Bingham County", "rent": 970, "zip": "83211"}, "bingham-county-83215": {"city": "Bingham County", "rent": 970, "zip": "83215"}, "bingham-county-83218": {"city": "Bingham County", "rent": 1010, "zip": "83218"}, "bingham-county-83221": {"city": "Bingham County", "rent": 970, "zip": "83221"}, "bingham-county-83236": {"city": "Bingham County", "rent": 970, "zip": "83236"}, "bingham-county-83256": {"city": "Bingham County", "rent": 970, "zip": "83256"}, "bingham-county-83262": {"city": "Bingham County", "rent": 970, "zip": "83262"}, "bingham-county-83274": {"city": "Bingham County", "rent": 1180, "zip": "83274"}, "bingham-county-83277": {"city": "Bingham County", "rent": 970, "zip": "83277"}, "bingham-county-83402": {"city": "Bingham County", "rent": 1180, "zip": "83402"}, "bingham-county-83404": {"city": "Bingham County", "rent": 1220, "zip": "83404"}, "blaine-county-83313": {"city": "Blaine County", "rent": 1820, "zip": "83313"}, "blaine-county-83320": {"city": "Blaine County", "rent": 1220, "zip": "83320"}, "blaine-county-83333": {"city": "Blaine County", "rent": 1620, "zip": "83333"}, "blaine-county-83340": {"city": "Blaine County", "rent": 1550, "zip": "83340"}, "blaine-county-83348": {"city": "Blaine County", "rent": 1650, "zip": "83348"}, "blaine-county-83350": {"city": "Blaine County", "rent": 1220, "zip": "83350"}, "blaine-county-83352": {"city": "Blaine County", "rent": 1220, "zip": "83352"}, "blaine-county-83353": {"city": "Blaine County", "rent": 1830, "zip": "83353"}, "blaine-county-83354": {"city": "Blaine County", "rent": 1830, "zip": "83354"}, "bonner-county-83801": {"city": "Bonner County", "rent": 1500, "zip": "83801"}, "bonner-county-83803": {"city": "Bonner County", "rent": 1320, "zip": "83803"}, "bonner-county-83804": {"city": "Bonner County", "rent": 1110, "zip": "83804"}, "bonner-county-83809": {"city": "Bonner County", "rent": 1260, "zip": "83809"}, "bonner-county-83811": {"city": "Bonner County", "rent": 1130, "zip": "83811"}, "bonner-county-83813": {"city": "Bonner County", "rent": 1200, "zip": "83813"}, "bonner-county-83821": {"city": "Bonner County", "rent": 1070, "zip": "83821"}, "bonner-county-83822": {"city": "Bonner County", "rent": 1060, "zip": "83822"}, "bonner-county-83825": {"city": "Bonner County", "rent": 1340, "zip": "83825"}, "bonner-county-83836": {"city": "Bonner County", "rent": 1070, "zip": "83836"}, "bonner-county-83840": {"city": "Bonner County", "rent": 1760, "zip": "83840"}, "bonner-county-83841": {"city": "Bonner County", "rent": 1130, "zip": "83841"}, "bonner-county-83848": {"city": "Bonner County", "rent": 980, "zip": "83848"}, "bonner-county-83852": {"city": "Bonner County", "rent": 1240, "zip": "83852"}, "bonner-county-83856": {"city": "Bonner County", "rent": 980, "zip": "83856"}, "bonner-county-83860": {"city": "Bonner County", "rent": 1220, "zip": "83860"}, "bonner-county-83864": {"city": "Bonner County", "rent": 1430, "zip": "83864"}, "bonner-county-83865": {"city": "Bonner County", "rent": 1260, "zip": "83865"}, "bonner-county-83869": {"city": "Bonner County", "rent": 1320, "zip": "83869"}, "boundary-county-83805": {"city": "Boundary County", "rent": 1000, "zip": "83805"}, "boundary-county-83826": {"city": "Boundary County", "rent": 1000, "zip": "83826"}, "boundary-county-83845": {"city": "Boundary County", "rent": 970, "zip": "83845"}, "boundary-county-83847": {"city": "Boundary County", "rent": 1200, "zip": "83847"}, "boundary-county-83853": {"city": "Boundary County", "rent": 970, "zip": "83853"}, "boundary-county-83864": {"city": "Boundary County", "rent": 1430, "zip": "83864"}, "camas-county-83322": {"city": "Camas County", "rent": 1080, "zip": "83322"}, "camas-county-83327": {"city": "Camas County", "rent": 1070, "zip": "83327"}, "camas-county-83337": {"city": "Camas County", "rent": 1070, "zip": "83337"}, "camas-county-83352": {"city": "Camas County", "rent": 1220, "zip": "83352"}, "caribou-county-83127": {"city": "Caribou County", "rent": 1350, "zip": "83127"}, "caribou-county-83217": {"city": "Caribou County", "rent": 1210, "zip": "83217"}, "caribou-county-83241": {"city": "Caribou County", "rent": 1190, "zip": "83241"}, "caribou-county-83276": {"city": "Caribou County", "rent": 970, "zip": "83276"}, "caribou-county-83285": {"city": "Caribou County", "rent": 1180, "zip": "83285"}, "cassia-county-83211": {"city": "Cassia County", "rent": 970, "zip": "83211"}, "cassia-county-83311": {"city": "Cassia County", "rent": 1110, "zip": "83311"}, "cassia-county-83312": {"city": "Cassia County", "rent": 1030, "zip": "83312"}, "cassia-county-83318": {"city": "Cassia County", "rent": 1020, "zip": "83318"}, "cassia-county-83323": {"city": "Cassia County", "rent": 1150, "zip": "83323"}, "cassia-county-83342": {"city": "Cassia County", "rent": 1050, "zip": "83342"}, "cassia-county-83344": {"city": "Cassia County", "rent": 1450, "zip": "83344"}, "cassia-county-83346": {"city": "Cassia County", "rent": 1030, "zip": "83346"}, "cassia-county-83350": {"city": "Cassia County", "rent": 1220, "zip": "83350"}, "clark-county-83423": {"city": "Clark County", "rent": 1180, "zip": "83423"}, "clark-county-83435": {"city": "Clark County", "rent": 1900, "zip": "83435"}, "clark-county-83446": {"city": "Clark County", "rent": 980, "zip": "83446"}, "clark-county-83464": {"city": "Clark County", "rent": 990, "zip": "83464"}, "clearwater-county-83520": {"city": "Clearwater County", "rent": 1150, "zip": "83520"}, "clearwater-county-83537": {"city": "Clearwater County", "rent": 1090, "zip": "83537"}, "clearwater-county-83541": {"city": "Clearwater County", "rent": 1180, "zip": "83541"}, "clearwater-county-83544": {"city": "Clearwater County", "rent": 1090, "zip": "83544"}, "clearwater-county-83545": {"city": "Clearwater County", "rent": 1310, "zip": "83545"}, "clearwater-county-83546": {"city": "Clearwater County", "rent": 980, "zip": "83546"}, "clearwater-county-83553": {"city": "Clearwater County", "rent": 980, "zip": "83553"}, "clearwater-county-83827": {"city": "Clearwater County", "rent": 1080, "zip": "83827"}, "custer-county-83226": {"city": "Custer County", "rent": 1140, "zip": "83226"}, "custer-county-83227": {"city": "Custer County", "rent": 1140, "zip": "83227"}, "custer-county-83235": {"city": "Custer County", "rent": 1140, "zip": "83235"}, "custer-county-83251": {"city": "Custer County", "rent": 1330, "zip": "83251"}, "custer-county-83253": {"city": "Custer County", "rent": 990, "zip": "83253"}, "custer-county-83255": {"city": "Custer County", "rent": 1480, "zip": "83255"}, "custer-county-83278": {"city": "Custer County", "rent": 1290, "zip": "83278"}, "elmore-county-83337": {"city": "Elmore County", "rent": 1070, "zip": "83337"}, "elmore-county-83623": {"city": "Elmore County", "rent": 970, "zip": "83623"}, "elmore-county-83624": {"city": "Elmore County", "rent": 1660, "zip": "83624"}, "elmore-county-83627": {"city": "Elmore County", "rent": 1660, "zip": "83627"}, "elmore-county-83633": {"city": "Elmore County", "rent": 1010, "zip": "83633"}, "elmore-county-83647": {"city": "Elmore County", "rent": 1660, "zip": "83647"}, "elmore-county-83648": {"city": "Elmore County", "rent": 1780, "zip": "83648"}, "elmore-county-83716": {"city": "Elmore County", "rent": 2240, "zip": "83716"}, "fremont-county-83420": {"city": "Fremont County", "rent": 1310, "zip": "83420"}, "fremont-county-83421": {"city": "Fremont County", "rent": 1160, "zip": "83421"}, "fremont-county-83425": {"city": "Fremont County", "rent": 1330, "zip": "83425"}, "fremont-county-83429": {"city": "Fremont County", "rent": 1160, "zip": "83429"}, "fremont-county-83433": {"city": "Fremont County", "rent": 970, "zip": "83433"}, "fremont-county-83436": {"city": "Fremont County", "rent": 1240, "zip": "83436"}, "fremont-county-83438": {"city": "Fremont County", "rent": 970, "zip": "83438"}, "fremont-county-83440": {"city": "Fremont County", "rent": 1120, "zip": "83440"}, "fremont-county-83445": {"city": "Fremont County", "rent": 970, "zip": "83445"}, "fremont-county-83448": {"city": "Fremont County", "rent": 1440, "zip": "83448"}, "fremont-county-83451": {"city": "Fremont County", "rent": 1260, "zip": "83451"}, "gooding-county-83314": {"city": "Gooding County", "rent": 1160, "zip": "83314"}, "gooding-county-83316": {"city": "Gooding County", "rent": 1660, "zip": "83316"}, "gooding-county-83330": {"city": "Gooding County", "rent": 1030, "zip": "83330"}, "gooding-county-83332": {"city": "Gooding County", "rent": 1160, "zip": "83332"}, "gooding-county-83337": {"city": "Gooding County", "rent": 1070, "zip": "83337"}, "gooding-county-83338": {"city": "Gooding County", "rent": 1190, "zip": "83338"}, "gooding-county-83352": {"city": "Gooding County", "rent": 1220, "zip": "83352"}, "gooding-county-83355": {"city": "Gooding County", "rent": 1000, "zip": "83355"}, "idaho-county-59847": {"city": "Idaho County", "rent": 1630, "zip": "59847"}, "idaho-county-83522": {"city": "Idaho County", "rent": 1030, "zip": "83522"}, "idaho-county-83525": {"city": "Idaho County", "rent": 1260, "zip": "83525"}, "idaho-county-83526": {"city": "Idaho County", "rent": 1090, "zip": "83526"}, "idaho-county-83530": {"city": "Idaho County", "rent": 1220, "zip": "83530"}, "idaho-county-83531": {"city": "Idaho County", "rent": 1050, "zip": "83531"}, "idaho-county-83533": {"city": "Idaho County", "rent": 1060, "zip": "83533"}, "idaho-county-83536": {"city": "Idaho County", "rent": 970, "zip": "83536"}, "idaho-county-83539": {"city": "Idaho County", "rent": 1230, "zip": "83539"}, "idaho-county-83542": {"city": "Idaho County", "rent": 1040, "zip": "83542"}, "idaho-county-83547": {"city": "Idaho County", "rent": 1040, "zip": "83547"}, "idaho-county-83549": {"city": "Idaho County", "rent": 1040, "zip": "83549"}, "idaho-county-83552": {"city": "Idaho County", "rent": 1170, "zip": "83552"}, "idaho-county-83554": {"city": "Idaho County", "rent": 1080, "zip": "83554"}, "idaho-county-83611": {"city": "Idaho County", "rent": 1270, "zip": "83611"}, "idaho-county-83638": {"city": "Idaho County", "rent": 1160, "zip": "83638"}, "idaho-county-83654": {"city": "Idaho County", "rent": 1050, "zip": "83654"}, "idaho-county-83671": {"city": "Idaho County", "rent": 1050, "zip": "83671"}, "latah-county-83535": {"city": "Latah County", "rent": 1250, "zip": "83535"}, "latah-county-83537": {"city": "Latah County", "rent": 1090, "zip": "83537"}, "latah-county-83806": {"city": "Latah County", "rent": 1250, "zip": "83806"}, "latah-county-83823": {"city": "Latah County", "rent": 1250, "zip": "83823"}, "latah-county-83824": {"city": "Latah County", "rent": 1060, "zip": "83824"}, "latah-county-83832": {"city": "Latah County", "rent": 1390, "zip": "83832"}, "latah-county-83834": {"city": "Latah County", "rent": 1150, "zip": "83834"}, "latah-county-83843": {"city": "Latah County", "rent": 1020, "zip": "83843"}, "latah-county-83844": {"city": "Latah County", "rent": 1020, "zip": "83844"}, "latah-county-83855": {"city": "Latah County", "rent": 1010, "zip": "83855"}, "latah-county-83857": {"city": "Latah County", "rent": 1010, "zip": "83857"}, "latah-county-83871": {"city": "Latah County", "rent": 1040, "zip": "83871"}, "latah-county-83872": {"city": "Latah County", "rent": 1020, "zip": "83872"}, "lemhi-county-83226": {"city": "Lemhi County", "rent": 1140, "zip": "83226"}, "lemhi-county-83229": {"city": "Lemhi County", "rent": 990, "zip": "83229"}, "lemhi-county-83235": {"city": "Lemhi County", "rent": 1140, "zip": "83235"}, "lemhi-county-83253": {"city": "Lemhi County", "rent": 990, "zip": "83253"}, "lemhi-county-83462": {"city": "Lemhi County", "rent": 1020, "zip": "83462"}, "lemhi-county-83463": {"city": "Lemhi County", "rent": 1200, "zip": "83463"}, "lemhi-county-83464": {"city": "Lemhi County", "rent": 990, "zip": "83464"}, "lemhi-county-83465": {"city": "Lemhi County", "rent": 990, "zip": "83465"}, "lemhi-county-83466": {"city": "Lemhi County", "rent": 1160, "zip": "83466"}, "lemhi-county-83467": {"city": "Lemhi County", "rent": 990, "zip": "83467"}, "lemhi-county-83468": {"city": "Lemhi County", "rent": 1010, "zip": "83468"}, "lemhi-county-83469": {"city": "Lemhi County", "rent": 1180, "zip": "83469"}, "lewis-county-83522": {"city": "Lewis County", "rent": 1030, "zip": "83522"}, "lewis-county-83523": {"city": "Lewis County", "rent": 1140, "zip": "83523"}, "lewis-county-83524": {"city": "Lewis County", "rent": 1230, "zip": "83524"}, "lewis-county-83536": {"city": "Lewis County", "rent": 970, "zip": "83536"}, "lewis-county-83543": {"city": "Lewis County", "rent": 1050, "zip": "83543"}, "lewis-county-83544": {"city": "Lewis County", "rent": 1090, "zip": "83544"}, "lewis-county-83545": {"city": "Lewis County", "rent": 1310, "zip": "83545"}, "lewis-county-83548": {"city": "Lewis County", "rent": 1210, "zip": "83548"}, "lewis-county-83555": {"city": "Lewis County", "rent": 1090, "zip": "83555"}, "lincoln-county-83324": {"city": "Lincoln County", "rent": 1000, "zip": "83324"}, "lincoln-county-83327": {"city": "Lincoln County", "rent": 1070, "zip": "83327"}, "lincoln-county-83330": {"city": "Lincoln County", "rent": 1030, "zip": "83330"}, "lincoln-county-83338": {"city": "Lincoln County", "rent": 1190, "zip": "83338"}, "lincoln-county-83347": {"city": "Lincoln County", "rent": 1020, "zip": "83347"}, "lincoln-county-83349": {"city": "Lincoln County", "rent": 970, "zip": "83349"}, "lincoln-county-83352": {"city": "Lincoln County", "rent": 1220, "zip": "83352"}, "madison-county-83422": {"city": "Madison County", "rent": 1340, "zip": "83422"}, "madison-county-83434": {"city": "Madison County", "rent": 1350, "zip": "83434"}, "madison-county-83436": {"city": "Madison County", "rent": 1240, "zip": "83436"}, "madison-county-83440": {"city": "Madison County", "rent": 1120, "zip": "83440"}, "madison-county-83441": {"city": "Madison County", "rent": 1110, "zip": "83441"}, "madison-county-83443": {"city": "Madison County", "rent": 1230, "zip": "83443"}, "madison-county-83445": {"city": "Madison County", "rent": 970, "zip": "83445"}, "madison-county-83448": {"city": "Madison County", "rent": 1440, "zip": "83448"}, "madison-county-83451": {"city": "Madison County", "rent": 1260, "zip": "83451"}, "madison-county-83460": {"city": "Madison County", "rent": 1120, "zip": "83460"}, "minidoka-county-83318": {"city": "Minidoka County", "rent": 1020, "zip": "83318"}, "minidoka-county-83323": {"city": "Minidoka County", "rent": 1150, "zip": "83323"}, "minidoka-county-83335": {"city": "Minidoka County", "rent": 1130, "zip": "83335"}, "minidoka-county-83336": {"city": "Minidoka County", "rent": 1080, "zip": "83336"}, "minidoka-county-83343": {"city": "Minidoka County", "rent": 1020, "zip": "83343"}, "minidoka-county-83347": {"city": "Minidoka County", "rent": 1020, "zip": "83347"}, "minidoka-county-83350": {"city": "Minidoka County", "rent": 1220, "zip": "83350"}, "oneida-county-83212": {"city": "Oneida County", "rent": 970, "zip": "83212"}, "oneida-county-83243": {"city": "Oneida County", "rent": 1100, "zip": "83243"}, "oneida-county-83252": {"city": "Oneida County", "rent": 1100, "zip": "83252"}, "oneida-county-83342": {"city": "Oneida County", "rent": 1050, "zip": "83342"}, "payette-county-83607": {"city": "Payette County", "rent": 1710, "zip": "83607"}, "payette-county-83617": {"city": "Payette County", "rent": 1190, "zip": "83617"}, "payette-county-83619": {"city": "Payette County", "rent": 1130, "zip": "83619"}, "payette-county-83655": {"city": "Payette County", "rent": 1220, "zip": "83655"}, "payette-county-83660": {"city": "Payette County", "rent": 1660, "zip": "83660"}, "payette-county-83661": {"city": "Payette County", "rent": 1030, "zip": "83661"}, "power-county-83204": {"city": "Power County", "rent": 1030, "zip": "83204"}, "power-county-83211": {"city": "Power County", "rent": 970, "zip": "83211"}, "power-county-83212": {"city": "Power County", "rent": 970, "zip": "83212"}, "power-county-83271": {"city": "Power County", "rent": 970, "zip": "83271"}, "shoshone-county-83802": {"city": "Shoshone County", "rent": 1130, "zip": "83802"}, "shoshone-county-83808": {"city": "Shoshone County", "rent": 1070, "zip": "83808"}, "shoshone-county-83810": {"city": "Shoshone County", "rent": 1320, "zip": "83810"}, "shoshone-county-83812": {"city": "Shoshone County", "rent": 1130, "zip": "83812"}, "shoshone-county-83830": {"city": "Shoshone County", "rent": 1080, "zip": "83830"}, "shoshone-county-83837": {"city": "Shoshone County", "rent": 1180, "zip": "83837"}, "shoshone-county-83839": {"city": "Shoshone County", "rent": 1060, "zip": "83839"}, "shoshone-county-83846": {"city": "Shoshone County", "rent": 1230, "zip": "83846"}, "shoshone-county-83849": {"city": "Shoshone County", "rent": 970, "zip": "83849"}, "shoshone-county-83850": {"city": "Shoshone County", "rent": 1120, "zip": "83850"}, "shoshone-county-83861": {"city": "Shoshone County", "rent": 1320, "zip": "83861"}, "shoshone-county-83867": {"city": "Shoshone County", "rent": 970, "zip": "83867"}, "shoshone-county-83868": {"city": "Shoshone County", "rent": 1150, "zip": "83868"}, "shoshone-county-83873": {"city": "Shoshone County", "rent": 970, "zip": "83873"}, "shoshone-county-83874": {"city": "Shoshone County", "rent": 970, "zip": "83874"}, "teton-county-83422": {"city": "Teton County", "rent": 1340, "zip": "83422"}, "teton-county-83424": {"city": "Teton County", "rent": 1320, "zip": "83424"}, "teton-county-83436": {"city": "Teton County", "rent": 1240, "zip": "83436"}, "teton-county-83452": {"city": "Teton County", "rent": 1320, "zip": "83452"}, "teton-county-83455": {"city": "Teton County", "rent": 1300, "zip": "83455"}, "valley-county-83611": {"city": "Valley County", "rent": 1270, "zip": "83611"}, "valley-county-83615": {"city": "Valley County", "rent": 1210, "zip": "83615"}, "valley-county-83635": {"city": "Valley County", "rent": 1190, "zip": "83635"}, "valley-county-83638": {"city": "Valley County", "rent": 1160, "zip": "83638"}, "valley-county-83657": {"city": "Valley County", "rent": 1190, "zip": "83657"}, "valley-county-83677": {"city": "Valley County", "rent": 1230, "zip": "83677"}, "washington-county-83610": {"city": "Washington County", "rent": 1310, "zip": "83610"}, "washington-county-83632": {"city": "Washington County", "rent": 1120, "zip": "83632"}, "washington-county-83645": {"city": "Washington County", "rent": 1170, "zip": "83645"}, "washington-county-83661": {"city": "Washington County", "rent": 1030, "zip": "83661"}, "washington-county-83672": {"city": "Washington County", "rent": 1130, "zip": "83672"}}