{"alexandria-70656": {"city": "Alexandria", "rent": 1170, "zip": "70656"}, "alexandria-71301": {"city": "Alexandria", "rent": 980, "zip": "71301"}, "alexandria-71302": {"city": "Alexandria", "rent": 910, "zip": "71302"}, "alexandria-71303": {"city": "Alexandria", "rent": 1160, "zip": "71303"}, "alexandria-71306": {"city": "Alexandria", "rent": 1000, "zip": "71306"}, "alexandria-71307": {"city": "Alexandria", "rent": 1000, "zip": "71307"}, "alexandria-71315": {"city": "Alexandria", "rent": 1000, "zip": "71315"}, "alexandria-71322": {"city": "Alexandria", "rent": 900, "zip": "71322"}, "alexandria-71323": {"city": "Alexandria", "rent": 930, "zip": "71323"}, "alexandria-71325": {"city": "Alexandria", "rent": 900, "zip": "71325"}, "alexandria-71328": {"city": "Alexandria", "rent": 1010, "zip": "71328"}, "alexandria-71330": {"city": "Alexandria", "rent": 900, "zip": "71330"}, "alexandria-71346": {"city": "Alexandria", "rent": 900, "zip": "71346"}, "alexandria-71348": {"city": "Alexandria", "rent": 1000, "zip": "71348"}, "alexandria-71351": {"city": "Alexandria", "rent": 900, "zip": "71351"}, "alexandria-71359": {"city": "Alexandria", "rent": 970, "zip": "71359"}, "alexandria-71360": {"city": "Alexandria", "rent": 970, "zip": "71360"}, "alexandria-71361": {"city": "Alexandria", "rent": 1000, "zip": "71361"}, "alexandria-71365": {"city": "Alexandria", "rent": 1000, "zip": "71365"}, "alexandria-71367": {"city": "Alexandria", "rent": 900, "zip": "71367"}, "alexandria-71404": {"city": "Alexandria", "rent": 900, "zip": "71404"}, "alexandria-71405": {"city": "Alexandria", "rent": 1050, "zip": "71405"}, "alexandria-71407": {"city": "Alexandria", "rent": 950, "zip": "71407"}, "alexandria-71409": {"city": "Alexandria", "rent": 940, "zip": "71409"}, "alexandria-71417": {"city": "Alexandria", "rent": 930, "zip": "71417"}, "alexandria-71423": {"city": "Alexandria", "rent": 1000, "zip": "71423"}, "alexandria-71424": {"city": "Alexandria", "rent": 930, "zip": "71424"}, "alexandria-71427": {"city": "Alexandria", "rent": 940, "zip": "71427"}, "alexandria-71430": {"city": "Alexandria", "rent": 1120, "zip": "71430"}, "alexandria-71432": {"city": "Alexandria", "rent": 930, "zip": "71432"}, "alexandria-71433": {"city": "Alexandria", "rent": 900, "zip": "71433"}, "alexandria-71438": {"city": "Alexandria", "rent": 1050, "zip": "71438"}, "alexandria-71447": {"city": "Alexandria", "rent": 1050, "zip": "71447"}, "alexandria-71448": {"city": "Alexandria", "rent": 1000, "zip": "71448"}, "alexandria-71454": {"city": "Alexandria", "rent": 900, "zip": "71454"}, "alexandria-71455": {"city": "Alexandria", "rent": 930, "zip": "71455"}, "alexandria-71463": {"city": "Alexandria", "rent": 900, "zip": "71463"}, "alexandria-71466": {"city": "Alexandria", "rent": 1000, "zip": "71466"}, "alexandria-71467": {"city": "Alexandria", "rent": 910, "zip": "71467"}, "alexandria-71472": {"city": "Alexandria", "rent": 930, "zip": "71472"}, "alexandria-71477": {"city": "Alexandria", "rent": 1000, "zip": "71477"}, "alexandria-71485": {"city": "Alexandria", "rent": 1020, "zip": "71485"}, "baton-rouge-70346": {"city": "Baton Rouge", "rent": 1100, "zip": "70346"}, "baton-rouge-70401": {"city": "Baton Rouge", "rent": 1100, "zip": "70401"}, "baton-rouge-70403": {"city": "Baton Rouge", "rent": 1120, "zip": "70403"}, "baton-rouge-70422": {"city": "Baton Rouge", "rent": 1100, "zip": "70422"}, "baton-rouge-70436": {"city": "Baton Rouge", "rent": 1100, "zip": "70436"}, "baton-rouge-70441": {"city": "Baton Rouge", "rent": 1100, "zip": "70441"}, "baton-rouge-70443": {"city": "Baton Rouge", "rent": 1100, "zip": "70443"}, "baton-rouge-70444": {"city": "Baton Rouge", "rent": 1100, "zip": "70444"}, "baton-rouge-70449": {"city": "Baton Rouge", "rent": 1100, "zip": "70449"}, "baton-rouge-70453": {"city": "Baton Rouge", "rent": 1100, "zip": "70453"}, "baton-rouge-70456": {"city": "Baton Rouge", "rent": 1100, "zip": "70456"}, "baton-rouge-70462": {"city": "Baton Rouge", "rent": 1140, "zip": "70462"}, "baton-rouge-70466": {"city": "Baton Rouge", "rent": 1100, "zip": "70466"}, "baton-rouge-70704": {"city": "Baton Rouge", "rent": 1200, "zip": "70704"}, "baton-rouge-70706": {"city": "Baton Rouge", "rent": 1230, "zip": "70706"}, "baton-rouge-70710": {"city": "Baton Rouge", "rent": 1190, "zip": "70710"}, "baton-rouge-70711": {"city": "Baton Rouge", "rent": 1100, "zip": "70711"}, "baton-rouge-70712": {"city": "Baton Rouge", "rent": 1180, "zip": "70712"}, "baton-rouge-70714": {"city": "Baton Rouge", "rent": 1130, "zip": "70714"}, "baton-rouge-70715": {"city": "Baton Rouge", "rent": 1100, "zip": "70715"}, "baton-rouge-70718": {"city": "Baton Rouge", "rent": 1370, "zip": "70718"}, "baton-rouge-70719": {"city": "Baton Rouge", "rent": 1120, "zip": "70719"}, "baton-rouge-70722": {"city": "Baton Rouge", "rent": 1100, "zip": "70722"}, "baton-rouge-70725": {"city": "Baton Rouge", "rent": 1100, "zip": "70725"}, "baton-rouge-70726": {"city": "Baton Rouge", "rent": 1270, "zip": "70726"}, "baton-rouge-70727": {"city": "Baton Rouge", "rent": 1230, "zip": "70727"}, "baton-rouge-70728": {"city": "Baton Rouge", "rent": 1370, "zip": "70728"}, "baton-rouge-70729": {"city": "Baton Rouge", "rent": 1100, "zip": "70729"}, "baton-rouge-70730": {"city": "Baton Rouge", "rent": 1100, "zip": "70730"}, "baton-rouge-70732": {"city": "Baton Rouge", "rent": 1100, "zip": "70732"}, "baton-rouge-70733": {"city": "Baton Rouge", "rent": 1160, "zip": "70733"}, "baton-rouge-70734": {"city": "Baton Rouge", "rent": 1400, "zip": "70734"}, "baton-rouge-70736": {"city": "Baton Rouge", "rent": 1100, "zip": "70736"}, "baton-rouge-70737": {"city": "Baton Rouge", "rent": 1550, "zip": "70737"}, "baton-rouge-70739": {"city": "Baton Rouge", "rent": 1710, "zip": "70739"}, "baton-rouge-70744": {"city": "Baton Rouge", "rent": 1100, "zip": "70744"}, "baton-rouge-70747": {"city": "Baton Rouge", "rent": 1100, "zip": "70747"}, "baton-rouge-70748": {"city": "Baton Rouge", "rent": 1100, "zip": "70748"}, "baton-rouge-70749": {"city": "Baton Rouge", "rent": 1100, "zip": "70749"}, "baton-rouge-70752": {"city": "Baton Rouge", "rent": 1100, "zip": "70752"}, "baton-rouge-70753": {"city": "Baton Rouge", "rent": 1100, "zip": "70753"}, "baton-rouge-70754": {"city": "Baton Rouge", "rent": 1280, "zip": "70754"}, "baton-rouge-70755": {"city": "Baton Rouge", "rent": 1100, "zip": "70755"}, "baton-rouge-70756": {"city": "Baton Rouge", "rent": 1100, "zip": "70756"}, "baton-rouge-70757": {"city": "Baton Rouge", "rent": 1100, "zip": "70757"}, "baton-rouge-70759": {"city": "Baton Rouge", "rent": 1150, "zip": "70759"}, "baton-rouge-70760": {"city": "Baton Rouge", "rent": 1100, "zip": "70760"}, "baton-rouge-70761": {"city": "Baton Rouge", "rent": 1100, "zip": "70761"}, "baton-rouge-70762": {"city": "Baton Rouge", "rent": 1100, "zip": "70762"}, "baton-rouge-70764": {"city": "Baton Rouge", "rent": 1100, "zip": "70764"}, "baton-rouge-70767": {"city": "Baton Rouge", "rent": 1100, "zip": "70767"}, "baton-rouge-70769": {"city": "Baton Rouge", "rent": 1360, "zip": "70769"}, "baton-rouge-70770": {"city": "Baton Rouge", "rent": 1540, "zip": "70770"}, "baton-rouge-70773": {"city": "Baton Rouge", "rent": 1100, "zip": "70773"}, "baton-rouge-70774": {"city": "Baton Rouge", "rent": 1200, "zip": "70774"}, "baton-rouge-70775": {"city": "Baton Rouge", "rent": 1150, "zip": "70775"}, "baton-rouge-70777": {"city": "Baton Rouge", "rent": 1130, "zip": "70777"}, "baton-rouge-70778": {"city": "Baton Rouge", "rent": 1200, "zip": "70778"}, "baton-rouge-70782": {"city": "Baton Rouge", "rent": 1150, "zip": "70782"}, "baton-rouge-70783": {"city": "Baton Rouge", "rent": 1100, "zip": "70783"}, "baton-rouge-70784": {"city": "Baton Rouge", "rent": 1140, "zip": "70784"}, "baton-rouge-70785": {"city": "Baton Rouge", "rent": 1170, "zip": "70785"}, "baton-rouge-70786": {"city": "Baton Rouge", "rent": 1230, "zip": "70786"}, "baton-rouge-70787": {"city": "Baton Rouge", "rent": 1150, "zip": "70787"}, "baton-rouge-70789": {"city": "Baton Rouge", "rent": 1100, "zip": "70789"}, "baton-rouge-70791": {"city": "Baton Rouge", "rent": 1450, "zip": "70791"}, "baton-rouge-70801": {"city": "Baton Rouge", "rent": 1810, "zip": "70801"}, "baton-rouge-70802": {"city": "Baton Rouge", "rent": 1110, "zip": "70802"}, "baton-rouge-70803": {"city": "Baton Rouge", "rent": 1180, "zip": "70803"}, "baton-rouge-70804": {"city": "Baton Rouge", "rent": 1200, "zip": "70804"}, "baton-rouge-70805": {"city": "Baton Rouge", "rent": 1100, "zip": "70805"}, "baton-rouge-70806": {"city": "Baton Rouge", "rent": 1250, "zip": "70806"}, "baton-rouge-70807": {"city": "Baton Rouge", "rent": 1100, "zip": "70807"}, "baton-rouge-70808": {"city": "Baton Rouge", "rent": 1350, "zip": "70808"}, "baton-rouge-70809": {"city": "Baton Rouge", "rent": 1430, "zip": "70809"}, "baton-rouge-70810": {"city": "Baton Rouge", "rent": 1420, "zip": "70810"}, "baton-rouge-70811": {"city": "Baton Rouge", "rent": 1100, "zip": "70811"}, "baton-rouge-70812": {"city": "Baton Rouge", "rent": 1300, "zip": "70812"}, "baton-rouge-70813": {"city": "Baton Rouge", "rent": 1100, "zip": "70813"}, "baton-rouge-70814": {"city": "Baton Rouge", "rent": 1150, "zip": "70814"}, "baton-rouge-70815": {"city": "Baton Rouge", "rent": 1100, "zip": "70815"}, "baton-rouge-70816": {"city": "Baton Rouge", "rent": 1220, "zip": "70816"}, "baton-rouge-70817": {"city": "Baton Rouge", "rent": 1410, "zip": "70817"}, "baton-rouge-70818": {"city": "Baton Rouge", "rent": 1350, "zip": "70818"}, "baton-rouge-70819": {"city": "Baton Rouge", "rent": 1170, "zip": "70819"}, "baton-rouge-70820": {"city": "Baton Rouge", "rent": 1110, "zip": "70820"}, "baton-rouge-70821": {"city": "Baton Rouge", "rent": 1200, "zip": "70821"}, "baton-rouge-70825": {"city": "Baton Rouge", "rent": 1200, "zip": "70825"}, "baton-rouge-70827": {"city": "Baton Rouge", "rent": 1200, "zip": "70827"}, "baton-rouge-70835": {"city": "Baton Rouge", "rent": 1200, "zip": "70835"}, "baton-rouge-70836": {"city": "Baton Rouge", "rent": 1500, "zip": "70836"}, "baton-rouge-70874": {"city": "Baton Rouge", "rent": 1200, "zip": "70874"}, "baton-rouge-70879": {"city": "Baton Rouge", "rent": 1200, "zip": "70879"}, "baton-rouge-70884": {"city": "Baton Rouge", "rent": 1200, "zip": "70884"}, "baton-rouge-70892": {"city": "Baton Rouge", "rent": 1200, "zip": "70892"}, "baton-rouge-70895": {"city": "Baton Rouge", "rent": 1200, "zip": "70895"}, "baton-rouge-70896": {"city": "Baton Rouge", "rent": 1200, "zip": "70896"}, "baton-rouge-70898": {"city": "Baton Rouge", "rent": 1200, "zip": "70898"}, "assumption-parish-70301": {"city": "Assumption Parish", "rent": 1110, "zip": "70301"}, "assumption-parish-70339": {"city": "Assumption Parish", "rent": 950, "zip": "70339"}, "assumption-parish-70341": {"city": "Assumption Parish", "rent": 1160, "zip": "70341"}, "assumption-parish-70346": {"city": "Assumption Parish", "rent": 1100, "zip": "70346"}, "assumption-parish-70372": {"city": "Assumption Parish", "rent": 1450, "zip": "70372"}, "assumption-parish-70380": {"city": "Assumption Parish", "rent": 970, "zip": "70380"}, "assumption-parish-70390": {"city": "Assumption Parish", "rent": 960, "zip": "70390"}, "assumption-parish-70391": {"city": "Assumption Parish", "rent": 960, "zip": "70391"}, "assumption-parish-70393": {"city": "Assumption Parish", "rent": 990, "zip": "70393"}, "iberville-parish-70721": {"city": "Iberville Parish", "rent": 920, "zip": "70721"}, "iberville-parish-70740": {"city": "Iberville Parish", "rent": 930, "zip": "70740"}, "iberville-parish-70757": {"city": "Iberville Parish", "rent": 1100, "zip": "70757"}, "iberville-parish-70764": {"city": "Iberville Parish", "rent": 1100, "zip": "70764"}, "iberville-parish-70772": {"city": "Iberville Parish", "rent": 870, "zip": "70772"}, "iberville-parish-70776": {"city": "Iberville Parish", "rent": 930, "zip": "70776"}, "iberville-parish-70780": {"city": "Iberville Parish", "rent": 920, "zip": "70780"}, "iberville-parish-70788": {"city": "Iberville Parish", "rent": 830, "zip": "70788"}, "hammond-70401": {"city": "Hammond", "rent": 1100, "zip": "70401"}, "hammond-70402": {"city": "Hammond", "rent": 1080, "zip": "70402"}, "hammond-70403": {"city": "Hammond", "rent": 1120, "zip": "70403"}, "hammond-70404": {"city": "Hammond", "rent": 1100, "zip": "70404"}, "hammond-70421": {"city": "Hammond", "rent": 1100, "zip": "70421"}, "hammond-70422": {"city": "Hammond", "rent": 1100, "zip": "70422"}, "hammond-70433": {"city": "Hammond", "rent": 1520, "zip": "70433"}, "hammond-70435": {"city": "Hammond", "rent": 1340, "zip": "70435"}, "hammond-70436": {"city": "Hammond", "rent": 1100, "zip": "70436"}, "hammond-70437": {"city": "Hammond", "rent": 1340, "zip": "70437"}, "hammond-70438": {"city": "Hammond", "rent": 1340, "zip": "70438"}, "hammond-70442": {"city": "Hammond", "rent": 1010, "zip": "70442"}, "hammond-70443": {"city": "Hammond", "rent": 1100, "zip": "70443"}, "hammond-70444": {"city": "Hammond", "rent": 1100, "zip": "70444"}, "hammond-70446": {"city": "Hammond", "rent": 990, "zip": "70446"}, "hammond-70451": {"city": "Hammond", "rent": 1000, "zip": "70451"}, "hammond-70454": {"city": "Hammond", "rent": 1230, "zip": "70454"}, "hammond-70455": {"city": "Hammond", "rent": 1120, "zip": "70455"}, "hammond-70456": {"city": "Hammond", "rent": 1100, "zip": "70456"}, "hammond-70462": {"city": "Hammond", "rent": 1140, "zip": "70462"}, "hammond-70465": {"city": "Hammond", "rent": 990, "zip": "70465"}, "hammond-70466": {"city": "Hammond", "rent": 1100, "zip": "70466"}, "hammond-70711": {"city": "Hammond", "rent": 1100, "zip": "70711"}, "houma-bayou-cane-thibodaux-70030": {"city": "Houma-Bayou Cane-Thibodaux", "rent": 1780, "zip": "70030"}, "houma-bayou-cane-thibodaux-70301": {"city": "Houma-Bayou Cane-Thibodaux", "rent": 1110, "zip": "70301"}, "houma-bayou-cane-thibodaux-70302": {"city": "Houma-Bayou Cane-Thibodaux", "rent": 1050, "zip": "70302"}, "houma-bayou-cane-thibodaux-70310": {"city": "Houma-Bayou Cane-Thibodaux", "rent": 1110, "zip": "70310"}, "houma-bayou-cane-thibodaux-70343": {"city": "Houma-Bayou Cane-Thibodaux", "rent": 1040, "zip": "70343"}, "houma-bayou-cane-thibodaux-70344": {"city": "Houma-Bayou Cane-Thibodaux", "rent": 1040, "zip": "70344"}, "houma-bayou-cane-thibodaux-70345": {"city": "Houma-Bayou Cane-Thibodaux", "rent": 1040, "zip": "70345"}, "houma-bayou-cane-thibodaux-70352": {"city": "Houma-Bayou Cane-Thibodaux", "rent": 1040, "zip": "70352"}, "houma-bayou-cane-thibodaux-70353": {"city": "Houma-Bayou Cane-Thibodaux", "rent": 1040, "zip": "70353"}, "houma-bayou-cane-thibodaux-70354": {"city": "Houma-Bayou Cane-Thibodaux", "rent": 1040, "zip": "70354"}, "houma-bayou-cane-thibodaux-70355": {"city": "Houma-Bayou Cane-Thibodaux", "rent": 1240, "zip": "70355"}, "houma-bayou-cane-thibodaux-70356": {"city": "Houma-Bayou Cane-Thibodaux", "rent": 1040, "zip": "70356"}, "houma-bayou-cane-thibodaux-70357": {"city": "Houma-Bayou Cane-Thibodaux", "rent": 1040, "zip": "70357"}, "houma-bayou-cane-thibodaux-70359": {"city": "Houma-Bayou Cane-Thibodaux", "rent": 1230, "zip": "70359"}, "houma-bayou-cane-thibodaux-70360": {"city": "Houma-Bayou Cane-Thibodaux", "rent": 1180, "zip": "70360"}, "houma-bayou-cane-thibodaux-70361": {"city": "Houma-Bayou Cane-Thibodaux", "rent": 1130, "zip": "70361"}, "houma-bayou-cane-thibodaux-70363": {"city": "Houma-Bayou Cane-Thibodaux", "rent": 1150, "zip": "70363"}, "houma-bayou-cane-thibodaux-70364": {"city": "Houma-Bayou Cane-Thibodaux", "rent": 1130, "zip": "70364"}, "houma-bayou-cane-thibodaux-70371": {"city": "Houma-Bayou Cane-Thibodaux", "rent": 1050, "zip": "70371"}, "houma-bayou-cane-thibodaux-70373": {"city": "Houma-Bayou Cane-Thibodaux", "rent": 1040, "zip": "70373"}, "houma-bayou-cane-thibodaux-70374": {"city": "Houma-Bayou Cane-Thibodaux", "rent": 1040, "zip": "70374"}, "houma-bayou-cane-thibodaux-70375": {"city": "Houma-Bayou Cane-Thibodaux", "rent": 1040, "zip": "70375"}, "houma-bayou-cane-thibodaux-70377": {"city": "Houma-Bayou Cane-Thibodaux", "rent": 1040, "zip": "70377"}, "houma-bayou-cane-thibodaux-70394": {"city": "Houma-Bayou Cane-Thibodaux", "rent": 1040, "zip": "70394"}, "houma-bayou-cane-thibodaux-70395": {"city": "Houma-Bayou Cane-Thibodaux", "rent": 1040, "zip": "70395"}, "houma-bayou-cane-thibodaux-70397": {"city": "Houma-Bayou Cane-Thibodaux", "rent": 1090, "zip": "70397"}, "lafayette-70339": {"city": "Lafayette", "rent": 950, "zip": "70339"}, "lafayette-70380": {"city": "Lafayette", "rent": 970, "zip": "70380"}, "lafayette-70501": {"city": "Lafayette", "rent": 950, "zip": "70501"}, "lafayette-70502": {"city": "Lafayette", "rent": 1030, "zip": "70502"}, "lafayette-70503": {"city": "Lafayette", "rent": 1140, "zip": "70503"}, "lafayette-70504": {"city": "Lafayette", "rent": 1030, "zip": "70504"}, "lafayette-70505": {"city": "Lafayette", "rent": 1030, "zip": "70505"}, "lafayette-70506": {"city": "Lafayette", "rent": 1090, "zip": "70506"}, "lafayette-70507": {"city": "Lafayette", "rent": 960, "zip": "70507"}, "lafayette-70508": {"city": "Lafayette", "rent": 1220, "zip": "70508"}, "lafayette-70509": {"city": "Lafayette", "rent": 1030, "zip": "70509"}, "lafayette-70512": {"city": "Lafayette", "rent": 950, "zip": "70512"}, "lafayette-70517": {"city": "Lafayette", "rent": 950, "zip": "70517"}, "lafayette-70518": {"city": "Lafayette", "rent": 1020, "zip": "70518"}, "lafayette-70519": {"city": "Lafayette", "rent": 950, "zip": "70519"}, "lafayette-70520": {"city": "Lafayette", "rent": 950, "zip": "70520"}, "lafayette-70521": {"city": "Lafayette", "rent": 950, "zip": "70521"}, "lafayette-70525": {"city": "Lafayette", "rent": 950, "zip": "70525"}, "lafayette-70529": {"city": "Lafayette", "rent": 950, "zip": "70529"}, "lafayette-70555": {"city": "Lafayette", "rent": 1180, "zip": "70555"}, "lafayette-70558": {"city": "Lafayette", "rent": 1200, "zip": "70558"}, "lafayette-70560": {"city": "Lafayette", "rent": 950, "zip": "70560"}, "lafayette-70563": {"city": "Lafayette", "rent": 1020, "zip": "70563"}, "lafayette-70578": {"city": "Lafayette", "rent": 950, "zip": "70578"}, "lafayette-70582": {"city": "Lafayette", "rent": 950, "zip": "70582"}, "lafayette-70583": {"city": "Lafayette", "rent": 950, "zip": "70583"}, "lafayette-70592": {"city": "Lafayette", "rent": 1180, "zip": "70592"}, "lafayette-70596": {"city": "Lafayette", "rent": 1030, "zip": "70596"}, "lafayette-70598": {"city": "Lafayette", "rent": 1030, "zip": "70598"}, "acadia-parish-70515": {"city": "Acadia Parish", "rent": 900, "zip": "70515"}, "acadia-parish-70516": {"city": "Acadia Parish", "rent": 920, "zip": "70516"}, "acadia-parish-70520": {"city": "Acadia Parish", "rent": 950, "zip": "70520"}, "acadia-parish-70525": {"city": "Acadia Parish", "rent": 950, "zip": "70525"}, "acadia-parish-70526": {"city": "Acadia Parish", "rent": 920, "zip": "70526"}, "acadia-parish-70529": {"city": "Acadia Parish", "rent": 950, "zip": "70529"}, "acadia-parish-70531": {"city": "Acadia Parish", "rent": 900, "zip": "70531"}, "acadia-parish-70534": {"city": "Acadia Parish", "rent": 830, "zip": "70534"}, "acadia-parish-70535": {"city": "Acadia Parish", "rent": 850, "zip": "70535"}, "acadia-parish-70537": {"city": "Acadia Parish", "rent": 900, "zip": "70537"}, "acadia-parish-70543": {"city": "Acadia Parish", "rent": 830, "zip": "70543"}, "acadia-parish-70546": {"city": "Acadia Parish", "rent": 920, "zip": "70546"}, "acadia-parish-70556": {"city": "Acadia Parish", "rent": 830, "zip": "70556"}, "acadia-parish-70559": {"city": "Acadia Parish", "rent": 860, "zip": "70559"}, "acadia-parish-70578": {"city": "Acadia Parish", "rent": 950, "zip": "70578"}, "acadia-parish-70583": {"city": "Acadia Parish", "rent": 950, "zip": "70583"}, "vermilion-parish-70510": {"city": "Vermilion Parish", "rent": 850, "zip": "70510"}, "vermilion-parish-70526": {"city": "Vermilion Parish", "rent": 920, "zip": "70526"}, "vermilion-parish-70528": {"city": "Vermilion Parish", "rent": 850, "zip": "70528"}, "vermilion-parish-70529": {"city": "Vermilion Parish", "rent": 950, "zip": "70529"}, "vermilion-parish-70533": {"city": "Vermilion Parish", "rent": 840, "zip": "70533"}, "vermilion-parish-70542": {"city": "Vermilion Parish", "rent": 1030, "zip": "70542"}, "vermilion-parish-70548": {"city": "Vermilion Parish", "rent": 830, "zip": "70548"}, "vermilion-parish-70555": {"city": "Vermilion Parish", "rent": 1180, "zip": "70555"}, "vermilion-parish-70560": {"city": "Vermilion Parish", "rent": 950, "zip": "70560"}, "vermilion-parish-70575": {"city": "Vermilion Parish", "rent": 840, "zip": "70575"}, "vermilion-parish-70578": {"city": "Vermilion Parish", "rent": 950, "zip": "70578"}, "vermilion-parish-70592": {"city": "Vermilion Parish", "rent": 1180, "zip": "70592"}, "lake-charles-70542": {"city": "Lake Charles", "rent": 1030, "zip": "70542"}, "lake-charles-70549": {"city": "Lake Charles", "rent": 1030, "zip": "70549"}, "lake-charles-70601": {"city": "Lake Charles", "rent": 1070, "zip": "70601"}, "lake-charles-70602": {"city": "Lake Charles", "rent": 1220, "zip": "70602"}, "lake-charles-70605": {"city": "Lake Charles", "rent": 1520, "zip": "70605"}, "lake-charles-70606": {"city": "Lake Charles", "rent": 1220, "zip": "70606"}, "lake-charles-70607": {"city": "Lake Charles", "rent": 1150, "zip": "70607"}, "lake-charles-70609": {"city": "Lake Charles", "rent": 1340, "zip": "70609"}, "lake-charles-70611": {"city": "Lake Charles", "rent": 1350, "zip": "70611"}, "lake-charles-70612": {"city": "Lake Charles", "rent": 1220, "zip": "70612"}, "lake-charles-70615": {"city": "Lake Charles", "rent": 1200, "zip": "70615"}, "lake-charles-70616": {"city": "Lake Charles", "rent": 1220, "zip": "70616"}, "lake-charles-70629": {"city": "Lake Charles", "rent": 1220, "zip": "70629"}, "lake-charles-70630": {"city": "Lake Charles", "rent": 1050, "zip": "70630"}, "lake-charles-70631": {"city": "Lake Charles", "rent": 1130, "zip": "70631"}, "lake-charles-70632": {"city": "Lake Charles", "rent": 1030, "zip": "70632"}, "lake-charles-70633": {"city": "Lake Charles", "rent": 1030, "zip": "70633"}, "lake-charles-70643": {"city": "Lake Charles", "rent": 1030, "zip": "70643"}, "lake-charles-70645": {"city": "Lake Charles", "rent": 1400, "zip": "70645"}, "lake-charles-70646": {"city": "Lake Charles", "rent": 1030, "zip": "70646"}, "lake-charles-70647": {"city": "Lake Charles", "rent": 1210, "zip": "70647"}, "lake-charles-70657": {"city": "Lake Charles", "rent": 1030, "zip": "70657"}, "lake-charles-70661": {"city": "Lake Charles", "rent": 1030, "zip": "70661"}, "lake-charles-70663": {"city": "Lake Charles", "rent": 1070, "zip": "70663"}, "lake-charles-70664": {"city": "Lake Charles", "rent": 1220, "zip": "70664"}, "lake-charles-70665": {"city": "Lake Charles", "rent": 1550, "zip": "70665"}, "lake-charles-70668": {"city": "Lake Charles", "rent": 1060, "zip": "70668"}, "lake-charles-70669": {"city": "Lake Charles", "rent": 1120, "zip": "70669"}, "jefferson-davis-parish-70532": {"city": "Jefferson Davis Parish", "rent": 880, "zip": "70532"}, "jefferson-davis-parish-70546": {"city": "Jefferson Davis Parish", "rent": 920, "zip": "70546"}, "jefferson-davis-parish-70549": {"city": "Jefferson Davis Parish", "rent": 1030, "zip": "70549"}, "jefferson-davis-parish-70581": {"city": "Jefferson Davis Parish", "rent": 880, "zip": "70581"}, "jefferson-davis-parish-70591": {"city": "Jefferson Davis Parish", "rent": 830, "zip": "70591"}, "jefferson-davis-parish-70611": {"city": "Jefferson Davis Parish", "rent": 1350, "zip": "70611"}, "jefferson-davis-parish-70640": {"city": "Jefferson Davis Parish", "rent": 830, "zip": "70640"}, "jefferson-davis-parish-70647": {"city": "Jefferson Davis Parish", "rent": 1210, "zip": "70647"}, "jefferson-davis-parish-70648": {"city": "Jefferson Davis Parish", "rent": 830, "zip": "70648"}, "jefferson-davis-parish-70650": {"city": "Jefferson Davis Parish", "rent": 1040, "zip": "70650"}, "jefferson-davis-parish-70657": {"city": "Jefferson Davis Parish", "rent": 1030, "zip": "70657"}, "morehouse-parish-71220": {"city": "Morehouse Parish", "rent": 840, "zip": "71220"}, "morehouse-parish-71223": {"city": "Morehouse Parish", "rent": 830, "zip": "71223"}, "morehouse-parish-71229": {"city": "Morehouse Parish", "rent": 900, "zip": "71229"}, "morehouse-parish-71250": {"city": "Morehouse Parish", "rent": 840, "zip": "71250"}, "morehouse-parish-71261": {"city": "Morehouse Parish", "rent": 830, "zip": "71261"}, "morehouse-parish-71264": {"city": "Morehouse Parish", "rent": 870, "zip": "71264"}, "morehouse-parish-71269": {"city": "Morehouse Parish", "rent": 890, "zip": "71269"}, "morehouse-parish-71280": {"city": "Morehouse Parish", "rent": 1330, "zip": "71280"}, "monroe-71201": {"city": "Monroe", "rent": 1040, "zip": "71201"}, "monroe-71202": {"city": "Monroe", "rent": 930, "zip": "71202"}, "monroe-71203": {"city": "Monroe", "rent": 1090, "zip": "71203"}, "monroe-71207": {"city": "Monroe", "rent": 1040, "zip": "71207"}, "monroe-71209": {"city": "Monroe", "rent": 1090, "zip": "71209"}, "monroe-71210": {"city": "Monroe", "rent": 1040, "zip": "71210"}, "monroe-71211": {"city": "Monroe", "rent": 1040, "zip": "71211"}, "monroe-71212": {"city": "Monroe", "rent": 1040, "zip": "71212"}, "monroe-71213": {"city": "Monroe", "rent": 1040, "zip": "71213"}, "monroe-71222": {"city": "Monroe", "rent": 900, "zip": "71222"}, "monroe-71225": {"city": "Monroe", "rent": 990, "zip": "71225"}, "monroe-71227": {"city": "Monroe", "rent": 970, "zip": "71227"}, "monroe-71229": {"city": "Monroe", "rent": 900, "zip": "71229"}, "monroe-71234": {"city": "Monroe", "rent": 1220, "zip": "71234"}, "monroe-71235": {"city": "Monroe", "rent": 910, "zip": "71235"}, "monroe-71238": {"city": "Monroe", "rent": 940, "zip": "71238"}, "monroe-71240": {"city": "Monroe", "rent": 1040, "zip": "71240"}, "monroe-71241": {"city": "Monroe", "rent": 900, "zip": "71241"}, "monroe-71256": {"city": "Monroe", "rent": 900, "zip": "71256"}, "monroe-71260": {"city": "Monroe", "rent": 900, "zip": "71260"}, "monroe-71277": {"city": "Monroe", "rent": 900, "zip": "71277"}, "monroe-71280": {"city": "Monroe", "rent": 1330, "zip": "71280"}, "monroe-71281": {"city": "Monroe", "rent": 1040, "zip": "71281"}, "monroe-71291": {"city": "Monroe", "rent": 1120, "zip": "71291"}, "monroe-71292": {"city": "Monroe", "rent": 940, "zip": "71292"}, "monroe-71294": {"city": "Monroe", "rent": 1040, "zip": "71294"}, "monroe-71418": {"city": "Monroe", "rent": 900, "zip": "71418"}, "monroe-71749": {"city": "Monroe", "rent": 900, "zip": "71749"}, "richland-parish-71218": {"city": "Richland Parish", "rent": 940, "zip": "71218"}, "richland-parish-71232": {"city": "Richland Parish", "rent": 960, "zip": "71232"}, "richland-parish-71237": {"city": "Richland Parish", "rent": 1090, "zip": "71237"}, "richland-parish-71259": {"city": "Richland Parish", "rent": 1000, "zip": "71259"}, "richland-parish-71264": {"city": "Richland Parish", "rent": 870, "zip": "71264"}, "richland-parish-71269": {"city": "Richland Parish", "rent": 890, "zip": "71269"}, "richland-parish-71279": {"city": "Richland Parish", "rent": 890, "zip": "71279"}, "richland-parish-71418": {"city": "Richland Parish", "rent": 900, "zip": "71418"}, "new-orleans-metairie-70001": {"city": "New Orleans-Metairie", "rent": 1390, "zip": "70001"}, "new-orleans-metairie-70002": {"city": "New Orleans-Metairie", "rent": 1340, "zip": "70002"}, "new-orleans-metairie-70003": {"city": "New Orleans-Metairie", "rent": 1340, "zip": "70003"}, "new-orleans-metairie-70004": {"city": "New Orleans-Metairie", "rent": 1340, "zip": "70004"}, "new-orleans-metairie-70005": {"city": "New Orleans-Metairie", "rent": 1340, "zip": "70005"}, "new-orleans-metairie-70006": {"city": "New Orleans-Metairie", "rent": 1340, "zip": "70006"}, "new-orleans-metairie-70009": {"city": "New Orleans-Metairie", "rent": 1340, "zip": "70009"}, "new-orleans-metairie-70010": {"city": "New Orleans-Metairie", "rent": 1340, "zip": "70010"}, "new-orleans-metairie-70011": {"city": "New Orleans-Metairie", "rent": 1340, "zip": "70011"}, "new-orleans-metairie-70030": {"city": "New Orleans-Metairie", "rent": 1780, "zip": "70030"}, "new-orleans-metairie-70031": {"city": "New Orleans-Metairie", "rent": 1340, "zip": "70031"}, "new-orleans-metairie-70032": {"city": "New Orleans-Metairie", "rent": 1340, "zip": "70032"}, "new-orleans-metairie-70033": {"city": "New Orleans-Metairie", "rent": 1340, "zip": "70033"}, "new-orleans-metairie-70036": {"city": "New Orleans-Metairie", "rent": 1340, "zip": "70036"}, "new-orleans-metairie-70037": {"city": "New Orleans-Metairie", "rent": 1830, "zip": "70037"}, "new-orleans-metairie-70038": {"city": "New Orleans-Metairie", "rent": 1750, "zip": "70038"}, "new-orleans-metairie-70039": {"city": "New Orleans-Metairie", "rent": 1340, "zip": "70039"}, "new-orleans-metairie-70040": {"city": "New Orleans-Metairie", "rent": 1650, "zip": "70040"}, "new-orleans-metairie-70041": {"city": "New Orleans-Metairie", "rent": 1750, "zip": "70041"}, "new-orleans-metairie-70043": {"city": "New Orleans-Metairie", "rent": 1340, "zip": "70043"}, "new-orleans-metairie-70044": {"city": "New Orleans-Metairie", "rent": 1340, "zip": "70044"}, "new-orleans-metairie-70047": {"city": "New Orleans-Metairie", "rent": 1360, "zip": "70047"}, "new-orleans-metairie-70049": {"city": "New Orleans-Metairie", "rent": 1340, "zip": "70049"}, "new-orleans-metairie-70050": {"city": "New Orleans-Metairie", "rent": 1750, "zip": "70050"}, "new-orleans-metairie-70051": {"city": "New Orleans-Metairie", "rent": 1340, "zip": "70051"}, "new-orleans-metairie-70053": {"city": "New Orleans-Metairie", "rent": 1340, "zip": "70053"}, "new-orleans-metairie-70054": {"city": "New Orleans-Metairie", "rent": 1340, "zip": "70054"}, "new-orleans-metairie-70055": {"city": "New Orleans-Metairie", "rent": 1340, "zip": "70055"}, "new-orleans-metairie-70056": {"city": "New Orleans-Metairie", "rent": 1340, "zip": "70056"}, "new-orleans-metairie-70057": {"city": "New Orleans-Metairie", "rent": 1340, "zip": "70057"}, "new-orleans-metairie-70058": {"city": "New Orleans-Metairie", "rent": 1350, "zip": "70058"}, "new-orleans-metairie-70059": {"city": "New Orleans-Metairie", "rent": 1340, "zip": "70059"}, "new-orleans-metairie-70062": {"city": "New Orleans-Metairie", "rent": 1340, "zip": "70062"}, "new-orleans-metairie-70063": {"city": "New Orleans-Metairie", "rent": 1340, "zip": "70063"}, "new-orleans-metairie-70064": {"city": "New Orleans-Metairie", "rent": 1340, "zip": "70064"}, "new-orleans-metairie-70065": {"city": "New Orleans-Metairie", "rent": 1340, "zip": "70065"}, "new-orleans-metairie-70067": {"city": "New Orleans-Metairie", "rent": 1340, "zip": "70067"}, "new-orleans-metairie-70068": {"city": "New Orleans-Metairie", "rent": 1340, "zip": "70068"}, "new-orleans-metairie-70069": {"city": "New Orleans-Metairie", "rent": 1340, "zip": "70069"}, "new-orleans-metairie-70070": {"city": "New Orleans-Metairie", "rent": 1660, "zip": "70070"}, "new-orleans-metairie-70072": {"city": "New Orleans-Metairie", "rent": 1340, "zip": "70072"}, "new-orleans-metairie-70073": {"city": "New Orleans-Metairie", "rent": 1340, "zip": "70073"}, "new-orleans-metairie-70075": {"city": "New Orleans-Metairie", "rent": 1340, "zip": "70075"}, "new-orleans-metairie-70076": {"city": "New Orleans-Metairie", "rent": 1340, "zip": "70076"}, "new-orleans-metairie-70078": {"city": "New Orleans-Metairie", "rent": 1340, "zip": "70078"}, "new-orleans-metairie-70079": {"city": "New Orleans-Metairie", "rent": 1350, "zip": "70079"}, "new-orleans-metairie-70080": {"city": "New Orleans-Metairie", "rent": 1360, "zip": "70080"}, "new-orleans-metairie-70082": {"city": "New Orleans-Metairie", "rent": 1750, "zip": "70082"}, "new-orleans-metairie-70083": {"city": "New Orleans-Metairie", "rent": 1750, "zip": "70083"}, "new-orleans-metairie-70084": {"city": "New Orleans-Metairie", "rent": 1340, "zip": "70084"}, "new-orleans-metairie-70085": {"city": "New Orleans-Metairie", "rent": 1340, "zip": "70085"}, "new-orleans-metairie-70087": {"city": "New Orleans-Metairie", "rent": 1340, "zip": "70087"}, "new-orleans-metairie-70090": {"city": "New Orleans-Metairie", "rent": 1340, "zip": "70090"}, "new-orleans-metairie-70091": {"city": "New Orleans-Metairie", "rent": 1750, "zip": "70091"}, "new-orleans-metairie-70092": {"city": "New Orleans-Metairie", "rent": 1340, "zip": "70092"}, "new-orleans-metairie-70094": {"city": "New Orleans-Metairie", "rent": 1340, "zip": "70094"}, "new-orleans-metairie-70096": {"city": "New Orleans-Metairie", "rent": 1340, "zip": "70096"}, "new-orleans-metairie-70112": {"city": "New Orleans-Metairie", "rent": 1340, "zip": "70112"}, "new-orleans-metairie-70113": {"city": "New Orleans-Metairie", "rent": 1340, "zip": "70113"}, "new-orleans-metairie-70114": {"city": "New Orleans-Metairie", "rent": 1340, "zip": "70114"}, "new-orleans-metairie-70115": {"city": "New Orleans-Metairie", "rent": 1720, "zip": "70115"}, "new-orleans-metairie-70116": {"city": "New Orleans-Metairie", "rent": 1570, "zip": "70116"}, "new-orleans-metairie-70117": {"city": "New Orleans-Metairie", "rent": 1340, "zip": "70117"}, "new-orleans-metairie-70118": {"city": "New Orleans-Metairie", "rent": 1390, "zip": "70118"}, "new-orleans-metairie-70119": {"city": "New Orleans-Metairie", "rent": 1510, "zip": "70119"}, "new-orleans-metairie-70121": {"city": "New Orleans-Metairie", "rent": 1340, "zip": "70121"}, "new-orleans-metairie-70122": {"city": "New Orleans-Metairie", "rent": 1380, "zip": "70122"}, "new-orleans-metairie-70123": {"city": "New Orleans-Metairie", "rent": 1660, "zip": "70123"}, "new-orleans-metairie-70124": {"city": "New Orleans-Metairie", "rent": 1930, "zip": "70124"}, "new-orleans-metairie-70125": {"city": "New Orleans-Metairie", "rent": 1490, "zip": "70125"}, "new-orleans-metairie-70126": {"city": "New Orleans-Metairie", "rent": 1340, "zip": "70126"}, "new-orleans-metairie-70127": {"city": "New Orleans-Metairie", "rent": 1340, "zip": "70127"}, "new-orleans-metairie-70128": {"city": "New Orleans-Metairie", "rent": 1380, "zip": "70128"}, "new-orleans-metairie-70129": {"city": "New Orleans-Metairie", "rent": 1340, "zip": "70129"}, "new-orleans-metairie-70130": {"city": "New Orleans-Metairie", "rent": 2000, "zip": "70130"}, "new-orleans-metairie-70131": {"city": "New Orleans-Metairie", "rent": 1340, "zip": "70131"}, "new-orleans-metairie-70139": {"city": "New Orleans-Metairie", "rent": 1370, "zip": "70139"}, "new-orleans-metairie-70145": {"city": "New Orleans-Metairie", "rent": 1370, "zip": "70145"}, "new-orleans-metairie-70146": {"city": "New Orleans-Metairie", "rent": 1370, "zip": "70146"}, "new-orleans-metairie-70148": {"city": "New Orleans-Metairie", "rent": 1340, "zip": "70148"}, "new-orleans-metairie-70150": {"city": "New Orleans-Metairie", "rent": 1370, "zip": "70150"}, "new-orleans-metairie-70151": {"city": "New Orleans-Metairie", "rent": 1370, "zip": "70151"}, "new-orleans-metairie-70152": {"city": "New Orleans-Metairie", "rent": 1370, "zip": "70152"}, "new-orleans-metairie-70153": {"city": "New Orleans-Metairie", "rent": 1370, "zip": "70153"}, "new-orleans-metairie-70156": {"city": "New Orleans-Metairie", "rent": 1370, "zip": "70156"}, "new-orleans-metairie-70157": {"city": "New Orleans-Metairie", "rent": 1370, "zip": "70157"}, "new-orleans-metairie-70158": {"city": "New Orleans-Metairie", "rent": 1370, "zip": "70158"}, "new-orleans-metairie-70163": {"city": "New Orleans-Metairie", "rent": 1370, "zip": "70163"}, "new-orleans-metairie-70170": {"city": "New Orleans-Metairie", "rent": 1370, "zip": "70170"}, "new-orleans-metairie-70172": {"city": "New Orleans-Metairie", "rent": 1370, "zip": "70172"}, "new-orleans-metairie-70174": {"city": "New Orleans-Metairie", "rent": 1370, "zip": "70174"}, "new-orleans-metairie-70175": {"city": "New Orleans-Metairie", "rent": 1370, "zip": "70175"}, "new-orleans-metairie-70176": {"city": "New Orleans-Metairie", "rent": 1370, "zip": "70176"}, "new-orleans-metairie-70177": {"city": "New Orleans-Metairie", "rent": 1370, "zip": "70177"}, "new-orleans-metairie-70178": {"city": "New Orleans-Metairie", "rent": 1370, "zip": "70178"}, "new-orleans-metairie-70179": {"city": "New Orleans-Metairie", "rent": 1370, "zip": "70179"}, "new-orleans-metairie-70181": {"city": "New Orleans-Metairie", "rent": 1340, "zip": "70181"}, "new-orleans-metairie-70182": {"city": "New Orleans-Metairie", "rent": 1370, "zip": "70182"}, "new-orleans-metairie-70183": {"city": "New Orleans-Metairie", "rent": 1340, "zip": "70183"}, "new-orleans-metairie-70184": {"city": "New Orleans-Metairie", "rent": 1370, "zip": "70184"}, "new-orleans-metairie-70185": {"city": "New Orleans-Metairie", "rent": 1370, "zip": "70185"}, "new-orleans-metairie-70186": {"city": "New Orleans-Metairie", "rent": 1370, "zip": "70186"}, "new-orleans-metairie-70187": {"city": "New Orleans-Metairie", "rent": 1370, "zip": "70187"}, "new-orleans-metairie-70189": {"city": "New Orleans-Metairie", "rent": 1370, "zip": "70189"}, "new-orleans-metairie-70190": {"city": "New Orleans-Metairie", "rent": 1370, "zip": "70190"}, "new-orleans-metairie-70358": {"city": "New Orleans-Metairie", "rent": 1480, "zip": "70358"}, "st.-james-parish-70052": {"city": "St. James Parish", "rent": 1130, "zip": "70052"}, "st.-james-parish-70071": {"city": "St. James Parish", "rent": 970, "zip": "70071"}, "st.-james-parish-70086": {"city": "St. James Parish", "rent": 880, "zip": "70086"}, "st.-james-parish-70090": {"city": "St. James Parish", "rent": 1340, "zip": "70090"}, "st.-james-parish-70346": {"city": "St. James Parish", "rent": 1100, "zip": "70346"}, "st.-james-parish-70723": {"city": "St. James Parish", "rent": 1240, "zip": "70723"}, "st.-james-parish-70743": {"city": "St. James Parish", "rent": 940, "zip": "70743"}, "st.-james-parish-70763": {"city": "St. James Parish", "rent": 880, "zip": "70763"}, "st.-james-parish-70792": {"city": "St. James Parish", "rent": 920, "zip": "70792"}, "shreveport-bossier-city-71004": {"city": "Shreveport-Bossier City", "rent": 1200, "zip": "71004"}, "shreveport-bossier-city-71006": {"city": "Shreveport-Bossier City", "rent": 1260, "zip": "71006"}, "shreveport-bossier-city-71007": {"city": "Shreveport-Bossier City", "rent": 970, "zip": "71007"}, "shreveport-bossier-city-71009": {"city": "Shreveport-Bossier City", "rent": 1060, "zip": "71009"}, "shreveport-bossier-city-71018": {"city": "Shreveport-Bossier City", "rent": 970, "zip": "71018"}, "shreveport-bossier-city-71023": {"city": "Shreveport-Bossier City", "rent": 1030, "zip": "71023"}, "shreveport-bossier-city-71027": {"city": "Shreveport-Bossier City", "rent": 1210, "zip": "71027"}, "shreveport-bossier-city-71029": {"city": "Shreveport-Bossier City", "rent": 1030, "zip": "71029"}, "shreveport-bossier-city-71030": {"city": "Shreveport-Bossier City", "rent": 1190, "zip": "71030"}, "shreveport-bossier-city-71032": {"city": "Shreveport-Bossier City", "rent": 920, "zip": "71032"}, "shreveport-bossier-city-71033": {"city": "Shreveport-Bossier City", "rent": 1040, "zip": "71033"}, "shreveport-bossier-city-71037": {"city": "Shreveport-Bossier City", "rent": 1310, "zip": "71037"}, "shreveport-bossier-city-71043": {"city": "Shreveport-Bossier City", "rent": 920, "zip": "71043"}, "shreveport-bossier-city-71044": {"city": "Shreveport-Bossier City", "rent": 920, "zip": "71044"}, "shreveport-bossier-city-71046": {"city": "Shreveport-Bossier City", "rent": 970, "zip": "71046"}, "shreveport-bossier-city-71047": {"city": "Shreveport-Bossier City", "rent": 1030, "zip": "71047"}, "shreveport-bossier-city-71049": {"city": "Shreveport-Bossier City", "rent": 920, "zip": "71049"}, "shreveport-bossier-city-71051": {"city": "Shreveport-Bossier City", "rent": 1380, "zip": "71051"}, "shreveport-bossier-city-71052": {"city": "Shreveport-Bossier City", "rent": 920, "zip": "71052"}, "shreveport-bossier-city-71060": {"city": "Shreveport-Bossier City", "rent": 1220, "zip": "71060"}, "shreveport-bossier-city-71061": {"city": "Shreveport-Bossier City", "rent": 950, "zip": "71061"}, "shreveport-bossier-city-71063": {"city": "Shreveport-Bossier City", "rent": 930, "zip": "71063"}, "shreveport-bossier-city-71064": {"city": "Shreveport-Bossier City", "rent": 920, "zip": "71064"}, "shreveport-bossier-city-71065": {"city": "Shreveport-Bossier City", "rent": 930, "zip": "71065"}, "shreveport-bossier-city-71067": {"city": "Shreveport-Bossier City", "rent": 920, "zip": "71067"}, "shreveport-bossier-city-71069": {"city": "Shreveport-Bossier City", "rent": 920, "zip": "71069"}, "shreveport-bossier-city-71071": {"city": "Shreveport-Bossier City", "rent": 1010, "zip": "71071"}, "shreveport-bossier-city-71075": {"city": "Shreveport-Bossier City", "rent": 920, "zip": "71075"}, "shreveport-bossier-city-71078": {"city": "Shreveport-Bossier City", "rent": 1180, "zip": "71078"}, "shreveport-bossier-city-71082": {"city": "Shreveport-Bossier City", "rent": 920, "zip": "71082"}, "shreveport-bossier-city-71101": {"city": "Shreveport-Bossier City", "rent": 920, "zip": "71101"}, "shreveport-bossier-city-71102": {"city": "Shreveport-Bossier City", "rent": 1070, "zip": "71102"}, "shreveport-bossier-city-71103": {"city": "Shreveport-Bossier City", "rent": 990, "zip": "71103"}, "shreveport-bossier-city-71104": {"city": "Shreveport-Bossier City", "rent": 1160, "zip": "71104"}, "shreveport-bossier-city-71105": {"city": "Shreveport-Bossier City", "rent": 1360, "zip": "71105"}, "shreveport-bossier-city-71106": {"city": "Shreveport-Bossier City", "rent": 970, "zip": "71106"}, "shreveport-bossier-city-71107": {"city": "Shreveport-Bossier City", "rent": 1060, "zip": "71107"}, "shreveport-bossier-city-71108": {"city": "Shreveport-Bossier City", "rent": 1160, "zip": "71108"}, "shreveport-bossier-city-71109": {"city": "Shreveport-Bossier City", "rent": 1020, "zip": "71109"}, "shreveport-bossier-city-71110": {"city": "Shreveport-Bossier City", "rent": 1670, "zip": "71110"}, "shreveport-bossier-city-71111": {"city": "Shreveport-Bossier City", "rent": 1250, "zip": "71111"}, "shreveport-bossier-city-71112": {"city": "Shreveport-Bossier City", "rent": 1290, "zip": "71112"}, "shreveport-bossier-city-71113": {"city": "Shreveport-Bossier City", "rent": 1280, "zip": "71113"}, "shreveport-bossier-city-71115": {"city": "Shreveport-Bossier City", "rent": 1150, "zip": "71115"}, "shreveport-bossier-city-71118": {"city": "Shreveport-Bossier City", "rent": 1110, "zip": "71118"}, "shreveport-bossier-city-71119": {"city": "Shreveport-Bossier City", "rent": 1150, "zip": "71119"}, "shreveport-bossier-city-71129": {"city": "Shreveport-Bossier City", "rent": 1020, "zip": "71129"}, "shreveport-bossier-city-71133": {"city": "Shreveport-Bossier City", "rent": 1070, "zip": "71133"}, "shreveport-bossier-city-71134": {"city": "Shreveport-Bossier City", "rent": 1070, "zip": "71134"}, "shreveport-bossier-city-71135": {"city": "Shreveport-Bossier City", "rent": 1070, "zip": "71135"}, "shreveport-bossier-city-71136": {"city": "Shreveport-Bossier City", "rent": 1070, "zip": "71136"}, "shreveport-bossier-city-71137": {"city": "Shreveport-Bossier City", "rent": 1280, "zip": "71137"}, "shreveport-bossier-city-71138": {"city": "Shreveport-Bossier City", "rent": 1070, "zip": "71138"}, "shreveport-bossier-city-71148": {"city": "Shreveport-Bossier City", "rent": 1070, "zip": "71148"}, "shreveport-bossier-city-71149": {"city": "Shreveport-Bossier City", "rent": 1070, "zip": "71149"}, "shreveport-bossier-city-71161": {"city": "Shreveport-Bossier City", "rent": 1070, "zip": "71161"}, "shreveport-bossier-city-71162": {"city": "Shreveport-Bossier City", "rent": 1070, "zip": "71162"}, "shreveport-bossier-city-71163": {"city": "Shreveport-Bossier City", "rent": 1070, "zip": "71163"}, "shreveport-bossier-city-71164": {"city": "Shreveport-Bossier City", "rent": 1070, "zip": "71164"}, "shreveport-bossier-city-71165": {"city": "Shreveport-Bossier City", "rent": 1070, "zip": "71165"}, "shreveport-bossier-city-71166": {"city": "Shreveport-Bossier City", "rent": 1070, "zip": "71166"}, "shreveport-bossier-city-71171": {"city": "Shreveport-Bossier City", "rent": 1280, "zip": "71171"}, "shreveport-bossier-city-71172": {"city": "Shreveport-Bossier City", "rent": 1280, "zip": "71172"}, "shreveport-bossier-city-71419": {"city": "Shreveport-Bossier City", "rent": 920, "zip": "71419"}, "slidell-mandeville-covington-70420": {"city": "Slidell-Mandeville-Covington", "rent": 1340, "zip": "70420"}, "slidell-mandeville-covington-70427": {"city": "Slidell-Mandeville-Covington", "rent": 1340, "zip": "70427"}, "slidell-mandeville-covington-70431": {"city": "Slidell-Mandeville-Covington", "rent": 1600, "zip": "70431"}, "slidell-mandeville-covington-70433": {"city": "Slidell-Mandeville-Covington", "rent": 1520, "zip": "70433"}, "slidell-mandeville-covington-70434": {"city": "Slidell-Mandeville-Covington", "rent": 1440, "zip": "70434"}, "slidell-mandeville-covington-70435": {"city": "Slidell-Mandeville-Covington", "rent": 1340, "zip": "70435"}, "slidell-mandeville-covington-70437": {"city": "Slidell-Mandeville-Covington", "rent": 1340, "zip": "70437"}, "slidell-mandeville-covington-70438": {"city": "Slidell-Mandeville-Covington", "rent": 1340, "zip": "70438"}, "slidell-mandeville-covington-70445": {"city": "Slidell-Mandeville-Covington", "rent": 1340, "zip": "70445"}, "slidell-mandeville-covington-70447": {"city": "Slidell-Mandeville-Covington", "rent": 2000, "zip": "70447"}, "slidell-mandeville-covington-70448": {"city": "Slidell-Mandeville-Covington", "rent": 1720, "zip": "70448"}, "slidell-mandeville-covington-70452": {"city": "Slidell-Mandeville-Covington", "rent": 1340, "zip": "70452"}, "slidell-mandeville-covington-70457": {"city": "Slidell-Mandeville-Covington", "rent": 1340, "zip": "70457"}, "slidell-mandeville-covington-70458": {"city": "Slidell-Mandeville-Covington", "rent": 1530, "zip": "70458"}, "slidell-mandeville-covington-70459": {"city": "Slidell-Mandeville-Covington", "rent": 1440, "zip": "70459"}, "slidell-mandeville-covington-70460": {"city": "Slidell-Mandeville-Covington", "rent": 1350, "zip": "70460"}, "slidell-mandeville-covington-70461": {"city": "Slidell-Mandeville-Covington", "rent": 1340, "zip": "70461"}, "slidell-mandeville-covington-70463": {"city": "Slidell-Mandeville-Covington", "rent": 1340, "zip": "70463"}, "slidell-mandeville-covington-70464": {"city": "Slidell-Mandeville-Covington", "rent": 1340, "zip": "70464"}, "slidell-mandeville-covington-70469": {"city": "Slidell-Mandeville-Covington", "rent": 1440, "zip": "70469"}, "slidell-mandeville-covington-70470": {"city": "Slidell-Mandeville-Covington", "rent": 1440, "zip": "70470"}, "slidell-mandeville-covington-70471": {"city": "Slidell-Mandeville-Covington", "rent": 1380, "zip": "70471"}, "allen-parish-70532": {"city": "Allen Parish", "rent": 880, "zip": "70532"}, "allen-parish-70637": {"city": "Allen Parish", "rent": 880, "zip": "70637"}, "allen-parish-70638": {"city": "Allen Parish", "rent": 1180, "zip": "70638"}, "allen-parish-70640": {"city": "Allen Parish", "rent": 830, "zip": "70640"}, "allen-parish-70644": {"city": "Allen Parish", "rent": 830, "zip": "70644"}, "allen-parish-70648": {"city": "Allen Parish", "rent": 830, "zip": "70648"}, "allen-parish-70651": {"city": "Allen Parish", "rent": 830, "zip": "70651"}, "allen-parish-70654": {"city": "Allen Parish", "rent": 1020, "zip": "70654"}, "allen-parish-70655": {"city": "Allen Parish", "rent": 930, "zip": "70655"}, "allen-parish-70656": {"city": "Allen Parish", "rent": 1170, "zip": "70656"}, "allen-parish-70657": {"city": "Allen Parish", "rent": 1030, "zip": "70657"}, "allen-parish-70658": {"city": "Allen Parish", "rent": 830, "zip": "70658"}, "allen-parish-70662": {"city": "Allen Parish", "rent": 940, "zip": "70662"}, "allen-parish-71433": {"city": "Allen Parish", "rent": 900, "zip": "71433"}, "allen-parish-71463": {"city": "Allen Parish", "rent": 900, "zip": "71463"}, "avoyelles-parish-71320": {"city": "Avoyelles Parish", "rent": 900, "zip": "71320"}, "avoyelles-parish-71322": {"city": "Avoyelles Parish", "rent": 900, "zip": "71322"}, "avoyelles-parish-71323": {"city": "Avoyelles Parish", "rent": 930, "zip": "71323"}, "avoyelles-parish-71327": {"city": "Avoyelles Parish", "rent": 830, "zip": "71327"}, "avoyelles-parish-71328": {"city": "Avoyelles Parish", "rent": 1010, "zip": "71328"}, "avoyelles-parish-71329": {"city": "Avoyelles Parish", "rent": 860, "zip": "71329"}, "avoyelles-parish-71331": {"city": "Avoyelles Parish", "rent": 900, "zip": "71331"}, "avoyelles-parish-71333": {"city": "Avoyelles Parish", "rent": 840, "zip": "71333"}, "avoyelles-parish-71339": {"city": "Avoyelles Parish", "rent": 860, "zip": "71339"}, "avoyelles-parish-71341": {"city": "Avoyelles Parish", "rent": 1070, "zip": "71341"}, "avoyelles-parish-71350": {"city": "Avoyelles Parish", "rent": 830, "zip": "71350"}, "avoyelles-parish-71351": {"city": "Avoyelles Parish", "rent": 900, "zip": "71351"}, "avoyelles-parish-71353": {"city": "Avoyelles Parish", "rent": 830, "zip": "71353"}, "avoyelles-parish-71355": {"city": "Avoyelles Parish", "rent": 830, "zip": "71355"}, "avoyelles-parish-71356": {"city": "Avoyelles Parish", "rent": 840, "zip": "71356"}, "avoyelles-parish-71360": {"city": "Avoyelles Parish", "rent": 970, "zip": "71360"}, "avoyelles-parish-71362": {"city": "Avoyelles Parish", "rent": 830, "zip": "71362"}, "avoyelles-parish-71367": {"city": "Avoyelles Parish", "rent": 900, "zip": "71367"}, "avoyelles-parish-71369": {"city": "Avoyelles Parish", "rent": 830, "zip": "71369"}, "beauregard-parish-70633": {"city": "Beauregard Parish", "rent": 1030, "zip": "70633"}, "beauregard-parish-70634": {"city": "Beauregard Parish", "rent": 1050, "zip": "70634"}, "beauregard-parish-70637": {"city": "Beauregard Parish", "rent": 880, "zip": "70637"}, "beauregard-parish-70652": {"city": "Beauregard Parish", "rent": 880, "zip": "70652"}, "beauregard-parish-70653": {"city": "Beauregard Parish", "rent": 880, "zip": "70653"}, "beauregard-parish-70657": {"city": "Beauregard Parish", "rent": 1030, "zip": "70657"}, "beauregard-parish-70660": {"city": "Beauregard Parish", "rent": 880, "zip": "70660"}, "beauregard-parish-70661": {"city": "Beauregard Parish", "rent": 1030, "zip": "70661"}, "beauregard-parish-70662": {"city": "Beauregard Parish", "rent": 940, "zip": "70662"}, "bienville-parish-71001": {"city": "Bienville Parish", "rent": 900, "zip": "71001"}, "bienville-parish-71008": {"city": "Bienville Parish", "rent": 830, "zip": "71008"}, "bienville-parish-71016": {"city": "Bienville Parish", "rent": 930, "zip": "71016"}, "bienville-parish-71024": {"city": "Bienville Parish", "rent": 830, "zip": "71024"}, "bienville-parish-71028": {"city": "Bienville Parish", "rent": 830, "zip": "71028"}, "bienville-parish-71039": {"city": "Bienville Parish", "rent": 1040, "zip": "71039"}, "bienville-parish-71045": {"city": "Bienville Parish", "rent": 850, "zip": "71045"}, "bienville-parish-71055": {"city": "Bienville Parish", "rent": 910, "zip": "71055"}, "bienville-parish-71068": {"city": "Bienville Parish", "rent": 830, "zip": "71068"}, "bienville-parish-71070": {"city": "Bienville Parish", "rent": 930, "zip": "71070"}, "bienville-parish-71080": {"city": "Bienville Parish", "rent": 830, "zip": "71080"}, "bienville-parish-71251": {"city": "Bienville Parish", "rent": 830, "zip": "71251"}, "bienville-parish-71268": {"city": "Bienville Parish", "rent": 1090, "zip": "71268"}, "bienville-parish-71275": {"city": "Bienville Parish", "rent": 900, "zip": "71275"}, "caldwell-parish-71415": {"city": "Caldwell Parish", "rent": 830, "zip": "71415"}, "caldwell-parish-71418": {"city": "Caldwell Parish", "rent": 900, "zip": "71418"}, "caldwell-parish-71435": {"city": "Caldwell Parish", "rent": 890, "zip": "71435"}, "caldwell-parish-71441": {"city": "Caldwell Parish", "rent": 870, "zip": "71441"}, "caldwell-parish-71465": {"city": "Caldwell Parish", "rent": 840, "zip": "71465"}, "catahoula-parish-71326": {"city": "Catahoula Parish", "rent": 830, "zip": "71326"}, "catahoula-parish-71340": {"city": "Catahoula Parish", "rent": 830, "zip": "71340"}, "catahoula-parish-71343": {"city": "Catahoula Parish", "rent": 840, "zip": "71343"}, "catahoula-parish-71354": {"city": "Catahoula Parish", "rent": 900, "zip": "71354"}, "catahoula-parish-71363": {"city": "Catahoula Parish", "rent": 830, "zip": "71363"}, "catahoula-parish-71368": {"city": "Catahoula Parish", "rent": 830, "zip": "71368"}, "catahoula-parish-71401": {"city": "Catahoula Parish", "rent": 840, "zip": "71401"}, "catahoula-parish-71418": {"city": "Catahoula Parish", "rent": 900, "zip": "71418"}, "catahoula-parish-71425": {"city": "Catahoula Parish", "rent": 850, "zip": "71425"}, "catahoula-parish-71435": {"city": "Catahoula Parish", "rent": 890, "zip": "71435"}, "catahoula-parish-71465": {"city": "Catahoula Parish", "rent": 840, "zip": "71465"}, "claiborne-parish-71001": {"city": "Claiborne Parish", "rent": 900, "zip": "71001"}, "claiborne-parish-71003": {"city": "Claiborne Parish", "rent": 1090, "zip": "71003"}, "claiborne-parish-71028": {"city": "Claiborne Parish", "rent": 830, "zip": "71028"}, "claiborne-parish-71038": {"city": "Claiborne Parish", "rent": 830, "zip": "71038"}, "claiborne-parish-71040": {"city": "Claiborne Parish", "rent": 850, "zip": "71040"}, "claiborne-parish-71048": {"city": "Claiborne Parish", "rent": 840, "zip": "71048"}, "claiborne-parish-71055": {"city": "Claiborne Parish", "rent": 910, "zip": "71055"}, "claiborne-parish-71079": {"city": "Claiborne Parish", "rent": 830, "zip": "71079"}, "claiborne-parish-71222": {"city": "Claiborne Parish", "rent": 900, "zip": "71222"}, "claiborne-parish-71235": {"city": "Claiborne Parish", "rent": 910, "zip": "71235"}, "claiborne-parish-71256": {"city": "Claiborne Parish", "rent": 900, "zip": "71256"}, "claiborne-parish-71749": {"city": "Claiborne Parish", "rent": 900, "zip": "71749"}, "concordia-parish-71316": {"city": "Concordia Parish", "rent": 1040, "zip": "71316"}, "concordia-parish-71326": {"city": "Concordia Parish", "rent": 830, "zip": "71326"}, "concordia-parish-71334": {"city": "Concordia Parish", "rent": 830, "zip": "71334"}, "concordia-parish-71343": {"city": "Concordia Parish", "rent": 840, "zip": "71343"}, "concordia-parish-71354": {"city": "Concordia Parish", "rent": 900, "zip": "71354"}, "concordia-parish-71373": {"city": "Concordia Parish", "rent": 1040, "zip": "71373"}, "east-carroll-parish-71237": {"city": "East Carroll Parish", "rent": 1090, "zip": "71237"}, "east-carroll-parish-71254": {"city": "East Carroll Parish", "rent": 830, "zip": "71254"}, "east-carroll-parish-71276": {"city": "East Carroll Parish", "rent": 840, "zip": "71276"}, "east-carroll-parish-71282": {"city": "East Carroll Parish", "rent": 830, "zip": "71282"}, "east-carroll-parish-71286": {"city": "East Carroll Parish", "rent": 830, "zip": "71286"}, "evangeline-parish-70515": {"city": "Evangeline Parish", "rent": 900, "zip": "70515"}, "evangeline-parish-70524": {"city": "Evangeline Parish", "rent": 830, "zip": "70524"}, "evangeline-parish-70535": {"city": "Evangeline Parish", "rent": 850, "zip": "70535"}, "evangeline-parish-70554": {"city": "Evangeline Parish", "rent": 830, "zip": "70554"}, "evangeline-parish-70570": {"city": "Evangeline Parish", "rent": 850, "zip": "70570"}, "evangeline-parish-70576": {"city": "Evangeline Parish", "rent": 870, "zip": "70576"}, "evangeline-parish-70580": {"city": "Evangeline Parish", "rent": 830, "zip": "70580"}, "evangeline-parish-70585": {"city": "Evangeline Parish", "rent": 900, "zip": "70585"}, "evangeline-parish-70586": {"city": "Evangeline Parish", "rent": 900, "zip": "70586"}, "evangeline-parish-70589": {"city": "Evangeline Parish", "rent": 830, "zip": "70589"}, "evangeline-parish-71325": {"city": "Evangeline Parish", "rent": 900, "zip": "71325"}, "evangeline-parish-71367": {"city": "Evangeline Parish", "rent": 900, "zip": "71367"}, "evangeline-parish-71433": {"city": "Evangeline Parish", "rent": 900, "zip": "71433"}, "evangeline-parish-71463": {"city": "Evangeline Parish", "rent": 900, "zip": "71463"}, "franklin-parish-71219": {"city": "Franklin Parish", "rent": 930, "zip": "71219"}, "franklin-parish-71230": {"city": "Franklin Parish", "rent": 830, "zip": "71230"}, "franklin-parish-71232": {"city": "Franklin Parish", "rent": 960, "zip": "71232"}, "franklin-parish-71243": {"city": "Franklin Parish", "rent": 850, "zip": "71243"}, "franklin-parish-71249": {"city": "Franklin Parish", "rent": 830, "zip": "71249"}, "franklin-parish-71295": {"city": "Franklin Parish", "rent": 870, "zip": "71295"}, "franklin-parish-71324": {"city": "Franklin Parish", "rent": 830, "zip": "71324"}, "franklin-parish-71336": {"city": "Franklin Parish", "rent": 830, "zip": "71336"}, "franklin-parish-71368": {"city": "Franklin Parish", "rent": 830, "zip": "71368"}, "franklin-parish-71378": {"city": "Franklin Parish", "rent": 830, "zip": "71378"}, "iberia-parish-70513": {"city": "Iberia Parish", "rent": 890, "zip": "70513"}, "iberia-parish-70518": {"city": "Iberia Parish", "rent": 1020, "zip": "70518"}, "iberia-parish-70528": {"city": "Iberia Parish", "rent": 850, "zip": "70528"}, "iberia-parish-70533": {"city": "Iberia Parish", "rent": 840, "zip": "70533"}, "iberia-parish-70544": {"city": "Iberia Parish", "rent": 910, "zip": "70544"}, "iberia-parish-70552": {"city": "Iberia Parish", "rent": 860, "zip": "70552"}, "iberia-parish-70560": {"city": "Iberia Parish", "rent": 950, "zip": "70560"}, "iberia-parish-70562": {"city": "Iberia Parish", "rent": 910, "zip": "70562"}, "iberia-parish-70563": {"city": "Iberia Parish", "rent": 1020, "zip": "70563"}, "iberia-parish-70569": {"city": "Iberia Parish", "rent": 910, "zip": "70569"}, "iberia-parish-70582": {"city": "Iberia Parish", "rent": 950, "zip": "70582"}, "iberia-parish-70592": {"city": "Iberia Parish", "rent": 1180, "zip": "70592"}, "jackson-parish-71225": {"city": "Jackson Parish", "rent": 990, "zip": "71225"}, "jackson-parish-71226": {"city": "Jackson Parish", "rent": 830, "zip": "71226"}, "jackson-parish-71227": {"city": "Jackson Parish", "rent": 970, "zip": "71227"}, "jackson-parish-71238": {"city": "Jackson Parish", "rent": 940, "zip": "71238"}, "jackson-parish-71247": {"city": "Jackson Parish", "rent": 850, "zip": "71247"}, "jackson-parish-71251": {"city": "Jackson Parish", "rent": 830, "zip": "71251"}, "jackson-parish-71268": {"city": "Jackson Parish", "rent": 1090, "zip": "71268"}, "jackson-parish-71270": {"city": "Jackson Parish", "rent": 940, "zip": "71270"}, "jackson-parish-71422": {"city": "Jackson Parish", "rent": 890, "zip": "71422"}, "jackson-parish-71435": {"city": "Jackson Parish", "rent": 890, "zip": "71435"}, "la-salle-parish-71342": {"city": "La Salle Parish", "rent": 880, "zip": "71342"}, "la-salle-parish-71343": {"city": "La Salle Parish", "rent": 840, "zip": "71343"}, "la-salle-parish-71371": {"city": "La Salle Parish", "rent": 880, "zip": "71371"}, "la-salle-parish-71435": {"city": "La Salle Parish", "rent": 890, "zip": "71435"}, "la-salle-parish-71441": {"city": "La Salle Parish", "rent": 870, "zip": "71441"}, "la-salle-parish-71465": {"city": "La Salle Parish", "rent": 840, "zip": "71465"}, "la-salle-parish-71479": {"city": "La Salle Parish", "rent": 840, "zip": "71479"}, "la-salle-parish-71480": {"city": "La Salle Parish", "rent": 840, "zip": "71480"}, "lincoln-parish-71001": {"city": "Lincoln Parish", "rent": 900, "zip": "71001"}, "lincoln-parish-71003": {"city": "Lincoln Parish", "rent": 1090, "zip": "71003"}, "lincoln-parish-71225": {"city": "Lincoln Parish", "rent": 990, "zip": "71225"}, "lincoln-parish-71227": {"city": "Lincoln Parish", "rent": 970, "zip": "71227"}, "lincoln-parish-71234": {"city": "Lincoln Parish", "rent": 1220, "zip": "71234"}, "lincoln-parish-71235": {"city": "Lincoln Parish", "rent": 910, "zip": "71235"}, "lincoln-parish-71241": {"city": "Lincoln Parish", "rent": 900, "zip": "71241"}, "lincoln-parish-71245": {"city": "Lincoln Parish", "rent": 890, "zip": "71245"}, "lincoln-parish-71270": {"city": "Lincoln Parish", "rent": 940, "zip": "71270"}, "lincoln-parish-71272": {"city": "Lincoln Parish", "rent": 940, "zip": "71272"}, "lincoln-parish-71273": {"city": "Lincoln Parish", "rent": 890, "zip": "71273"}, "lincoln-parish-71275": {"city": "Lincoln Parish", "rent": 900, "zip": "71275"}, "madison-parish-71232": {"city": "Madison Parish", "rent": 960, "zip": "71232"}, "madison-parish-71233": {"city": "Madison Parish", "rent": 830, "zip": "71233"}, "madison-parish-71237": {"city": "Madison Parish", "rent": 1090, "zip": "71237"}, "madison-parish-71276": {"city": "Madison Parish", "rent": 840, "zip": "71276"}, "madison-parish-71282": {"city": "Madison Parish", "rent": 830, "zip": "71282"}, "madison-parish-71284": {"city": "Madison Parish", "rent": 830, "zip": "71284"}, "natchitoches-parish-71002": {"city": "Natchitoches Parish", "rent": 930, "zip": "71002"}, "natchitoches-parish-71016": {"city": "Natchitoches Parish", "rent": 930, "zip": "71016"}, "natchitoches-parish-71019": {"city": "Natchitoches Parish", "rent": 930, "zip": "71019"}, "natchitoches-parish-71031": {"city": "Natchitoches Parish", "rent": 930, "zip": "71031"}, "natchitoches-parish-71063": {"city": "Natchitoches Parish", "rent": 930, "zip": "71063"}, "natchitoches-parish-71065": {"city": "Natchitoches Parish", "rent": 930, "zip": "71065"}, "natchitoches-parish-71066": {"city": "Natchitoches Parish", "rent": 980, "zip": "71066"}, "natchitoches-parish-71070": {"city": "Natchitoches Parish", "rent": 930, "zip": "71070"}, "natchitoches-parish-71411": {"city": "Natchitoches Parish", "rent": 930, "zip": "71411"}, "natchitoches-parish-71414": {"city": "Natchitoches Parish", "rent": 1020, "zip": "71414"}, "natchitoches-parish-71416": {"city": "Natchitoches Parish", "rent": 930, "zip": "71416"}, "natchitoches-parish-71427": {"city": "Natchitoches Parish", "rent": 940, "zip": "71427"}, "natchitoches-parish-71428": {"city": "Natchitoches Parish", "rent": 930, "zip": "71428"}, "natchitoches-parish-71434": {"city": "Natchitoches Parish", "rent": 930, "zip": "71434"}, "natchitoches-parish-71447": {"city": "Natchitoches Parish", "rent": 1050, "zip": "71447"}, "natchitoches-parish-71450": {"city": "Natchitoches Parish", "rent": 930, "zip": "71450"}, "natchitoches-parish-71452": {"city": "Natchitoches Parish", "rent": 930, "zip": "71452"}, "natchitoches-parish-71455": {"city": "Natchitoches Parish", "rent": 930, "zip": "71455"}, "natchitoches-parish-71456": {"city": "Natchitoches Parish", "rent": 970, "zip": "71456"}, "natchitoches-parish-71457": {"city": "Natchitoches Parish", "rent": 980, "zip": "71457"}, "natchitoches-parish-71458": {"city": "Natchitoches Parish", "rent": 930, "zip": "71458"}, "natchitoches-parish-71468": {"city": "Natchitoches Parish", "rent": 930, "zip": "71468"}, "natchitoches-parish-71469": {"city": "Natchitoches Parish", "rent": 1040, "zip": "71469"}, "natchitoches-parish-71497": {"city": "Natchitoches Parish", "rent": 980, "zip": "71497"}, "red-river-parish-71019": {"city": "Red River Parish", "rent": 930, "zip": "71019"}, "red-river-parish-71034": {"city": "Red River Parish", "rent": 830, "zip": "71034"}, "red-river-parish-71052": {"city": "Red River Parish", "rent": 920, "zip": "71052"}, "red-river-parish-71068": {"city": "Red River Parish", "rent": 830, "zip": "71068"}, "red-river-parish-71115": {"city": "Red River Parish", "rent": 1150, "zip": "71115"}, "red-river-parish-71457": {"city": "Red River Parish", "rent": 980, "zip": "71457"}, "sabine-parish-71065": {"city": "Sabine Parish", "rent": 930, "zip": "71065"}, "sabine-parish-71403": {"city": "Sabine Parish", "rent": 1310, "zip": "71403"}, "sabine-parish-71406": {"city": "Sabine Parish", "rent": 890, "zip": "71406"}, "sabine-parish-71419": {"city": "Sabine Parish", "rent": 920, "zip": "71419"}, "sabine-parish-71426": {"city": "Sabine Parish", "rent": 950, "zip": "71426"}, "sabine-parish-71429": {"city": "Sabine Parish", "rent": 1050, "zip": "71429"}, "sabine-parish-71439": {"city": "Sabine Parish", "rent": 1050, "zip": "71439"}, "sabine-parish-71449": {"city": "Sabine Parish", "rent": 910, "zip": "71449"}, "sabine-parish-71450": {"city": "Sabine Parish", "rent": 930, "zip": "71450"}, "sabine-parish-71460": {"city": "Sabine Parish", "rent": 890, "zip": "71460"}, "sabine-parish-71462": {"city": "Sabine Parish", "rent": 890, "zip": "71462"}, "sabine-parish-71468": {"city": "Sabine Parish", "rent": 930, "zip": "71468"}, "sabine-parish-71469": {"city": "Sabine Parish", "rent": 1040, "zip": "71469"}, "sabine-parish-71486": {"city": "Sabine Parish", "rent": 890, "zip": "71486"}, "st.-landry-parish-70512": {"city": "St. Landry Parish", "rent": 950, "zip": "70512"}, "st.-landry-parish-70520": {"city": "St. Landry Parish", "rent": 950, "zip": "70520"}, "st.-landry-parish-70525": {"city": "St. Landry Parish", "rent": 950, "zip": "70525"}, "st.-landry-parish-70535": {"city": "St. Landry Parish", "rent": 850, "zip": "70535"}, "st.-landry-parish-70541": {"city": "St. Landry Parish", "rent": 830, "zip": "70541"}, "st.-landry-parish-70550": {"city": "St. Landry Parish", "rent": 850, "zip": "70550"}, "st.-landry-parish-70551": {"city": "St. Landry Parish", "rent": 840, "zip": "70551"}, "st.-landry-parish-70570": {"city": "St. Landry Parish", "rent": 850, "zip": "70570"}, "st.-landry-parish-70571": {"city": "St. Landry Parish", "rent": 830, "zip": "70571"}, "st.-landry-parish-70577": {"city": "St. Landry Parish", "rent": 840, "zip": "70577"}, "st.-landry-parish-70584": {"city": "St. Landry Parish", "rent": 1010, "zip": "70584"}, "st.-landry-parish-70586": {"city": "St. Landry Parish", "rent": 900, "zip": "70586"}, "st.-landry-parish-70589": {"city": "St. Landry Parish", "rent": 830, "zip": "70589"}, "st.-landry-parish-70750": {"city": "St. Landry Parish", "rent": 1040, "zip": "70750"}, "st.-landry-parish-71322": {"city": "St. Landry Parish", "rent": 900, "zip": "71322"}, "st.-landry-parish-71345": {"city": "St. Landry Parish", "rent": 840, "zip": "71345"}, "st.-landry-parish-71353": {"city": "St. Landry Parish", "rent": 830, "zip": "71353"}, "st.-landry-parish-71356": {"city": "St. Landry Parish", "rent": 840, "zip": "71356"}, "st.-landry-parish-71358": {"city": "St. Landry Parish", "rent": 850, "zip": "71358"}, "st.-landry-parish-71362": {"city": "St. Landry Parish", "rent": 830, "zip": "71362"}, "st.-mary-parish-70340": {"city": "St. Mary Parish", "rent": 970, "zip": "70340"}, "st.-mary-parish-70342": {"city": "St. Mary Parish", "rent": 910, "zip": "70342"}, "st.-mary-parish-70380": {"city": "St. Mary Parish", "rent": 970, "zip": "70380"}, "st.-mary-parish-70381": {"city": "St. Mary Parish", "rent": 950, "zip": "70381"}, "st.-mary-parish-70392": {"city": "St. Mary Parish", "rent": 910, "zip": "70392"}, "st.-mary-parish-70514": {"city": "St. Mary Parish", "rent": 1010, "zip": "70514"}, "st.-mary-parish-70522": {"city": "St. Mary Parish", "rent": 950, "zip": "70522"}, "st.-mary-parish-70523": {"city": "St. Mary Parish", "rent": 1020, "zip": "70523"}, "st.-mary-parish-70538": {"city": "St. Mary Parish", "rent": 950, "zip": "70538"}, "st.-mary-parish-70540": {"city": "St. Mary Parish", "rent": 950, "zip": "70540"}, "st.-mary-parish-70544": {"city": "St. Mary Parish", "rent": 910, "zip": "70544"}, "tensas-parish-71282": {"city": "Tensas Parish", "rent": 830, "zip": "71282"}, "tensas-parish-71326": {"city": "Tensas Parish", "rent": 830, "zip": "71326"}, "tensas-parish-71334": {"city": "Tensas Parish", "rent": 830, "zip": "71334"}, "tensas-parish-71357": {"city": "Tensas Parish", "rent": 830, "zip": "71357"}, "tensas-parish-71366": {"city": "Tensas Parish", "rent": 1000, "zip": "71366"}, "tensas-parish-71375": {"city": "Tensas Parish", "rent": 830, "zip": "71375"}, "vernon-parish-70634": {"city": "Vernon Parish", "rent": 1050, "zip": "70634"}, "vernon-parish-70638": {"city": "Vernon Parish", "rent": 1180, "zip": "70638"}, "vernon-parish-70639": {"city": "Vernon Parish", "rent": 1050, "zip": "70639"}, "vernon-parish-70656": {"city": "Vernon Parish", "rent": 1170, "zip": "70656"}, "vernon-parish-70659": {"city": "Vernon Parish", "rent": 1050, "zip": "70659"}, "vernon-parish-71403": {"city": "Vernon Parish", "rent": 1310, "zip": "71403"}, "vernon-parish-71429": {"city": "Vernon Parish", "rent": 1050, "zip": "71429"}, "vernon-parish-71438": {"city": "Vernon Parish", "rent": 1050, "zip": "71438"}, "vernon-parish-71439": {"city": "Vernon Parish", "rent": 1050, "zip": "71439"}, "vernon-parish-71446": {"city": "Vernon Parish", "rent": 1050, "zip": "71446"}, "vernon-parish-71447": {"city": "Vernon Parish", "rent": 1050, "zip": "71447"}, "vernon-parish-71459": {"city": "Vernon Parish", "rent": 1120, "zip": "71459"}, "vernon-parish-71461": {"city": "Vernon Parish", "rent": 1050, "zip": "71461"}, "vernon-parish-71474": {"city": "Vernon Parish", "rent": 1050, "zip": "71474"}, "vernon-parish-71475": {"city": "Vernon Parish", "rent": 1050, "zip": "71475"}, "vernon-parish-71496": {"city": "Vernon Parish", "rent": 1050, "zip": "71496"}, "washington-parish-70426": {"city": "Washington Parish", "rent": 850, "zip": "70426"}, "washington-parish-70427": {"city": "Washington Parish", "rent": 1340, "zip": "70427"}, "washington-parish-70429": {"city": "Washington Parish", "rent": 830, "zip": "70429"}, "washington-parish-70431": {"city": "Washington Parish", "rent": 1600, "zip": "70431"}, "washington-parish-70435": {"city": "Washington Parish", "rent": 1340, "zip": "70435"}, "washington-parish-70438": {"city": "Washington Parish", "rent": 1340, "zip": "70438"}, "washington-parish-70444": {"city": "Washington Parish", "rent": 1100, "zip": "70444"}, "washington-parish-70450": {"city": "Washington Parish", "rent": 870, "zip": "70450"}, "webster-parish-71018": {"city": "Webster Parish", "rent": 970, "zip": "71018"}, "webster-parish-71021": {"city": "Webster Parish", "rent": 830, "zip": "71021"}, "webster-parish-71023": {"city": "Webster Parish", "rent": 1030, "zip": "71023"}, "webster-parish-71024": {"city": "Webster Parish", "rent": 830, "zip": "71024"}, "webster-parish-71038": {"city": "Webster Parish", "rent": 830, "zip": "71038"}, "webster-parish-71039": {"city": "Webster Parish", "rent": 1040, "zip": "71039"}, "webster-parish-71055": {"city": "Webster Parish", "rent": 910, "zip": "71055"}, "webster-parish-71067": {"city": "Webster Parish", "rent": 920, "zip": "71067"}, "webster-parish-71071": {"city": "Webster Parish", "rent": 1010, "zip": "71071"}, "webster-parish-71072": {"city": "Webster Parish", "rent": 890, "zip": "71072"}, "webster-parish-71073": {"city": "Webster Parish", "rent": 830, "zip": "71073"}, "webster-parish-71075": {"city": "Webster Parish", "rent": 920, "zip": "71075"}, "west-carroll-parish-71237": {"city": "West Carroll Parish", "rent": 1090, "zip": "71237"}, "west-carroll-parish-71242": {"city": "West Carroll Parish", "rent": 830, "zip": "71242"}, "west-carroll-parish-71253": {"city": "West Carroll Parish", "rent": 830, "zip": "71253"}, "west-carroll-parish-71263": {"city": "West Carroll Parish", "rent": 830, "zip": "71263"}, "west-carroll-parish-71266": {"city": "West Carroll Parish", "rent": 900, "zip": "71266"}, "west-carroll-parish-71269": {"city": "West Carroll Parish", "rent": 890, "zip": "71269"}, "west-carroll-parish-71286": {"city": "West Carroll Parish", "rent": 830, "zip": "71286"}, "winn-parish-71031": {"city": "Winn Parish", "rent": 930, "zip": "71031"}, "winn-parish-71070": {"city": "Winn Parish", "rent": 930, "zip": "71070"}, "winn-parish-71404": {"city": "Winn Parish", "rent": 900, "zip": "71404"}, "winn-parish-71410": {"city": "Winn Parish", "rent": 830, "zip": "71410"}, "winn-parish-71422": {"city": "Winn Parish", "rent": 890, "zip": "71422"}, "winn-parish-71432": {"city": "Winn Parish", "rent": 930, "zip": "71432"}, "winn-parish-71435": {"city": "Winn Parish", "rent": 890, "zip": "71435"}, "winn-parish-71440": {"city": "Winn Parish", "rent": 830, "zip": "71440"}, "winn-parish-71454": {"city": "Winn Parish", "rent": 900, "zip": "71454"}, "winn-parish-71457": {"city": "Winn Parish", "rent": 980, "zip": "71457"}, "winn-parish-71465": {"city": "Winn Parish", "rent": 840, "zip": "71465"}, "winn-parish-71471": {"city": "Winn Parish", "rent": 830, "zip": "71471"}, "winn-parish-71473": {"city": "Winn Parish", "rent": 860, "zip": "71473"}, "winn-parish-71479": {"city": "Winn Parish", "rent": 840, "zip": "71479"}, "winn-parish-71483": {"city": "Winn Parish", "rent": 830, "zip": "71483"}}