{"amherst-town-northampton-01002": {"city": "Amherst Town-Northampton", "rent": 2480, "zip": "01002"}, "amherst-town-northampton-01003": {"city": "Amherst Town-Northampton", "rent": 2490, "zip": "01003"}, "amherst-town-northampton-01004": {"city": "Amherst Town-Northampton", "rent": 2130, "zip": "01004"}, "amherst-town-northampton-01007": {"city": "Amherst Town-Northampton", "rent": 2120, "zip": "01007"}, "amherst-town-northampton-01011": {"city": "Amherst Town-Northampton", "rent": 1510, "zip": "01011"}, "amherst-town-northampton-01012": {"city": "Amherst Town-Northampton", "rent": 1640, "zip": "01012"}, "amherst-town-northampton-01026": {"city": "Amherst Town-Northampton", "rent": 1650, "zip": "01026"}, "amherst-town-northampton-01027": {"city": "Amherst Town-Northampton", "rent": 1960, "zip": "01027"}, "amherst-town-northampton-01031": {"city": "Amherst Town-Northampton", "rent": 1600, "zip": "01031"}, "amherst-town-northampton-01032": {"city": "Amherst Town-Northampton", "rent": 2200, "zip": "01032"}, "amherst-town-northampton-01033": {"city": "Amherst Town-Northampton", "rent": 2040, "zip": "01033"}, "amherst-town-northampton-01035": {"city": "Amherst Town-Northampton", "rent": 2580, "zip": "01035"}, "amherst-town-northampton-01038": {"city": "Amherst Town-Northampton", "rent": 2320, "zip": "01038"}, "amherst-town-northampton-01039": {"city": "Amherst Town-Northampton", "rent": 2520, "zip": "01039"}, "amherst-town-northampton-01040": {"city": "Amherst Town-Northampton", "rent": 1720, "zip": "01040"}, "amherst-town-northampton-01050": {"city": "Amherst Town-Northampton", "rent": 1930, "zip": "01050"}, "amherst-town-northampton-01053": {"city": "Amherst Town-Northampton", "rent": 2830, "zip": "01053"}, "amherst-town-northampton-01059": {"city": "Amherst Town-Northampton", "rent": 2130, "zip": "01059"}, "amherst-town-northampton-01060": {"city": "Amherst Town-Northampton", "rent": 2260, "zip": "01060"}, "amherst-town-northampton-01061": {"city": "Amherst Town-Northampton", "rent": 2130, "zip": "01061"}, "amherst-town-northampton-01062": {"city": "Amherst Town-Northampton", "rent": 2020, "zip": "01062"}, "amherst-town-northampton-01063": {"city": "Amherst Town-Northampton", "rent": 2260, "zip": "01063"}, "amherst-town-northampton-01066": {"city": "Amherst Town-Northampton", "rent": 2300, "zip": "01066"}, "amherst-town-northampton-01069": {"city": "Amherst Town-Northampton", "rent": 1510, "zip": "01069"}, "amherst-town-northampton-01070": {"city": "Amherst Town-Northampton", "rent": 1590, "zip": "01070"}, "amherst-town-northampton-01073": {"city": "Amherst Town-Northampton", "rent": 1810, "zip": "01073"}, "amherst-town-northampton-01075": {"city": "Amherst Town-Northampton", "rent": 1880, "zip": "01075"}, "amherst-town-northampton-01082": {"city": "Amherst Town-Northampton", "rent": 1690, "zip": "01082"}, "amherst-town-northampton-01084": {"city": "Amherst Town-Northampton", "rent": 1540, "zip": "01084"}, "amherst-town-northampton-01085": {"city": "Amherst Town-Northampton", "rent": 1640, "zip": "01085"}, "amherst-town-northampton-01088": {"city": "Amherst Town-Northampton", "rent": 2340, "zip": "01088"}, "amherst-town-northampton-01096": {"city": "Amherst Town-Northampton", "rent": 2280, "zip": "01096"}, "amherst-town-northampton-01098": {"city": "Amherst Town-Northampton", "rent": 1350, "zip": "01098"}, "amherst-town-northampton-01235": {"city": "Amherst Town-Northampton", "rent": 1510, "zip": "01235"}, "amherst-town-northampton-01243": {"city": "Amherst Town-Northampton", "rent": 1840, "zip": "01243"}, "amherst-town-northampton-01270": {"city": "Amherst Town-Northampton", "rent": 1510, "zip": "01270"}, "amherst-town-northampton-01330": {"city": "Amherst Town-Northampton", "rent": 1420, "zip": "01330"}, "barnstable-town-02360": {"city": "Barnstable Town", "rent": 2560, "zip": "02360"}, "barnstable-town-02532": {"city": "Barnstable Town", "rent": 2560, "zip": "02532"}, "barnstable-town-02534": {"city": "Barnstable Town", "rent": 2250, "zip": "02534"}, "barnstable-town-02536": {"city": "Barnstable Town", "rent": 2510, "zip": "02536"}, "barnstable-town-02537": {"city": "Barnstable Town", "rent": 2940, "zip": "02537"}, "barnstable-town-02540": {"city": "Barnstable Town", "rent": 2120, "zip": "02540"}, "barnstable-town-02541": {"city": "Barnstable Town", "rent": 2420, "zip": "02541"}, "barnstable-town-02542": {"city": "Barnstable Town", "rent": 2870, "zip": "02542"}, "barnstable-town-02543": {"city": "Barnstable Town", "rent": 2120, "zip": "02543"}, "barnstable-town-02553": {"city": "Barnstable Town", "rent": 2120, "zip": "02553"}, "barnstable-town-02556": {"city": "Barnstable Town", "rent": 2320, "zip": "02556"}, "barnstable-town-02559": {"city": "Barnstable Town", "rent": 2130, "zip": "02559"}, "barnstable-town-02561": {"city": "Barnstable Town", "rent": 2520, "zip": "02561"}, "barnstable-town-02562": {"city": "Barnstable Town", "rent": 2420, "zip": "02562"}, "barnstable-town-02563": {"city": "Barnstable Town", "rent": 2600, "zip": "02563"}, "barnstable-town-02574": {"city": "Barnstable Town", "rent": 2420, "zip": "02574"}, "barnstable-town-02601": {"city": "Barnstable Town", "rent": 2440, "zip": "02601"}, "barnstable-town-02630": {"city": "Barnstable Town", "rent": 3260, "zip": "02630"}, "barnstable-town-02631": {"city": "Barnstable Town", "rent": 2320, "zip": "02631"}, "barnstable-town-02632": {"city": "Barnstable Town", "rent": 3210, "zip": "02632"}, "barnstable-town-02633": {"city": "Barnstable Town", "rent": 2400, "zip": "02633"}, "barnstable-town-02634": {"city": "Barnstable Town", "rent": 2420, "zip": "02634"}, "barnstable-town-02635": {"city": "Barnstable Town", "rent": 2750, "zip": "02635"}, "barnstable-town-02637": {"city": "Barnstable Town", "rent": 2940, "zip": "02637"}, "barnstable-town-02638": {"city": "Barnstable Town", "rent": 2370, "zip": "02638"}, "barnstable-town-02639": {"city": "Barnstable Town", "rent": 2180, "zip": "02639"}, "barnstable-town-02641": {"city": "Barnstable Town", "rent": 2340, "zip": "02641"}, "barnstable-town-02642": {"city": "Barnstable Town", "rent": 2520, "zip": "02642"}, "barnstable-town-02643": {"city": "Barnstable Town", "rent": 2150, "zip": "02643"}, "barnstable-town-02644": {"city": "Barnstable Town", "rent": 2520, "zip": "02644"}, "barnstable-town-02645": {"city": "Barnstable Town", "rent": 2730, "zip": "02645"}, "barnstable-town-02646": {"city": "Barnstable Town", "rent": 2620, "zip": "02646"}, "barnstable-town-02647": {"city": "Barnstable Town", "rent": 2430, "zip": "02647"}, "barnstable-town-02648": {"city": "Barnstable Town", "rent": 2830, "zip": "02648"}, "barnstable-town-02649": {"city": "Barnstable Town", "rent": 2470, "zip": "02649"}, "barnstable-town-02650": {"city": "Barnstable Town", "rent": 2400, "zip": "02650"}, "barnstable-town-02651": {"city": "Barnstable Town", "rent": 2420, "zip": "02651"}, "barnstable-town-02652": {"city": "Barnstable Town", "rent": 2120, "zip": "02652"}, "barnstable-town-02653": {"city": "Barnstable Town", "rent": 2130, "zip": "02653"}, "barnstable-town-02655": {"city": "Barnstable Town", "rent": 2580, "zip": "02655"}, "barnstable-town-02657": {"city": "Barnstable Town", "rent": 2120, "zip": "02657"}, "barnstable-town-02659": {"city": "Barnstable Town", "rent": 2120, "zip": "02659"}, "barnstable-town-02660": {"city": "Barnstable Town", "rent": 2350, "zip": "02660"}, "barnstable-town-02661": {"city": "Barnstable Town", "rent": 2420, "zip": "02661"}, "barnstable-town-02662": {"city": "Barnstable Town", "rent": 2420, "zip": "02662"}, "barnstable-town-02663": {"city": "Barnstable Town", "rent": 2120, "zip": "02663"}, "barnstable-town-02664": {"city": "Barnstable Town", "rent": 2530, "zip": "02664"}, "barnstable-town-02666": {"city": "Barnstable Town", "rent": 2120, "zip": "02666"}, "barnstable-town-02667": {"city": "Barnstable Town", "rent": 2120, "zip": "02667"}, "barnstable-town-02668": {"city": "Barnstable Town", "rent": 3080, "zip": "02668"}, "barnstable-town-02669": {"city": "Barnstable Town", "rent": 2420, "zip": "02669"}, "barnstable-town-02670": {"city": "Barnstable Town", "rent": 2200, "zip": "02670"}, "barnstable-town-02671": {"city": "Barnstable Town", "rent": 2550, "zip": "02671"}, "barnstable-town-02672": {"city": "Barnstable Town", "rent": 2730, "zip": "02672"}, "barnstable-town-02673": {"city": "Barnstable Town", "rent": 2430, "zip": "02673"}, "barnstable-town-02675": {"city": "Barnstable Town", "rent": 2540, "zip": "02675"}, "boston-cambridge-quincy-01431": {"city": "Boston-Cambridge-Quincy", "rent": 2560, "zip": "01431"}, "boston-cambridge-quincy-01432": {"city": "Boston-Cambridge-Quincy", "rent": 2560, "zip": "01432"}, "boston-cambridge-quincy-01434": {"city": "Boston-Cambridge-Quincy", "rent": 2560, "zip": "01434"}, "boston-cambridge-quincy-01450": {"city": "Boston-Cambridge-Quincy", "rent": 2560, "zip": "01450"}, "boston-cambridge-quincy-01451": {"city": "Boston-Cambridge-Quincy", "rent": 2560, "zip": "01451"}, "boston-cambridge-quincy-01460": {"city": "Boston-Cambridge-Quincy", "rent": 2560, "zip": "01460"}, "boston-cambridge-quincy-01462": {"city": "Boston-Cambridge-Quincy", "rent": 2620, "zip": "01462"}, "boston-cambridge-quincy-01463": {"city": "Boston-Cambridge-Quincy", "rent": 2560, "zip": "01463"}, "boston-cambridge-quincy-01464": {"city": "Boston-Cambridge-Quincy", "rent": 2560, "zip": "01464"}, "boston-cambridge-quincy-01469": {"city": "Boston-Cambridge-Quincy", "rent": 2560, "zip": "01469"}, "boston-cambridge-quincy-01474": {"city": "Boston-Cambridge-Quincy", "rent": 3270, "zip": "01474"}, "boston-cambridge-quincy-01503": {"city": "Boston-Cambridge-Quincy", "rent": 2560, "zip": "01503"}, "boston-cambridge-quincy-01504": {"city": "Boston-Cambridge-Quincy", "rent": 2560, "zip": "01504"}, "boston-cambridge-quincy-01701": {"city": "Boston-Cambridge-Quincy", "rent": 2750, "zip": "01701"}, "boston-cambridge-quincy-01702": {"city": "Boston-Cambridge-Quincy", "rent": 2650, "zip": "01702"}, "boston-cambridge-quincy-01703": {"city": "Boston-Cambridge-Quincy", "rent": 2980, "zip": "01703"}, "boston-cambridge-quincy-01704": {"city": "Boston-Cambridge-Quincy", "rent": 2980, "zip": "01704"}, "boston-cambridge-quincy-01718": {"city": "Boston-Cambridge-Quincy", "rent": 2620, "zip": "01718"}, "boston-cambridge-quincy-01719": {"city": "Boston-Cambridge-Quincy", "rent": 2560, "zip": "01719"}, "boston-cambridge-quincy-01720": {"city": "Boston-Cambridge-Quincy", "rent": 2620, "zip": "01720"}, "boston-cambridge-quincy-01721": {"city": "Boston-Cambridge-Quincy", "rent": 3270, "zip": "01721"}, "boston-cambridge-quincy-01730": {"city": "Boston-Cambridge-Quincy", "rent": 3330, "zip": "01730"}, "boston-cambridge-quincy-01731": {"city": "Boston-Cambridge-Quincy", "rent": 4410, "zip": "01731"}, "boston-cambridge-quincy-01741": {"city": "Boston-Cambridge-Quincy", "rent": 2560, "zip": "01741"}, "boston-cambridge-quincy-01742": {"city": "Boston-Cambridge-Quincy", "rent": 3500, "zip": "01742"}, "boston-cambridge-quincy-01746": {"city": "Boston-Cambridge-Quincy", "rent": 2560, "zip": "01746"}, "boston-cambridge-quincy-01748": {"city": "Boston-Cambridge-Quincy", "rent": 3220, "zip": "01748"}, "boston-cambridge-quincy-01749": {"city": "Boston-Cambridge-Quincy", "rent": 2560, "zip": "01749"}, "boston-cambridge-quincy-01752": {"city": "Boston-Cambridge-Quincy", "rent": 2560, "zip": "01752"}, "boston-cambridge-quincy-01754": {"city": "Boston-Cambridge-Quincy", "rent": 2560, "zip": "01754"}, "boston-cambridge-quincy-01756": {"city": "Boston-Cambridge-Quincy", "rent": 2640, "zip": "01756"}, "boston-cambridge-quincy-01760": {"city": "Boston-Cambridge-Quincy", "rent": 2910, "zip": "01760"}, "boston-cambridge-quincy-01770": {"city": "Boston-Cambridge-Quincy", "rent": 2920, "zip": "01770"}, "boston-cambridge-quincy-01773": {"city": "Boston-Cambridge-Quincy", "rent": 2920, "zip": "01773"}, "boston-cambridge-quincy-01775": {"city": "Boston-Cambridge-Quincy", "rent": 2560, "zip": "01775"}, "boston-cambridge-quincy-01776": {"city": "Boston-Cambridge-Quincy", "rent": 3130, "zip": "01776"}, "boston-cambridge-quincy-01778": {"city": "Boston-Cambridge-Quincy", "rent": 2990, "zip": "01778"}, "boston-cambridge-quincy-01784": {"city": "Boston-Cambridge-Quincy", "rent": 2980, "zip": "01784"}, "boston-cambridge-quincy-01801": {"city": "Boston-Cambridge-Quincy", "rent": 3150, "zip": "01801"}, "boston-cambridge-quincy-01803": {"city": "Boston-Cambridge-Quincy", "rent": 3460, "zip": "01803"}, "boston-cambridge-quincy-01821": {"city": "Boston-Cambridge-Quincy", "rent": 2940, "zip": "01821"}, "boston-cambridge-quincy-01824": {"city": "Boston-Cambridge-Quincy", "rent": 2900, "zip": "01824"}, "boston-cambridge-quincy-01833": {"city": "Boston-Cambridge-Quincy", "rent": 3000, "zip": "01833"}, "boston-cambridge-quincy-01845": {"city": "Boston-Cambridge-Quincy", "rent": 2990, "zip": "01845"}, "boston-cambridge-quincy-01860": {"city": "Boston-Cambridge-Quincy", "rent": 2560, "zip": "01860"}, "boston-cambridge-quincy-01864": {"city": "Boston-Cambridge-Quincy", "rent": 3170, "zip": "01864"}, "boston-cambridge-quincy-01867": {"city": "Boston-Cambridge-Quincy", "rent": 2620, "zip": "01867"}, "boston-cambridge-quincy-01876": {"city": "Boston-Cambridge-Quincy", "rent": 3250, "zip": "01876"}, "boston-cambridge-quincy-01880": {"city": "Boston-Cambridge-Quincy", "rent": 2590, "zip": "01880"}, "boston-cambridge-quincy-01886": {"city": "Boston-Cambridge-Quincy", "rent": 3450, "zip": "01886"}, "boston-cambridge-quincy-01887": {"city": "Boston-Cambridge-Quincy", "rent": 3480, "zip": "01887"}, "boston-cambridge-quincy-01888": {"city": "Boston-Cambridge-Quincy", "rent": 2980, "zip": "01888"}, "boston-cambridge-quincy-01889": {"city": "Boston-Cambridge-Quincy", "rent": 2980, "zip": "01889"}, "boston-cambridge-quincy-01890": {"city": "Boston-Cambridge-Quincy", "rent": 3110, "zip": "01890"}, "boston-cambridge-quincy-01901": {"city": "Boston-Cambridge-Quincy", "rent": 2560, "zip": "01901"}, "boston-cambridge-quincy-01902": {"city": "Boston-Cambridge-Quincy", "rent": 2560, "zip": "01902"}, "boston-cambridge-quincy-01903": {"city": "Boston-Cambridge-Quincy", "rent": 2560, "zip": "01903"}, "boston-cambridge-quincy-01904": {"city": "Boston-Cambridge-Quincy", "rent": 2560, "zip": "01904"}, "boston-cambridge-quincy-01905": {"city": "Boston-Cambridge-Quincy", "rent": 2560, "zip": "01905"}, "boston-cambridge-quincy-01906": {"city": "Boston-Cambridge-Quincy", "rent": 2690, "zip": "01906"}, "boston-cambridge-quincy-01907": {"city": "Boston-Cambridge-Quincy", "rent": 3090, "zip": "01907"}, "boston-cambridge-quincy-01908": {"city": "Boston-Cambridge-Quincy", "rent": 2590, "zip": "01908"}, "boston-cambridge-quincy-01913": {"city": "Boston-Cambridge-Quincy", "rent": 2560, "zip": "01913"}, "boston-cambridge-quincy-01915": {"city": "Boston-Cambridge-Quincy", "rent": 2680, "zip": "01915"}, "boston-cambridge-quincy-01921": {"city": "Boston-Cambridge-Quincy", "rent": 2560, "zip": "01921"}, "boston-cambridge-quincy-01922": {"city": "Boston-Cambridge-Quincy", "rent": 2560, "zip": "01922"}, "boston-cambridge-quincy-01923": {"city": "Boston-Cambridge-Quincy", "rent": 2690, "zip": "01923"}, "boston-cambridge-quincy-01929": {"city": "Boston-Cambridge-Quincy", "rent": 2560, "zip": "01929"}, "boston-cambridge-quincy-01930": {"city": "Boston-Cambridge-Quincy", "rent": 2560, "zip": "01930"}, "boston-cambridge-quincy-01931": {"city": "Boston-Cambridge-Quincy", "rent": 2560, "zip": "01931"}, "boston-cambridge-quincy-01936": {"city": "Boston-Cambridge-Quincy", "rent": 2560, "zip": "01936"}, "boston-cambridge-quincy-01937": {"city": "Boston-Cambridge-Quincy", "rent": 2690, "zip": "01937"}, "boston-cambridge-quincy-01938": {"city": "Boston-Cambridge-Quincy", "rent": 2560, "zip": "01938"}, "boston-cambridge-quincy-01940": {"city": "Boston-Cambridge-Quincy", "rent": 3250, "zip": "01940"}, "boston-cambridge-quincy-01944": {"city": "Boston-Cambridge-Quincy", "rent": 2660, "zip": "01944"}, "boston-cambridge-quincy-01945": {"city": "Boston-Cambridge-Quincy", "rent": 2560, "zip": "01945"}, "boston-cambridge-quincy-01949": {"city": "Boston-Cambridge-Quincy", "rent": 2560, "zip": "01949"}, "boston-cambridge-quincy-01950": {"city": "Boston-Cambridge-Quincy", "rent": 2560, "zip": "01950"}, "boston-cambridge-quincy-01951": {"city": "Boston-Cambridge-Quincy", "rent": 2700, "zip": "01951"}, "boston-cambridge-quincy-01952": {"city": "Boston-Cambridge-Quincy", "rent": 2590, "zip": "01952"}, "boston-cambridge-quincy-01960": {"city": "Boston-Cambridge-Quincy", "rent": 2560, "zip": "01960"}, "boston-cambridge-quincy-01961": {"city": "Boston-Cambridge-Quincy", "rent": 2560, "zip": "01961"}, "boston-cambridge-quincy-01965": {"city": "Boston-Cambridge-Quincy", "rent": 2660, "zip": "01965"}, "boston-cambridge-quincy-01966": {"city": "Boston-Cambridge-Quincy", "rent": 2560, "zip": "01966"}, "boston-cambridge-quincy-01969": {"city": "Boston-Cambridge-Quincy", "rent": 2560, "zip": "01969"}, "boston-cambridge-quincy-01970": {"city": "Boston-Cambridge-Quincy", "rent": 2560, "zip": "01970"}, "boston-cambridge-quincy-01971": {"city": "Boston-Cambridge-Quincy", "rent": 2560, "zip": "01971"}, "boston-cambridge-quincy-01982": {"city": "Boston-Cambridge-Quincy", "rent": 2560, "zip": "01982"}, "boston-cambridge-quincy-01983": {"city": "Boston-Cambridge-Quincy", "rent": 2560, "zip": "01983"}, "boston-cambridge-quincy-01984": {"city": "Boston-Cambridge-Quincy", "rent": 2560, "zip": "01984"}, "boston-cambridge-quincy-02018": {"city": "Boston-Cambridge-Quincy", "rent": 2560, "zip": "02018"}, "boston-cambridge-quincy-02019": {"city": "Boston-Cambridge-Quincy", "rent": 2590, "zip": "02019"}, "boston-cambridge-quincy-02020": {"city": "Boston-Cambridge-Quincy", "rent": 2560, "zip": "02020"}, "boston-cambridge-quincy-02021": {"city": "Boston-Cambridge-Quincy", "rent": 3140, "zip": "02021"}, "boston-cambridge-quincy-02025": {"city": "Boston-Cambridge-Quincy", "rent": 3170, "zip": "02025"}, "boston-cambridge-quincy-02026": {"city": "Boston-Cambridge-Quincy", "rent": 2870, "zip": "02026"}, "boston-cambridge-quincy-02027": {"city": "Boston-Cambridge-Quincy", "rent": 2900, "zip": "02027"}, "boston-cambridge-quincy-02030": {"city": "Boston-Cambridge-Quincy", "rent": 3680, "zip": "02030"}, "boston-cambridge-quincy-02032": {"city": "Boston-Cambridge-Quincy", "rent": 2860, "zip": "02032"}, "boston-cambridge-quincy-02035": {"city": "Boston-Cambridge-Quincy", "rent": 2560, "zip": "02035"}, "boston-cambridge-quincy-02038": {"city": "Boston-Cambridge-Quincy", "rent": 2560, "zip": "02038"}, "boston-cambridge-quincy-02041": {"city": "Boston-Cambridge-Quincy", "rent": 2560, "zip": "02041"}, "boston-cambridge-quincy-02043": {"city": "Boston-Cambridge-Quincy", "rent": 2930, "zip": "02043"}, "boston-cambridge-quincy-02045": {"city": "Boston-Cambridge-Quincy", "rent": 2640, "zip": "02045"}, "boston-cambridge-quincy-02047": {"city": "Boston-Cambridge-Quincy", "rent": 2560, "zip": "02047"}, "boston-cambridge-quincy-02048": {"city": "Boston-Cambridge-Quincy", "rent": 2560, "zip": "02048"}, "boston-cambridge-quincy-02050": {"city": "Boston-Cambridge-Quincy", "rent": 2560, "zip": "02050"}, "boston-cambridge-quincy-02051": {"city": "Boston-Cambridge-Quincy", "rent": 2560, "zip": "02051"}, "boston-cambridge-quincy-02052": {"city": "Boston-Cambridge-Quincy", "rent": 2560, "zip": "02052"}, "boston-cambridge-quincy-02053": {"city": "Boston-Cambridge-Quincy", "rent": 2560, "zip": "02053"}, "boston-cambridge-quincy-02054": {"city": "Boston-Cambridge-Quincy", "rent": 2580, "zip": "02054"}, "boston-cambridge-quincy-02056": {"city": "Boston-Cambridge-Quincy", "rent": 2560, "zip": "02056"}, "boston-cambridge-quincy-02059": {"city": "Boston-Cambridge-Quincy", "rent": 2560, "zip": "02059"}, "boston-cambridge-quincy-02060": {"city": "Boston-Cambridge-Quincy", "rent": 2560, "zip": "02060"}, "boston-cambridge-quincy-02061": {"city": "Boston-Cambridge-Quincy", "rent": 2930, "zip": "02061"}, "boston-cambridge-quincy-02062": {"city": "Boston-Cambridge-Quincy", "rent": 2820, "zip": "02062"}, "boston-cambridge-quincy-02065": {"city": "Boston-Cambridge-Quincy", "rent": 2560, "zip": "02065"}, "boston-cambridge-quincy-02066": {"city": "Boston-Cambridge-Quincy", "rent": 2560, "zip": "02066"}, "boston-cambridge-quincy-02067": {"city": "Boston-Cambridge-Quincy", "rent": 3300, "zip": "02067"}, "boston-cambridge-quincy-02070": {"city": "Boston-Cambridge-Quincy", "rent": 2900, "zip": "02070"}, "boston-cambridge-quincy-02071": {"city": "Boston-Cambridge-Quincy", "rent": 2580, "zip": "02071"}, "boston-cambridge-quincy-02072": {"city": "Boston-Cambridge-Quincy", "rent": 2750, "zip": "02072"}, "boston-cambridge-quincy-02081": {"city": "Boston-Cambridge-Quincy", "rent": 2620, "zip": "02081"}, "boston-cambridge-quincy-02090": {"city": "Boston-Cambridge-Quincy", "rent": 3210, "zip": "02090"}, "boston-cambridge-quincy-02093": {"city": "Boston-Cambridge-Quincy", "rent": 2560, "zip": "02093"}, "boston-cambridge-quincy-02108": {"city": "Boston-Cambridge-Quincy", "rent": 3670, "zip": "02108"}, "boston-cambridge-quincy-02109": {"city": "Boston-Cambridge-Quincy", "rent": 4410, "zip": "02109"}, "boston-cambridge-quincy-02110": {"city": "Boston-Cambridge-Quincy", "rent": 4410, "zip": "02110"}, "boston-cambridge-quincy-02111": {"city": "Boston-Cambridge-Quincy", "rent": 3700, "zip": "02111"}, "boston-cambridge-quincy-02112": {"city": "Boston-Cambridge-Quincy", "rent": 3040, "zip": "02112"}, "boston-cambridge-quincy-02113": {"city": "Boston-Cambridge-Quincy", "rent": 3600, "zip": "02113"}, "boston-cambridge-quincy-02114": {"city": "Boston-Cambridge-Quincy", "rent": 4410, "zip": "02114"}, "boston-cambridge-quincy-02115": {"city": "Boston-Cambridge-Quincy", "rent": 3330, "zip": "02115"}, "boston-cambridge-quincy-02116": {"city": "Boston-Cambridge-Quincy", "rent": 4170, "zip": "02116"}, "boston-cambridge-quincy-02117": {"city": "Boston-Cambridge-Quincy", "rent": 3040, "zip": "02117"}, "boston-cambridge-quincy-02118": {"city": "Boston-Cambridge-Quincy", "rent": 2630, "zip": "02118"}, "boston-cambridge-quincy-02119": {"city": "Boston-Cambridge-Quincy", "rent": 2560, "zip": "02119"}, "boston-cambridge-quincy-02120": {"city": "Boston-Cambridge-Quincy", "rent": 2860, "zip": "02120"}, "boston-cambridge-quincy-02121": {"city": "Boston-Cambridge-Quincy", "rent": 2560, "zip": "02121"}, "boston-cambridge-quincy-02122": {"city": "Boston-Cambridge-Quincy", "rent": 2800, "zip": "02122"}, "boston-cambridge-quincy-02123": {"city": "Boston-Cambridge-Quincy", "rent": 3040, "zip": "02123"}, "boston-cambridge-quincy-02124": {"city": "Boston-Cambridge-Quincy", "rent": 2560, "zip": "02124"}, "boston-cambridge-quincy-02125": {"city": "Boston-Cambridge-Quincy", "rent": 2560, "zip": "02125"}, "boston-cambridge-quincy-02126": {"city": "Boston-Cambridge-Quincy", "rent": 2560, "zip": "02126"}, "boston-cambridge-quincy-02127": {"city": "Boston-Cambridge-Quincy", "rent": 3790, "zip": "02127"}, "boston-cambridge-quincy-02128": {"city": "Boston-Cambridge-Quincy", "rent": 2740, "zip": "02128"}, "boston-cambridge-quincy-02129": {"city": "Boston-Cambridge-Quincy", "rent": 4020, "zip": "02129"}, "boston-cambridge-quincy-02130": {"city": "Boston-Cambridge-Quincy", "rent": 3410, "zip": "02130"}, "boston-cambridge-quincy-02131": {"city": "Boston-Cambridge-Quincy", "rent": 2830, "zip": "02131"}, "boston-cambridge-quincy-02132": {"city": "Boston-Cambridge-Quincy", "rent": 2880, "zip": "02132"}, "boston-cambridge-quincy-02133": {"city": "Boston-Cambridge-Quincy", "rent": 3890, "zip": "02133"}, "boston-cambridge-quincy-02134": {"city": "Boston-Cambridge-Quincy", "rent": 3300, "zip": "02134"}, "boston-cambridge-quincy-02135": {"city": "Boston-Cambridge-Quincy", "rent": 3250, "zip": "02135"}, "boston-cambridge-quincy-02136": {"city": "Boston-Cambridge-Quincy", "rent": 2580, "zip": "02136"}, "boston-cambridge-quincy-02137": {"city": "Boston-Cambridge-Quincy", "rent": 3040, "zip": "02137"}, "boston-cambridge-quincy-02138": {"city": "Boston-Cambridge-Quincy", "rent": 4230, "zip": "02138"}, "boston-cambridge-quincy-02139": {"city": "Boston-Cambridge-Quincy", "rent": 4000, "zip": "02139"}, "boston-cambridge-quincy-02140": {"city": "Boston-Cambridge-Quincy", "rent": 3650, "zip": "02140"}, "boston-cambridge-quincy-02141": {"city": "Boston-Cambridge-Quincy", "rent": 3800, "zip": "02141"}, "boston-cambridge-quincy-02142": {"city": "Boston-Cambridge-Quincy", "rent": 4010, "zip": "02142"}, "boston-cambridge-quincy-02143": {"city": "Boston-Cambridge-Quincy", "rent": 3470, "zip": "02143"}, "boston-cambridge-quincy-02144": {"city": "Boston-Cambridge-Quincy", "rent": 3640, "zip": "02144"}, "boston-cambridge-quincy-02145": {"city": "Boston-Cambridge-Quincy", "rent": 3350, "zip": "02145"}, "boston-cambridge-quincy-02148": {"city": "Boston-Cambridge-Quincy", "rent": 3030, "zip": "02148"}, "boston-cambridge-quincy-02149": {"city": "Boston-Cambridge-Quincy", "rent": 2760, "zip": "02149"}, "boston-cambridge-quincy-02150": {"city": "Boston-Cambridge-Quincy", "rent": 2630, "zip": "02150"}, "boston-cambridge-quincy-02151": {"city": "Boston-Cambridge-Quincy", "rent": 2570, "zip": "02151"}, "boston-cambridge-quincy-02152": {"city": "Boston-Cambridge-Quincy", "rent": 2620, "zip": "02152"}, "boston-cambridge-quincy-02155": {"city": "Boston-Cambridge-Quincy", "rent": 3250, "zip": "02155"}, "boston-cambridge-quincy-02163": {"city": "Boston-Cambridge-Quincy", "rent": 4290, "zip": "02163"}, "boston-cambridge-quincy-02169": {"city": "Boston-Cambridge-Quincy", "rent": 2940, "zip": "02169"}, "boston-cambridge-quincy-02170": {"city": "Boston-Cambridge-Quincy", "rent": 2560, "zip": "02170"}, "boston-cambridge-quincy-02171": {"city": "Boston-Cambridge-Quincy", "rent": 3030, "zip": "02171"}, "boston-cambridge-quincy-02176": {"city": "Boston-Cambridge-Quincy", "rent": 2820, "zip": "02176"}, "boston-cambridge-quincy-02180": {"city": "Boston-Cambridge-Quincy", "rent": 2670, "zip": "02180"}, "boston-cambridge-quincy-02184": {"city": "Boston-Cambridge-Quincy", "rent": 2760, "zip": "02184"}, "boston-cambridge-quincy-02185": {"city": "Boston-Cambridge-Quincy", "rent": 2900, "zip": "02185"}, "boston-cambridge-quincy-02186": {"city": "Boston-Cambridge-Quincy", "rent": 2560, "zip": "02186"}, "boston-cambridge-quincy-02188": {"city": "Boston-Cambridge-Quincy", "rent": 2710, "zip": "02188"}, "boston-cambridge-quincy-02189": {"city": "Boston-Cambridge-Quincy", "rent": 2560, "zip": "02189"}, "boston-cambridge-quincy-02190": {"city": "Boston-Cambridge-Quincy", "rent": 2610, "zip": "02190"}, "boston-cambridge-quincy-02191": {"city": "Boston-Cambridge-Quincy", "rent": 2560, "zip": "02191"}, "boston-cambridge-quincy-02196": {"city": "Boston-Cambridge-Quincy", "rent": 3040, "zip": "02196"}, "boston-cambridge-quincy-02199": {"city": "Boston-Cambridge-Quincy", "rent": 4410, "zip": "02199"}, "boston-cambridge-quincy-02201": {"city": "Boston-Cambridge-Quincy", "rent": 3040, "zip": "02201"}, "boston-cambridge-quincy-02203": {"city": "Boston-Cambridge-Quincy", "rent": 3040, "zip": "02203"}, "boston-cambridge-quincy-02205": {"city": "Boston-Cambridge-Quincy", "rent": 3040, "zip": "02205"}, "boston-cambridge-quincy-02210": {"city": "Boston-Cambridge-Quincy", "rent": 3910, "zip": "02210"}, "boston-cambridge-quincy-02215": {"city": "Boston-Cambridge-Quincy", "rent": 3820, "zip": "02215"}, "boston-cambridge-quincy-02217": {"city": "Boston-Cambridge-Quincy", "rent": 3040, "zip": "02217"}, "boston-cambridge-quincy-02222": {"city": "Boston-Cambridge-Quincy", "rent": 3040, "zip": "02222"}, "boston-cambridge-quincy-02238": {"city": "Boston-Cambridge-Quincy", "rent": 2980, "zip": "02238"}, "boston-cambridge-quincy-02269": {"city": "Boston-Cambridge-Quincy", "rent": 2900, "zip": "02269"}, "boston-cambridge-quincy-02302": {"city": "Boston-Cambridge-Quincy", "rent": 2560, "zip": "02302"}, "boston-cambridge-quincy-02322": {"city": "Boston-Cambridge-Quincy", "rent": 2560, "zip": "02322"}, "boston-cambridge-quincy-02327": {"city": "Boston-Cambridge-Quincy", "rent": 2560, "zip": "02327"}, "boston-cambridge-quincy-02330": {"city": "Boston-Cambridge-Quincy", "rent": 2630, "zip": "02330"}, "boston-cambridge-quincy-02331": {"city": "Boston-Cambridge-Quincy", "rent": 2560, "zip": "02331"}, "boston-cambridge-quincy-02332": {"city": "Boston-Cambridge-Quincy", "rent": 2620, "zip": "02332"}, "boston-cambridge-quincy-02338": {"city": "Boston-Cambridge-Quincy", "rent": 2560, "zip": "02338"}, "boston-cambridge-quincy-02339": {"city": "Boston-Cambridge-Quincy", "rent": 2560, "zip": "02339"}, "boston-cambridge-quincy-02341": {"city": "Boston-Cambridge-Quincy", "rent": 3130, "zip": "02341"}, "boston-cambridge-quincy-02343": {"city": "Boston-Cambridge-Quincy", "rent": 2560, "zip": "02343"}, "boston-cambridge-quincy-02345": {"city": "Boston-Cambridge-Quincy", "rent": 2560, "zip": "02345"}, "boston-cambridge-quincy-02346": {"city": "Boston-Cambridge-Quincy", "rent": 2560, "zip": "02346"}, "boston-cambridge-quincy-02356": {"city": "Boston-Cambridge-Quincy", "rent": 2560, "zip": "02356"}, "boston-cambridge-quincy-02358": {"city": "Boston-Cambridge-Quincy", "rent": 2560, "zip": "02358"}, "boston-cambridge-quincy-02359": {"city": "Boston-Cambridge-Quincy", "rent": 2940, "zip": "02359"}, "boston-cambridge-quincy-02360": {"city": "Boston-Cambridge-Quincy", "rent": 2560, "zip": "02360"}, "boston-cambridge-quincy-02361": {"city": "Boston-Cambridge-Quincy", "rent": 2560, "zip": "02361"}, "boston-cambridge-quincy-02362": {"city": "Boston-Cambridge-Quincy", "rent": 2560, "zip": "02362"}, "boston-cambridge-quincy-02364": {"city": "Boston-Cambridge-Quincy", "rent": 2560, "zip": "02364"}, "boston-cambridge-quincy-02366": {"city": "Boston-Cambridge-Quincy", "rent": 2560, "zip": "02366"}, "boston-cambridge-quincy-02367": {"city": "Boston-Cambridge-Quincy", "rent": 2560, "zip": "02367"}, "boston-cambridge-quincy-02368": {"city": "Boston-Cambridge-Quincy", "rent": 2880, "zip": "02368"}, "boston-cambridge-quincy-02370": {"city": "Boston-Cambridge-Quincy", "rent": 2560, "zip": "02370"}, "boston-cambridge-quincy-02381": {"city": "Boston-Cambridge-Quincy", "rent": 2560, "zip": "02381"}, "boston-cambridge-quincy-02420": {"city": "Boston-Cambridge-Quincy", "rent": 3650, "zip": "02420"}, "boston-cambridge-quincy-02421": {"city": "Boston-Cambridge-Quincy", "rent": 4200, "zip": "02421"}, "boston-cambridge-quincy-02445": {"city": "Boston-Cambridge-Quincy", "rent": 3960, "zip": "02445"}, "boston-cambridge-quincy-02446": {"city": "Boston-Cambridge-Quincy", "rent": 4250, "zip": "02446"}, "boston-cambridge-quincy-02447": {"city": "Boston-Cambridge-Quincy", "rent": 2900, "zip": "02447"}, "boston-cambridge-quincy-02451": {"city": "Boston-Cambridge-Quincy", "rent": 3520, "zip": "02451"}, "boston-cambridge-quincy-02452": {"city": "Boston-Cambridge-Quincy", "rent": 3200, "zip": "02452"}, "boston-cambridge-quincy-02453": {"city": "Boston-Cambridge-Quincy", "rent": 3060, "zip": "02453"}, "boston-cambridge-quincy-02454": {"city": "Boston-Cambridge-Quincy", "rent": 2980, "zip": "02454"}, "boston-cambridge-quincy-02455": {"city": "Boston-Cambridge-Quincy", "rent": 2980, "zip": "02455"}, "boston-cambridge-quincy-02457": {"city": "Boston-Cambridge-Quincy", "rent": 3960, "zip": "02457"}, "boston-cambridge-quincy-02458": {"city": "Boston-Cambridge-Quincy", "rent": 3130, "zip": "02458"}, "boston-cambridge-quincy-02459": {"city": "Boston-Cambridge-Quincy", "rent": 3430, "zip": "02459"}, "boston-cambridge-quincy-02460": {"city": "Boston-Cambridge-Quincy", "rent": 3390, "zip": "02460"}, "boston-cambridge-quincy-02461": {"city": "Boston-Cambridge-Quincy", "rent": 4350, "zip": "02461"}, "boston-cambridge-quincy-02462": {"city": "Boston-Cambridge-Quincy", "rent": 3270, "zip": "02462"}, "boston-cambridge-quincy-02464": {"city": "Boston-Cambridge-Quincy", "rent": 3570, "zip": "02464"}, "boston-cambridge-quincy-02465": {"city": "Boston-Cambridge-Quincy", "rent": 3170, "zip": "02465"}, "boston-cambridge-quincy-02466": {"city": "Boston-Cambridge-Quincy", "rent": 3240, "zip": "02466"}, "boston-cambridge-quincy-02467": {"city": "Boston-Cambridge-Quincy", "rent": 4060, "zip": "02467"}, "boston-cambridge-quincy-02468": {"city": "Boston-Cambridge-Quincy", "rent": 3670, "zip": "02468"}, "boston-cambridge-quincy-02471": {"city": "Boston-Cambridge-Quincy", "rent": 2980, "zip": "02471"}, "boston-cambridge-quincy-02472": {"city": "Boston-Cambridge-Quincy", "rent": 3210, "zip": "02472"}, "boston-cambridge-quincy-02474": {"city": "Boston-Cambridge-Quincy", "rent": 3100, "zip": "02474"}, "boston-cambridge-quincy-02476": {"city": "Boston-Cambridge-Quincy", "rent": 2580, "zip": "02476"}, "boston-cambridge-quincy-02478": {"city": "Boston-Cambridge-Quincy", "rent": 3340, "zip": "02478"}, "boston-cambridge-quincy-02481": {"city": "Boston-Cambridge-Quincy", "rent": 4030, "zip": "02481"}, "boston-cambridge-quincy-02482": {"city": "Boston-Cambridge-Quincy", "rent": 3980, "zip": "02482"}, "boston-cambridge-quincy-02492": {"city": "Boston-Cambridge-Quincy", "rent": 3600, "zip": "02492"}, "boston-cambridge-quincy-02493": {"city": "Boston-Cambridge-Quincy", "rent": 3030, "zip": "02493"}, "boston-cambridge-quincy-02494": {"city": "Boston-Cambridge-Quincy", "rent": 3040, "zip": "02494"}, "boston-cambridge-quincy-02532": {"city": "Boston-Cambridge-Quincy", "rent": 2560, "zip": "02532"}, "boston-cambridge-quincy-02538": {"city": "Boston-Cambridge-Quincy", "rent": 2560, "zip": "02538"}, "boston-cambridge-quincy-02558": {"city": "Boston-Cambridge-Quincy", "rent": 2560, "zip": "02558"}, "boston-cambridge-quincy-02571": {"city": "Boston-Cambridge-Quincy", "rent": 2560, "zip": "02571"}, "boston-cambridge-quincy-02576": {"city": "Boston-Cambridge-Quincy", "rent": 2560, "zip": "02576"}, "boston-cambridge-quincy-02738": {"city": "Boston-Cambridge-Quincy", "rent": 2560, "zip": "02738"}, "boston-cambridge-quincy-02760": {"city": "Boston-Cambridge-Quincy", "rent": 2560, "zip": "02760"}, "boston-cambridge-quincy-02762": {"city": "Boston-Cambridge-Quincy", "rent": 2580, "zip": "02762"}, "boston-cambridge-quincy-03827": {"city": "Boston-Cambridge-Quincy", "rent": 2560, "zip": "03827"}, "boston-cambridge-quincy-03833": {"city": "Boston-Cambridge-Quincy", "rent": 2560, "zip": "03833"}, "boston-cambridge-quincy-03844": {"city": "Boston-Cambridge-Quincy", "rent": 2560, "zip": "03844"}, "boston-cambridge-quincy-03858": {"city": "Boston-Cambridge-Quincy", "rent": 2560, "zip": "03858"}, "boston-cambridge-quincy-03874": {"city": "Boston-Cambridge-Quincy", "rent": 2560, "zip": "03874"}, "brockton-02301": {"city": "Brockton", "rent": 2240, "zip": "02301"}, "brockton-02302": {"city": "Brockton", "rent": 2560, "zip": "02302"}, "brockton-02303": {"city": "Brockton", "rent": 2330, "zip": "02303"}, "brockton-02304": {"city": "Brockton", "rent": 2330, "zip": "02304"}, "brockton-02305": {"city": "Brockton", "rent": 2330, "zip": "02305"}, "brockton-02322": {"city": "Brockton", "rent": 2560, "zip": "02322"}, "brockton-02324": {"city": "Brockton", "rent": 2660, "zip": "02324"}, "brockton-02325": {"city": "Brockton", "rent": 2660, "zip": "02325"}, "brockton-02330": {"city": "Brockton", "rent": 2630, "zip": "02330"}, "brockton-02333": {"city": "Brockton", "rent": 2140, "zip": "02333"}, "brockton-02337": {"city": "Brockton", "rent": 2330, "zip": "02337"}, "brockton-02338": {"city": "Brockton", "rent": 2560, "zip": "02338"}, "brockton-02341": {"city": "Brockton", "rent": 3130, "zip": "02341"}, "brockton-02346": {"city": "Brockton", "rent": 2560, "zip": "02346"}, "brockton-02347": {"city": "Brockton", "rent": 2550, "zip": "02347"}, "brockton-02350": {"city": "Brockton", "rent": 3130, "zip": "02350"}, "brockton-02351": {"city": "Brockton", "rent": 2370, "zip": "02351"}, "brockton-02359": {"city": "Brockton", "rent": 2940, "zip": "02359"}, "brockton-02367": {"city": "Brockton", "rent": 2560, "zip": "02367"}, "brockton-02370": {"city": "Brockton", "rent": 2560, "zip": "02370"}, "brockton-02375": {"city": "Brockton", "rent": 2880, "zip": "02375"}, "brockton-02379": {"city": "Brockton", "rent": 2770, "zip": "02379"}, "brockton-02382": {"city": "Brockton", "rent": 2360, "zip": "02382"}, "brockton-02576": {"city": "Brockton", "rent": 2560, "zip": "02576"}, "brockton-02702": {"city": "Brockton", "rent": 2120, "zip": "02702"}, "brockton-02738": {"city": "Brockton", "rent": 2560, "zip": "02738"}, "brockton-02739": {"city": "Brockton", "rent": 2300, "zip": "02739"}, "brockton-02767": {"city": "Brockton", "rent": 2410, "zip": "02767"}, "brockton-02770": {"city": "Brockton", "rent": 1980, "zip": "02770"}, "brockton-02779": {"city": "Brockton", "rent": 2110, "zip": "02779"}, "lawrence-01810": {"city": "Lawrence", "rent": 2940, "zip": "01810"}, "lawrence-01826": {"city": "Lawrence", "rent": 2330, "zip": "01826"}, "lawrence-01830": {"city": "Lawrence", "rent": 2210, "zip": "01830"}, "lawrence-01831": {"city": "Lawrence", "rent": 2370, "zip": "01831"}, "lawrence-01832": {"city": "Lawrence", "rent": 2240, "zip": "01832"}, "lawrence-01833": {"city": "Lawrence", "rent": 3000, "zip": "01833"}, "lawrence-01834": {"city": "Lawrence", "rent": 2090, "zip": "01834"}, "lawrence-01835": {"city": "Lawrence", "rent": 2240, "zip": "01835"}, "lawrence-01840": {"city": "Lawrence", "rent": 2010, "zip": "01840"}, "lawrence-01841": {"city": "Lawrence", "rent": 2010, "zip": "01841"}, "lawrence-01842": {"city": "Lawrence", "rent": 2370, "zip": "01842"}, "lawrence-01843": {"city": "Lawrence", "rent": 2390, "zip": "01843"}, "lawrence-01844": {"city": "Lawrence", "rent": 2310, "zip": "01844"}, "lawrence-01845": {"city": "Lawrence", "rent": 2990, "zip": "01845"}, "lawrence-01860": {"city": "Lawrence", "rent": 2560, "zip": "01860"}, "lawrence-01876": {"city": "Lawrence", "rent": 3250, "zip": "01876"}, "lawrence-01885": {"city": "Lawrence", "rent": 2370, "zip": "01885"}, "lawrence-01913": {"city": "Lawrence", "rent": 2560, "zip": "01913"}, "lawrence-01921": {"city": "Lawrence", "rent": 2560, "zip": "01921"}, "lawrence-01922": {"city": "Lawrence", "rent": 2560, "zip": "01922"}, "lawrence-01985": {"city": "Lawrence", "rent": 3070, "zip": "01985"}, "lawrence-03036": {"city": "Lawrence", "rent": 2440, "zip": "03036"}, "lawrence-03038": {"city": "Lawrence", "rent": 2030, "zip": "03038"}, "lawrence-03041": {"city": "Lawrence", "rent": 2220, "zip": "03041"}, "lawrence-03042": {"city": "Lawrence", "rent": 2500, "zip": "03042"}, "lawrence-03044": {"city": "Lawrence", "rent": 3020, "zip": "03044"}, "lawrence-03053": {"city": "Lawrence", "rent": 2360, "zip": "03053"}, "lawrence-03073": {"city": "Lawrence", "rent": 2220, "zip": "03073"}, "lawrence-03076": {"city": "Lawrence", "rent": 1920, "zip": "03076"}, "lawrence-03077": {"city": "Lawrence", "rent": 2160, "zip": "03077"}, "lawrence-03079": {"city": "Lawrence", "rent": 2150, "zip": "03079"}, "lawrence-03087": {"city": "Lawrence", "rent": 3410, "zip": "03087"}, "lawrence-03290": {"city": "Lawrence", "rent": 2170, "zip": "03290"}, "lawrence-03811": {"city": "Lawrence", "rent": 1910, "zip": "03811"}, "lawrence-03819": {"city": "Lawrence", "rent": 2560, "zip": "03819"}, "lawrence-03826": {"city": "Lawrence", "rent": 1770, "zip": "03826"}, "lawrence-03827": {"city": "Lawrence", "rent": 2560, "zip": "03827"}, "lawrence-03833": {"city": "Lawrence", "rent": 2560, "zip": "03833"}, "lawrence-03841": {"city": "Lawrence", "rent": 1830, "zip": "03841"}, "lawrence-03848": {"city": "Lawrence", "rent": 1810, "zip": "03848"}, "lawrence-03858": {"city": "Lawrence", "rent": 2560, "zip": "03858"}, "lawrence-03859": {"city": "Lawrence", "rent": 2220, "zip": "03859"}, "lawrence-03865": {"city": "Lawrence", "rent": 2160, "zip": "03865"}, "lawrence-03873": {"city": "Lawrence", "rent": 2670, "zip": "03873"}, "lowell-01432": {"city": "Lowell", "rent": 2560, "zip": "01432"}, "lowell-01450": {"city": "Lowell", "rent": 2560, "zip": "01450"}, "lowell-01460": {"city": "Lowell", "rent": 2560, "zip": "01460"}, "lowell-01463": {"city": "Lowell", "rent": 2560, "zip": "01463"}, "lowell-01472": {"city": "Lowell", "rent": 2960, "zip": "01472"}, "lowell-01730": {"city": "Lowell", "rent": 3330, "zip": "01730"}, "lowell-01741": {"city": "Lowell", "rent": 2560, "zip": "01741"}, "lowell-01810": {"city": "Lowell", "rent": 2940, "zip": "01810"}, "lowell-01821": {"city": "Lowell", "rent": 2940, "zip": "01821"}, "lowell-01822": {"city": "Lowell", "rent": 2960, "zip": "01822"}, "lowell-01824": {"city": "Lowell", "rent": 2900, "zip": "01824"}, "lowell-01826": {"city": "Lowell", "rent": 2330, "zip": "01826"}, "lowell-01827": {"city": "Lowell", "rent": 2380, "zip": "01827"}, "lowell-01850": {"city": "Lowell", "rent": 2170, "zip": "01850"}, "lowell-01851": {"city": "Lowell", "rent": 2270, "zip": "01851"}, "lowell-01852": {"city": "Lowell", "rent": 2160, "zip": "01852"}, "lowell-01853": {"city": "Lowell", "rent": 2960, "zip": "01853"}, "lowell-01854": {"city": "Lowell", "rent": 2250, "zip": "01854"}, "lowell-01862": {"city": "Lowell", "rent": 2470, "zip": "01862"}, "lowell-01863": {"city": "Lowell", "rent": 2230, "zip": "01863"}, "lowell-01865": {"city": "Lowell", "rent": 2960, "zip": "01865"}, "lowell-01866": {"city": "Lowell", "rent": 2960, "zip": "01866"}, "lowell-01876": {"city": "Lowell", "rent": 3250, "zip": "01876"}, "lowell-01879": {"city": "Lowell", "rent": 2550, "zip": "01879"}, "lowell-01886": {"city": "Lowell", "rent": 3450, "zip": "01886"}, "lowell-01887": {"city": "Lowell", "rent": 3480, "zip": "01887"}, "pittsfield-01201": {"city": "Pittsfield", "rent": 1680, "zip": "01201"}, "pittsfield-01202": {"city": "Pittsfield", "rent": 1650, "zip": "01202"}, "pittsfield-01220": {"city": "Pittsfield", "rent": 1420, "zip": "01220"}, "pittsfield-01223": {"city": "Pittsfield", "rent": 2240, "zip": "01223"}, "pittsfield-01224": {"city": "Pittsfield", "rent": 1800, "zip": "01224"}, "pittsfield-01225": {"city": "Pittsfield", "rent": 1590, "zip": "01225"}, "pittsfield-01226": {"city": "Pittsfield", "rent": 1420, "zip": "01226"}, "pittsfield-01227": {"city": "Pittsfield", "rent": 1650, "zip": "01227"}, "pittsfield-01229": {"city": "Pittsfield", "rent": 1650, "zip": "01229"}, "pittsfield-01235": {"city": "Pittsfield", "rent": 1510, "zip": "01235"}, "pittsfield-01236": {"city": "Pittsfield", "rent": 2090, "zip": "01236"}, "pittsfield-01237": {"city": "Pittsfield", "rent": 1800, "zip": "01237"}, "pittsfield-01238": {"city": "Pittsfield", "rent": 1970, "zip": "01238"}, "pittsfield-01240": {"city": "Pittsfield", "rent": 1630, "zip": "01240"}, "pittsfield-01242": {"city": "Pittsfield", "rent": 1820, "zip": "01242"}, "pittsfield-01254": {"city": "Pittsfield", "rent": 1870, "zip": "01254"}, "pittsfield-01260": {"city": "Pittsfield", "rent": 1910, "zip": "01260"}, "pittsfield-01262": {"city": "Pittsfield", "rent": 1910, "zip": "01262"}, "pittsfield-01266": {"city": "Pittsfield", "rent": 2490, "zip": "01266"}, "pittsfield-01270": {"city": "Pittsfield", "rent": 1510, "zip": "01270"}, "berkshire-county-01008": {"city": "Berkshire County", "rent": 1510, "zip": "01008"}, "berkshire-county-01026": {"city": "Berkshire County", "rent": 1650, "zip": "01026"}, "berkshire-county-01029": {"city": "Berkshire County", "rent": 1660, "zip": "01029"}, "berkshire-county-01070": {"city": "Berkshire County", "rent": 1590, "zip": "01070"}, "berkshire-county-01201": {"city": "Berkshire County", "rent": 1680, "zip": "01201"}, "berkshire-county-01222": {"city": "Berkshire County", "rent": 1640, "zip": "01222"}, "berkshire-county-01223": {"city": "Berkshire County", "rent": 2240, "zip": "01223"}, "berkshire-county-01230": {"city": "Berkshire County", "rent": 1830, "zip": "01230"}, "berkshire-county-01235": {"city": "Berkshire County", "rent": 1510, "zip": "01235"}, "berkshire-county-01236": {"city": "Berkshire County", "rent": 2090, "zip": "01236"}, "berkshire-county-01237": {"city": "Berkshire County", "rent": 1800, "zip": "01237"}, "berkshire-county-01238": {"city": "Berkshire County", "rent": 1970, "zip": "01238"}, "berkshire-county-01240": {"city": "Berkshire County", "rent": 1630, "zip": "01240"}, "berkshire-county-01244": {"city": "Berkshire County", "rent": 1810, "zip": "01244"}, "berkshire-county-01245": {"city": "Berkshire County", "rent": 1640, "zip": "01245"}, "berkshire-county-01247": {"city": "Berkshire County", "rent": 1590, "zip": "01247"}, "berkshire-county-01252": {"city": "Berkshire County", "rent": 1640, "zip": "01252"}, "berkshire-county-01253": {"city": "Berkshire County", "rent": 1640, "zip": "01253"}, "berkshire-county-01254": {"city": "Berkshire County", "rent": 1870, "zip": "01254"}, "berkshire-county-01255": {"city": "Berkshire County", "rent": 2100, "zip": "01255"}, "berkshire-county-01256": {"city": "Berkshire County", "rent": 1560, "zip": "01256"}, "berkshire-county-01257": {"city": "Berkshire County", "rent": 1630, "zip": "01257"}, "berkshire-county-01258": {"city": "Berkshire County", "rent": 1630, "zip": "01258"}, "berkshire-county-01259": {"city": "Berkshire County", "rent": 1710, "zip": "01259"}, "berkshire-county-01264": {"city": "Berkshire County", "rent": 1970, "zip": "01264"}, "berkshire-county-01266": {"city": "Berkshire County", "rent": 2490, "zip": "01266"}, "berkshire-county-01267": {"city": "Berkshire County", "rent": 2070, "zip": "01267"}, "berkshire-county-01270": {"city": "Berkshire County", "rent": 1510, "zip": "01270"}, "berkshire-county-01343": {"city": "Berkshire County", "rent": 1510, "zip": "01343"}, "berkshire-county-01367": {"city": "Berkshire County", "rent": 1510, "zip": "01367"}, "taunton-mansfield-norton-02048": {"city": "Taunton-Mansfield-Norton", "rent": 2560, "zip": "02048"}, "taunton-mansfield-norton-02347": {"city": "Taunton-Mansfield-Norton", "rent": 2550, "zip": "02347"}, "taunton-mansfield-norton-02375": {"city": "Taunton-Mansfield-Norton", "rent": 2880, "zip": "02375"}, "taunton-mansfield-norton-02568": {"city": "Taunton-Mansfield-Norton", "rent": 2000, "zip": "02568"}, "taunton-mansfield-norton-02702": {"city": "Taunton-Mansfield-Norton", "rent": 2120, "zip": "02702"}, "taunton-mansfield-norton-02712": {"city": "Taunton-Mansfield-Norton", "rent": 1750, "zip": "02712"}, "taunton-mansfield-norton-02715": {"city": "Taunton-Mansfield-Norton", "rent": 1870, "zip": "02715"}, "taunton-mansfield-norton-02718": {"city": "Taunton-Mansfield-Norton", "rent": 2440, "zip": "02718"}, "taunton-mansfield-norton-02764": {"city": "Taunton-Mansfield-Norton", "rent": 2380, "zip": "02764"}, "taunton-mansfield-norton-02766": {"city": "Taunton-Mansfield-Norton", "rent": 2840, "zip": "02766"}, "taunton-mansfield-norton-02767": {"city": "Taunton-Mansfield-Norton", "rent": 2410, "zip": "02767"}, "taunton-mansfield-norton-02777": {"city": "Taunton-Mansfield-Norton", "rent": 1870, "zip": "02777"}, "taunton-mansfield-norton-02779": {"city": "Taunton-Mansfield-Norton", "rent": 2110, "zip": "02779"}, "taunton-mansfield-norton-02780": {"city": "Taunton-Mansfield-Norton", "rent": 2170, "zip": "02780"}, "easton-raynham-02334": {"city": "Easton-Raynham", "rent": 2170, "zip": "02334"}, "easton-raynham-02356": {"city": "Easton-Raynham", "rent": 2560, "zip": "02356"}, "easton-raynham-02357": {"city": "Easton-Raynham", "rent": 2520, "zip": "02357"}, "easton-raynham-02375": {"city": "Easton-Raynham", "rent": 2880, "zip": "02375"}, "easton-raynham-02718": {"city": "Easton-Raynham", "rent": 2440, "zip": "02718"}, "easton-raynham-02767": {"city": "Easton-Raynham", "rent": 2410, "zip": "02767"}, "easton-raynham-02768": {"city": "Easton-Raynham", "rent": 2170, "zip": "02768"}, "easton-raynham-02780": {"city": "Easton-Raynham", "rent": 2170, "zip": "02780"}, "new-bedford-02347": {"city": "New Bedford", "rent": 2550, "zip": "02347"}, "new-bedford-02702": {"city": "New Bedford", "rent": 2120, "zip": "02702"}, "new-bedford-02717": {"city": "New Bedford", "rent": 2350, "zip": "02717"}, "new-bedford-02719": {"city": "New Bedford", "rent": 1470, "zip": "02719"}, "new-bedford-02740": {"city": "New Bedford", "rent": 1470, "zip": "02740"}, "new-bedford-02741": {"city": "New Bedford", "rent": 1640, "zip": "02741"}, "new-bedford-02742": {"city": "New Bedford", "rent": 1640, "zip": "02742"}, "new-bedford-02743": {"city": "New Bedford", "rent": 1520, "zip": "02743"}, "new-bedford-02744": {"city": "New Bedford", "rent": 1490, "zip": "02744"}, "new-bedford-02745": {"city": "New Bedford", "rent": 1490, "zip": "02745"}, "new-bedford-02746": {"city": "New Bedford", "rent": 1490, "zip": "02746"}, "new-bedford-02747": {"city": "New Bedford", "rent": 2090, "zip": "02747"}, "new-bedford-02748": {"city": "New Bedford", "rent": 1890, "zip": "02748"}, "new-bedford-02770": {"city": "New Bedford", "rent": 1980, "zip": "02770"}, "new-bedford-02790": {"city": "New Bedford", "rent": 1750, "zip": "02790"}, "springfield-01001": {"city": "Springfield", "rent": 1910, "zip": "01001"}, "springfield-01008": {"city": "Springfield", "rent": 1510, "zip": "01008"}, "springfield-01009": {"city": "Springfield", "rent": 1830, "zip": "01009"}, "springfield-01010": {"city": "Springfield", "rent": 1350, "zip": "01010"}, "springfield-01011": {"city": "Springfield", "rent": 1510, "zip": "01011"}, "springfield-01013": {"city": "Springfield", "rent": 1600, "zip": "01013"}, "springfield-01014": {"city": "Springfield", "rent": 1710, "zip": "01014"}, "springfield-01020": {"city": "Springfield", "rent": 1730, "zip": "01020"}, "springfield-01021": {"city": "Springfield", "rent": 1710, "zip": "01021"}, "springfield-01022": {"city": "Springfield", "rent": 2460, "zip": "01022"}, "springfield-01028": {"city": "Springfield", "rent": 1800, "zip": "01028"}, "springfield-01030": {"city": "Springfield", "rent": 1740, "zip": "01030"}, "springfield-01033": {"city": "Springfield", "rent": 2040, "zip": "01033"}, "springfield-01034": {"city": "Springfield", "rent": 2600, "zip": "01034"}, "springfield-01036": {"city": "Springfield", "rent": 1680, "zip": "01036"}, "springfield-01040": {"city": "Springfield", "rent": 1720, "zip": "01040"}, "springfield-01041": {"city": "Springfield", "rent": 1710, "zip": "01041"}, "springfield-01050": {"city": "Springfield", "rent": 1930, "zip": "01050"}, "springfield-01056": {"city": "Springfield", "rent": 1740, "zip": "01056"}, "springfield-01057": {"city": "Springfield", "rent": 1440, "zip": "01057"}, "springfield-01069": {"city": "Springfield", "rent": 1510, "zip": "01069"}, "springfield-01071": {"city": "Springfield", "rent": 1400, "zip": "01071"}, "springfield-01073": {"city": "Springfield", "rent": 1810, "zip": "01073"}, "springfield-01077": {"city": "Springfield", "rent": 1810, "zip": "01077"}, "springfield-01079": {"city": "Springfield", "rent": 1510, "zip": "01079"}, "springfield-01080": {"city": "Springfield", "rent": 1710, "zip": "01080"}, "springfield-01081": {"city": "Springfield", "rent": 1960, "zip": "01081"}, "springfield-01082": {"city": "Springfield", "rent": 1690, "zip": "01082"}, "springfield-01085": {"city": "Springfield", "rent": 1640, "zip": "01085"}, "springfield-01086": {"city": "Springfield", "rent": 1710, "zip": "01086"}, "springfield-01089": {"city": "Springfield", "rent": 1560, "zip": "01089"}, "springfield-01090": {"city": "Springfield", "rent": 1710, "zip": "01090"}, "springfield-01095": {"city": "Springfield", "rent": 1730, "zip": "01095"}, "springfield-01097": {"city": "Springfield", "rent": 1500, "zip": "01097"}, "springfield-01101": {"city": "Springfield", "rent": 1710, "zip": "01101"}, "springfield-01103": {"city": "Springfield", "rent": 2050, "zip": "01103"}, "springfield-01104": {"city": "Springfield", "rent": 1820, "zip": "01104"}, "springfield-01105": {"city": "Springfield", "rent": 1550, "zip": "01105"}, "springfield-01106": {"city": "Springfield", "rent": 2600, "zip": "01106"}, "springfield-01107": {"city": "Springfield", "rent": 1790, "zip": "01107"}, "springfield-01108": {"city": "Springfield", "rent": 1750, "zip": "01108"}, "springfield-01109": {"city": "Springfield", "rent": 1780, "zip": "01109"}, "springfield-01111": {"city": "Springfield", "rent": 1710, "zip": "01111"}, "springfield-01115": {"city": "Springfield", "rent": 1710, "zip": "01115"}, "springfield-01116": {"city": "Springfield", "rent": 1710, "zip": "01116"}, "springfield-01118": {"city": "Springfield", "rent": 1940, "zip": "01118"}, "springfield-01119": {"city": "Springfield", "rent": 1860, "zip": "01119"}, "springfield-01128": {"city": "Springfield", "rent": 1890, "zip": "01128"}, "springfield-01129": {"city": "Springfield", "rent": 1910, "zip": "01129"}, "springfield-01138": {"city": "Springfield", "rent": 1710, "zip": "01138"}, "springfield-01139": {"city": "Springfield", "rent": 1710, "zip": "01139"}, "springfield-01144": {"city": "Springfield", "rent": 1710, "zip": "01144"}, "springfield-01151": {"city": "Springfield", "rent": 1870, "zip": "01151"}, "springfield-01152": {"city": "Springfield", "rent": 1710, "zip": "01152"}, "springfield-01223": {"city": "Springfield", "rent": 2240, "zip": "01223"}, "springfield-01521": {"city": "Springfield", "rent": 1780, "zip": "01521"}, "worcester-01005": {"city": "Worcester", "rent": 1740, "zip": "01005"}, "worcester-01068": {"city": "Worcester", "rent": 1930, "zip": "01068"}, "worcester-01074": {"city": "Worcester", "rent": 1670, "zip": "01074"}, "worcester-01082": {"city": "Worcester", "rent": 1690, "zip": "01082"}, "worcester-01452": {"city": "Worcester", "rent": 1670, "zip": "01452"}, "worcester-01453": {"city": "Worcester", "rent": 1850, "zip": "01453"}, "worcester-01501": {"city": "Worcester", "rent": 1800, "zip": "01501"}, "worcester-01503": {"city": "Worcester", "rent": 2560, "zip": "01503"}, "worcester-01505": {"city": "Worcester", "rent": 2520, "zip": "01505"}, "worcester-01506": {"city": "Worcester", "rent": 1670, "zip": "01506"}, "worcester-01507": {"city": "Worcester", "rent": 1810, "zip": "01507"}, "worcester-01508": {"city": "Worcester", "rent": 1990, "zip": "01508"}, "worcester-01509": {"city": "Worcester", "rent": 1990, "zip": "01509"}, "worcester-01510": {"city": "Worcester", "rent": 1990, "zip": "01510"}, "worcester-01515": {"city": "Worcester", "rent": 1670, "zip": "01515"}, "worcester-01516": {"city": "Worcester", "rent": 2150, "zip": "01516"}, "worcester-01518": {"city": "Worcester", "rent": 1980, "zip": "01518"}, "worcester-01519": {"city": "Worcester", "rent": 2970, "zip": "01519"}, "worcester-01520": {"city": "Worcester", "rent": 2450, "zip": "01520"}, "worcester-01522": {"city": "Worcester", "rent": 2070, "zip": "01522"}, "worcester-01523": {"city": "Worcester", "rent": 2730, "zip": "01523"}, "worcester-01524": {"city": "Worcester", "rent": 1670, "zip": "01524"}, "worcester-01525": {"city": "Worcester", "rent": 1990, "zip": "01525"}, "worcester-01526": {"city": "Worcester", "rent": 1990, "zip": "01526"}, "worcester-01527": {"city": "Worcester", "rent": 2080, "zip": "01527"}, "worcester-01531": {"city": "Worcester", "rent": 1670, "zip": "01531"}, "worcester-01532": {"city": "Worcester", "rent": 3080, "zip": "01532"}, "worcester-01534": {"city": "Worcester", "rent": 1850, "zip": "01534"}, "worcester-01535": {"city": "Worcester", "rent": 1670, "zip": "01535"}, "worcester-01536": {"city": "Worcester", "rent": 2060, "zip": "01536"}, "worcester-01537": {"city": "Worcester", "rent": 1750, "zip": "01537"}, "worcester-01538": {"city": "Worcester", "rent": 1990, "zip": "01538"}, "worcester-01540": {"city": "Worcester", "rent": 1680, "zip": "01540"}, "worcester-01541": {"city": "Worcester", "rent": 1920, "zip": "01541"}, "worcester-01542": {"city": "Worcester", "rent": 2170, "zip": "01542"}, "worcester-01543": {"city": "Worcester", "rent": 1670, "zip": "01543"}, "worcester-01545": {"city": "Worcester", "rent": 2800, "zip": "01545"}, "worcester-01546": {"city": "Worcester", "rent": 1990, "zip": "01546"}, "worcester-01550": {"city": "Worcester", "rent": 1730, "zip": "01550"}, "worcester-01560": {"city": "Worcester", "rent": 1870, "zip": "01560"}, "worcester-01562": {"city": "Worcester", "rent": 1670, "zip": "01562"}, "worcester-01564": {"city": "Worcester", "rent": 2090, "zip": "01564"}, "worcester-01566": {"city": "Worcester", "rent": 2300, "zip": "01566"}, "worcester-01568": {"city": "Worcester", "rent": 2090, "zip": "01568"}, "worcester-01569": {"city": "Worcester", "rent": 2170, "zip": "01569"}, "worcester-01570": {"city": "Worcester", "rent": 1670, "zip": "01570"}, "worcester-01571": {"city": "Worcester", "rent": 1700, "zip": "01571"}, "worcester-01581": {"city": "Worcester", "rent": 2880, "zip": "01581"}, "worcester-01583": {"city": "Worcester", "rent": 1920, "zip": "01583"}, "worcester-01585": {"city": "Worcester", "rent": 1670, "zip": "01585"}, "worcester-01586": {"city": "Worcester", "rent": 1990, "zip": "01586"}, "worcester-01588": {"city": "Worcester", "rent": 1750, "zip": "01588"}, "worcester-01590": {"city": "Worcester", "rent": 2070, "zip": "01590"}, "worcester-01602": {"city": "Worcester", "rent": 2240, "zip": "01602"}, "worcester-01603": {"city": "Worcester", "rent": 1950, "zip": "01603"}, "worcester-01604": {"city": "Worcester", "rent": 2250, "zip": "01604"}, "worcester-01605": {"city": "Worcester", "rent": 2130, "zip": "01605"}, "worcester-01606": {"city": "Worcester", "rent": 2220, "zip": "01606"}, "worcester-01607": {"city": "Worcester", "rent": 2050, "zip": "01607"}, "worcester-01608": {"city": "Worcester", "rent": 2180, "zip": "01608"}, "worcester-01609": {"city": "Worcester", "rent": 1930, "zip": "01609"}, "worcester-01610": {"city": "Worcester", "rent": 1970, "zip": "01610"}, "worcester-01611": {"city": "Worcester", "rent": 1670, "zip": "01611"}, "worcester-01612": {"city": "Worcester", "rent": 1800, "zip": "01612"}, "worcester-01613": {"city": "Worcester", "rent": 1990, "zip": "01613"}, "worcester-01614": {"city": "Worcester", "rent": 1990, "zip": "01614"}, "worcester-01653": {"city": "Worcester", "rent": 1990, "zip": "01653"}, "worcester-01655": {"city": "Worcester", "rent": 1990, "zip": "01655"}, "worcester-01740": {"city": "Worcester", "rent": 2210, "zip": "01740"}, "worcester-01748": {"city": "Worcester", "rent": 3220, "zip": "01748"}, "worcester-01752": {"city": "Worcester", "rent": 2560, "zip": "01752"}, "worcester-01756": {"city": "Worcester", "rent": 2640, "zip": "01756"}, "worcester-01772": {"city": "Worcester", "rent": 2980, "zip": "01772"}, "eastern-worcester-county-01434": {"city": "Eastern Worcester County", "rent": 2560, "zip": "01434"}, "eastern-worcester-county-01451": {"city": "Eastern Worcester County", "rent": 2560, "zip": "01451"}, "eastern-worcester-county-01467": {"city": "Eastern Worcester County", "rent": 1860, "zip": "01467"}, "eastern-worcester-county-01503": {"city": "Eastern Worcester County", "rent": 2560, "zip": "01503"}, "eastern-worcester-county-01504": {"city": "Eastern Worcester County", "rent": 2560, "zip": "01504"}, "eastern-worcester-county-01510": {"city": "Eastern Worcester County", "rent": 1990, "zip": "01510"}, "eastern-worcester-county-01523": {"city": "Eastern Worcester County", "rent": 2730, "zip": "01523"}, "eastern-worcester-county-01529": {"city": "Eastern Worcester County", "rent": 1850, "zip": "01529"}, "eastern-worcester-county-01534": {"city": "Eastern Worcester County", "rent": 1850, "zip": "01534"}, "eastern-worcester-county-01561": {"city": "Eastern Worcester County", "rent": 2730, "zip": "01561"}, "eastern-worcester-county-01568": {"city": "Eastern Worcester County", "rent": 2090, "zip": "01568"}, "eastern-worcester-county-01569": {"city": "Eastern Worcester County", "rent": 2170, "zip": "01569"}, "eastern-worcester-county-01581": {"city": "Eastern Worcester County", "rent": 2880, "zip": "01581"}, "eastern-worcester-county-01740": {"city": "Eastern Worcester County", "rent": 2210, "zip": "01740"}, "eastern-worcester-county-01745": {"city": "Eastern Worcester County", "rent": 2960, "zip": "01745"}, "eastern-worcester-county-01747": {"city": "Eastern Worcester County", "rent": 2320, "zip": "01747"}, "eastern-worcester-county-01749": {"city": "Eastern Worcester County", "rent": 2560, "zip": "01749"}, "eastern-worcester-county-01756": {"city": "Eastern Worcester County", "rent": 2640, "zip": "01756"}, "eastern-worcester-county-01757": {"city": "Eastern Worcester County", "rent": 2270, "zip": "01757"}, "eastern-worcester-county-01772": {"city": "Eastern Worcester County", "rent": 2980, "zip": "01772"}, "fitchburg-leominster-01331": {"city": "Fitchburg-Leominster", "rent": 1500, "zip": "01331"}, "fitchburg-leominster-01420": {"city": "Fitchburg-Leominster", "rent": 1660, "zip": "01420"}, "fitchburg-leominster-01430": {"city": "Fitchburg-Leominster", "rent": 2620, "zip": "01430"}, "fitchburg-leominster-01431": {"city": "Fitchburg-Leominster", "rent": 2560, "zip": "01431"}, "fitchburg-leominster-01436": {"city": "Fitchburg-Leominster", "rent": 1710, "zip": "01436"}, "fitchburg-leominster-01438": {"city": "Fitchburg-Leominster", "rent": 1870, "zip": "01438"}, "fitchburg-leominster-01440": {"city": "Fitchburg-Leominster", "rent": 1560, "zip": "01440"}, "fitchburg-leominster-01441": {"city": "Fitchburg-Leominster", "rent": 1970, "zip": "01441"}, "fitchburg-leominster-01453": {"city": "Fitchburg-Leominster", "rent": 1850, "zip": "01453"}, "fitchburg-leominster-01462": {"city": "Fitchburg-Leominster", "rent": 2620, "zip": "01462"}, "fitchburg-leominster-01468": {"city": "Fitchburg-Leominster", "rent": 1930, "zip": "01468"}, "fitchburg-leominster-01473": {"city": "Fitchburg-Leominster", "rent": 2490, "zip": "01473"}, "fitchburg-leominster-01475": {"city": "Fitchburg-Leominster", "rent": 1730, "zip": "01475"}, "fitchburg-leominster-01564": {"city": "Fitchburg-Leominster", "rent": 2090, "zip": "01564"}, "western-worcester-county-01005": {"city": "Western Worcester County", "rent": 1740, "zip": "01005"}, "western-worcester-county-01010": {"city": "Western Worcester County", "rent": 1350, "zip": "01010"}, "western-worcester-county-01031": {"city": "Western Worcester County", "rent": 1600, "zip": "01031"}, "western-worcester-county-01037": {"city": "Western Worcester County", "rent": 1630, "zip": "01037"}, "western-worcester-county-01068": {"city": "Western Worcester County", "rent": 1930, "zip": "01068"}, "western-worcester-county-01082": {"city": "Western Worcester County", "rent": 1690, "zip": "01082"}, "western-worcester-county-01083": {"city": "Western Worcester County", "rent": 1690, "zip": "01083"}, "western-worcester-county-01092": {"city": "Western Worcester County", "rent": 1590, "zip": "01092"}, "western-worcester-county-01094": {"city": "Western Worcester County", "rent": 1490, "zip": "01094"}, "western-worcester-county-01331": {"city": "Western Worcester County", "rent": 1500, "zip": "01331"}, "western-worcester-county-01364": {"city": "Western Worcester County", "rent": 1450, "zip": "01364"}, "western-worcester-county-01366": {"city": "Western Worcester County", "rent": 1740, "zip": "01366"}, "western-worcester-county-01368": {"city": "Western Worcester County", "rent": 1720, "zip": "01368"}, "western-worcester-county-01452": {"city": "Western Worcester County", "rent": 1670, "zip": "01452"}, "western-worcester-county-01468": {"city": "Western Worcester County", "rent": 1930, "zip": "01468"}, "western-worcester-county-01473": {"city": "Western Worcester County", "rent": 2490, "zip": "01473"}, "western-worcester-county-01531": {"city": "Western Worcester County", "rent": 1670, "zip": "01531"}, "western-worcester-county-01535": {"city": "Western Worcester County", "rent": 1670, "zip": "01535"}, "western-worcester-county-01585": {"city": "Western Worcester County", "rent": 1670, "zip": "01585"}, "dukes-county-02535": {"city": "Dukes County", "rent": 2330, "zip": "02535"}, "dukes-county-02539": {"city": "Dukes County", "rent": 2320, "zip": "02539"}, "dukes-county-02543": {"city": "Dukes County", "rent": 2120, "zip": "02543"}, "dukes-county-02557": {"city": "Dukes County", "rent": 2290, "zip": "02557"}, "dukes-county-02568": {"city": "Dukes County", "rent": 2000, "zip": "02568"}, "dukes-county-02575": {"city": "Dukes County", "rent": 2750, "zip": "02575"}, "dukes-county-02713": {"city": "Dukes County", "rent": 2000, "zip": "02713"}, "franklin-county-01002": {"city": "Franklin County", "rent": 2480, "zip": "01002"}, "franklin-county-01039": {"city": "Franklin County", "rent": 2520, "zip": "01039"}, "franklin-county-01054": {"city": "Franklin County", "rent": 2290, "zip": "01054"}, "franklin-county-01070": {"city": "Franklin County", "rent": 1590, "zip": "01070"}, "franklin-county-01072": {"city": "Franklin County", "rent": 2550, "zip": "01072"}, "franklin-county-01093": {"city": "Franklin County", "rent": 2170, "zip": "01093"}, "franklin-county-01096": {"city": "Franklin County", "rent": 2280, "zip": "01096"}, "franklin-county-01247": {"city": "Franklin County", "rent": 1590, "zip": "01247"}, "franklin-county-01301": {"city": "Franklin County", "rent": 1820, "zip": "01301"}, "franklin-county-01302": {"city": "Franklin County", "rent": 1870, "zip": "01302"}, "franklin-county-01330": {"city": "Franklin County", "rent": 1420, "zip": "01330"}, "franklin-county-01331": {"city": "Franklin County", "rent": 1500, "zip": "01331"}, "franklin-county-01337": {"city": "Franklin County", "rent": 1800, "zip": "01337"}, "franklin-county-01338": {"city": "Franklin County", "rent": 1640, "zip": "01338"}, "franklin-county-01339": {"city": "Franklin County", "rent": 1670, "zip": "01339"}, "franklin-county-01340": {"city": "Franklin County", "rent": 1690, "zip": "01340"}, "franklin-county-01341": {"city": "Franklin County", "rent": 2580, "zip": "01341"}, "franklin-county-01342": {"city": "Franklin County", "rent": 2460, "zip": "01342"}, "franklin-county-01343": {"city": "Franklin County", "rent": 1510, "zip": "01343"}, "franklin-county-01344": {"city": "Franklin County", "rent": 1470, "zip": "01344"}, "franklin-county-01346": {"city": "Franklin County", "rent": 1680, "zip": "01346"}, "franklin-county-01347": {"city": "Franklin County", "rent": 1990, "zip": "01347"}, "franklin-county-01349": {"city": "Franklin County", "rent": 1850, "zip": "01349"}, "franklin-county-01350": {"city": "Franklin County", "rent": 1500, "zip": "01350"}, "franklin-county-01351": {"city": "Franklin County", "rent": 2120, "zip": "01351"}, "franklin-county-01354": {"city": "Franklin County", "rent": 1980, "zip": "01354"}, "franklin-county-01355": {"city": "Franklin County", "rent": 1690, "zip": "01355"}, "franklin-county-01360": {"city": "Franklin County", "rent": 1930, "zip": "01360"}, "franklin-county-01364": {"city": "Franklin County", "rent": 1450, "zip": "01364"}, "franklin-county-01367": {"city": "Franklin County", "rent": 1510, "zip": "01367"}, "franklin-county-01370": {"city": "Franklin County", "rent": 1680, "zip": "01370"}, "franklin-county-01373": {"city": "Franklin County", "rent": 1900, "zip": "01373"}, "franklin-county-01375": {"city": "Franklin County", "rent": 2400, "zip": "01375"}, "franklin-county-01376": {"city": "Franklin County", "rent": 1750, "zip": "01376"}, "franklin-county-01378": {"city": "Franklin County", "rent": 1650, "zip": "01378"}, "franklin-county-01379": {"city": "Franklin County", "rent": 1880, "zip": "01379"}, "franklin-county-01380": {"city": "Franklin County", "rent": 1460, "zip": "01380"}, "nantucket-county-02554": {"city": "Nantucket County", "rent": 3140, "zip": "02554"}, "nantucket-county-02564": {"city": "Nantucket County", "rent": 3140, "zip": "02564"}, "nantucket-county-02584": {"city": "Nantucket County", "rent": 3140, "zip": "02584"}}