{"carson-city-89423": {"city": "Carson City", "rent": 2160, "zip": "89423"}, "carson-city-89701": {"city": "Carson City", "rent": 1550, "zip": "89701"}, "carson-city-89702": {"city": "Carson City", "rent": 1550, "zip": "89702"}, "carson-city-89703": {"city": "Carson City", "rent": 1550, "zip": "89703"}, "carson-city-89705": {"city": "Carson City", "rent": 1580, "zip": "89705"}, "carson-city-89706": {"city": "Carson City", "rent": 1570, "zip": "89706"}, "carson-city-89711": {"city": "Carson City", "rent": 1550, "zip": "89711"}, "carson-city-89712": {"city": "Carson City", "rent": 1550, "zip": "89712"}, "carson-city-89713": {"city": "Carson City", "rent": 1550, "zip": "89713"}, "carson-city-89714": {"city": "Carson City", "rent": 1550, "zip": "89714"}, "carson-city-89721": {"city": "Carson City", "rent": 1550, "zip": "89721"}, "las-vegas-henderson-north-las-vegas-89002": {"city": "Las Vegas-Henderson-North Las Vegas", "rent": 2080, "zip": "89002"}, "las-vegas-henderson-north-las-vegas-89004": {"city": "Las Vegas-Henderson-North Las Vegas", "rent": 2600, "zip": "89004"}, "las-vegas-henderson-north-las-vegas-89005": {"city": "Las Vegas-Henderson-North Las Vegas", "rent": 1580, "zip": "89005"}, "las-vegas-henderson-north-las-vegas-89006": {"city": "Las Vegas-Henderson-North Las Vegas", "rent": 1740, "zip": "89006"}, "las-vegas-henderson-north-las-vegas-89007": {"city": "Las Vegas-Henderson-North Las Vegas", "rent": 1580, "zip": "89007"}, "las-vegas-henderson-north-las-vegas-89009": {"city": "Las Vegas-Henderson-North Las Vegas", "rent": 1740, "zip": "89009"}, "las-vegas-henderson-north-las-vegas-89011": {"city": "Las Vegas-Henderson-North Las Vegas", "rent": 1930, "zip": "89011"}, "las-vegas-henderson-north-las-vegas-89012": {"city": "Las Vegas-Henderson-North Las Vegas", "rent": 2270, "zip": "89012"}, "las-vegas-henderson-north-las-vegas-89014": {"city": "Las Vegas-Henderson-North Las Vegas", "rent": 1970, "zip": "89014"}, "las-vegas-henderson-north-las-vegas-89015": {"city": "Las Vegas-Henderson-North Las Vegas", "rent": 1580, "zip": "89015"}, "las-vegas-henderson-north-las-vegas-89016": {"city": "Las Vegas-Henderson-North Las Vegas", "rent": 1740, "zip": "89016"}, "las-vegas-henderson-north-las-vegas-89018": {"city": "Las Vegas-Henderson-North Las Vegas", "rent": 1580, "zip": "89018"}, "las-vegas-henderson-north-las-vegas-89019": {"city": "Las Vegas-Henderson-North Las Vegas", "rent": 2080, "zip": "89019"}, "las-vegas-henderson-north-las-vegas-89021": {"city": "Las Vegas-Henderson-North Las Vegas", "rent": 1580, "zip": "89021"}, "las-vegas-henderson-north-las-vegas-89024": {"city": "Las Vegas-Henderson-North Las Vegas", "rent": 1740, "zip": "89024"}, "las-vegas-henderson-north-las-vegas-89025": {"city": "Las Vegas-Henderson-North Las Vegas", "rent": 1580, "zip": "89025"}, "las-vegas-henderson-north-las-vegas-89026": {"city": "Las Vegas-Henderson-North Las Vegas", "rent": 1580, "zip": "89026"}, "las-vegas-henderson-north-las-vegas-89027": {"city": "Las Vegas-Henderson-North Las Vegas", "rent": 1580, "zip": "89027"}, "las-vegas-henderson-north-las-vegas-89028": {"city": "Las Vegas-Henderson-North Las Vegas", "rent": 1740, "zip": "89028"}, "las-vegas-henderson-north-las-vegas-89029": {"city": "Las Vegas-Henderson-North Las Vegas", "rent": 1580, "zip": "89029"}, "las-vegas-henderson-north-las-vegas-89030": {"city": "Las Vegas-Henderson-North Las Vegas", "rent": 1580, "zip": "89030"}, "las-vegas-henderson-north-las-vegas-89031": {"city": "Las Vegas-Henderson-North Las Vegas", "rent": 1800, "zip": "89031"}, "las-vegas-henderson-north-las-vegas-89032": {"city": "Las Vegas-Henderson-North Las Vegas", "rent": 1830, "zip": "89032"}, "las-vegas-henderson-north-las-vegas-89033": {"city": "Las Vegas-Henderson-North Las Vegas", "rent": 1740, "zip": "89033"}, "las-vegas-henderson-north-las-vegas-89034": {"city": "Las Vegas-Henderson-North Las Vegas", "rent": 2160, "zip": "89034"}, "las-vegas-henderson-north-las-vegas-89036": {"city": "Las Vegas-Henderson-North Las Vegas", "rent": 1740, "zip": "89036"}, "las-vegas-henderson-north-las-vegas-89037": {"city": "Las Vegas-Henderson-North Las Vegas", "rent": 1740, "zip": "89037"}, "las-vegas-henderson-north-las-vegas-89039": {"city": "Las Vegas-Henderson-North Las Vegas", "rent": 1580, "zip": "89039"}, "las-vegas-henderson-north-las-vegas-89040": {"city": "Las Vegas-Henderson-North Las Vegas", "rent": 1580, "zip": "89040"}, "las-vegas-henderson-north-las-vegas-89044": {"city": "Las Vegas-Henderson-North Las Vegas", "rent": 2380, "zip": "89044"}, "las-vegas-henderson-north-las-vegas-89046": {"city": "Las Vegas-Henderson-North Las Vegas", "rent": 1580, "zip": "89046"}, "las-vegas-henderson-north-las-vegas-89052": {"city": "Las Vegas-Henderson-North Las Vegas", "rent": 2230, "zip": "89052"}, "las-vegas-henderson-north-las-vegas-89053": {"city": "Las Vegas-Henderson-North Las Vegas", "rent": 1740, "zip": "89053"}, "las-vegas-henderson-north-las-vegas-89054": {"city": "Las Vegas-Henderson-North Las Vegas", "rent": 2390, "zip": "89054"}, "las-vegas-henderson-north-las-vegas-89070": {"city": "Las Vegas-Henderson-North Las Vegas", "rent": 1740, "zip": "89070"}, "las-vegas-henderson-north-las-vegas-89074": {"city": "Las Vegas-Henderson-North Las Vegas", "rent": 2120, "zip": "89074"}, "las-vegas-henderson-north-las-vegas-89077": {"city": "Las Vegas-Henderson-North Las Vegas", "rent": 1740, "zip": "89077"}, "las-vegas-henderson-north-las-vegas-89081": {"city": "Las Vegas-Henderson-North Las Vegas", "rent": 2080, "zip": "89081"}, "las-vegas-henderson-north-las-vegas-89084": {"city": "Las Vegas-Henderson-North Las Vegas", "rent": 2140, "zip": "89084"}, "las-vegas-henderson-north-las-vegas-89085": {"city": "Las Vegas-Henderson-North Las Vegas", "rent": 2600, "zip": "89085"}, "las-vegas-henderson-north-las-vegas-89086": {"city": "Las Vegas-Henderson-North Las Vegas", "rent": 1870, "zip": "89086"}, "las-vegas-henderson-north-las-vegas-89087": {"city": "Las Vegas-Henderson-North Las Vegas", "rent": 1740, "zip": "89087"}, "las-vegas-henderson-north-las-vegas-89101": {"city": "Las Vegas-Henderson-North Las Vegas", "rent": 1580, "zip": "89101"}, "las-vegas-henderson-north-las-vegas-89102": {"city": "Las Vegas-Henderson-North Las Vegas", "rent": 1580, "zip": "89102"}, "las-vegas-henderson-north-las-vegas-89103": {"city": "Las Vegas-Henderson-North Las Vegas", "rent": 1620, "zip": "89103"}, "las-vegas-henderson-north-las-vegas-89104": {"city": "Las Vegas-Henderson-North Las Vegas", "rent": 1580, "zip": "89104"}, "las-vegas-henderson-north-las-vegas-89105": {"city": "Las Vegas-Henderson-North Las Vegas", "rent": 1740, "zip": "89105"}, "las-vegas-henderson-north-las-vegas-89106": {"city": "Las Vegas-Henderson-North Las Vegas", "rent": 1580, "zip": "89106"}, "las-vegas-henderson-north-las-vegas-89107": {"city": "Las Vegas-Henderson-North Las Vegas", "rent": 1590, "zip": "89107"}, "las-vegas-henderson-north-las-vegas-89108": {"city": "Las Vegas-Henderson-North Las Vegas", "rent": 1690, "zip": "89108"}, "las-vegas-henderson-north-las-vegas-89109": {"city": "Las Vegas-Henderson-North Las Vegas", "rent": 1580, "zip": "89109"}, "las-vegas-henderson-north-las-vegas-89110": {"city": "Las Vegas-Henderson-North Las Vegas", "rent": 1580, "zip": "89110"}, "las-vegas-henderson-north-las-vegas-89111": {"city": "Las Vegas-Henderson-North Las Vegas", "rent": 1740, "zip": "89111"}, "las-vegas-henderson-north-las-vegas-89112": {"city": "Las Vegas-Henderson-North Las Vegas", "rent": 1740, "zip": "89112"}, "las-vegas-henderson-north-las-vegas-89113": {"city": "Las Vegas-Henderson-North Las Vegas", "rent": 1990, "zip": "89113"}, "las-vegas-henderson-north-las-vegas-89114": {"city": "Las Vegas-Henderson-North Las Vegas", "rent": 1740, "zip": "89114"}, "las-vegas-henderson-north-las-vegas-89115": {"city": "Las Vegas-Henderson-North Las Vegas", "rent": 1580, "zip": "89115"}, "las-vegas-henderson-north-las-vegas-89116": {"city": "Las Vegas-Henderson-North Las Vegas", "rent": 1740, "zip": "89116"}, "las-vegas-henderson-north-las-vegas-89117": {"city": "Las Vegas-Henderson-North Las Vegas", "rent": 1960, "zip": "89117"}, "las-vegas-henderson-north-las-vegas-89118": {"city": "Las Vegas-Henderson-North Las Vegas", "rent": 1880, "zip": "89118"}, "las-vegas-henderson-north-las-vegas-89119": {"city": "Las Vegas-Henderson-North Las Vegas", "rent": 1580, "zip": "89119"}, "las-vegas-henderson-north-las-vegas-89120": {"city": "Las Vegas-Henderson-North Las Vegas", "rent": 1610, "zip": "89120"}, "las-vegas-henderson-north-las-vegas-89121": {"city": "Las Vegas-Henderson-North Las Vegas", "rent": 1580, "zip": "89121"}, "las-vegas-henderson-north-las-vegas-89122": {"city": "Las Vegas-Henderson-North Las Vegas", "rent": 1590, "zip": "89122"}, "las-vegas-henderson-north-las-vegas-89123": {"city": "Las Vegas-Henderson-North Las Vegas", "rent": 1990, "zip": "89123"}, "las-vegas-henderson-north-las-vegas-89124": {"city": "Las Vegas-Henderson-North Las Vegas", "rent": 1700, "zip": "89124"}, "las-vegas-henderson-north-las-vegas-89125": {"city": "Las Vegas-Henderson-North Las Vegas", "rent": 1740, "zip": "89125"}, "las-vegas-henderson-north-las-vegas-89126": {"city": "Las Vegas-Henderson-North Las Vegas", "rent": 1740, "zip": "89126"}, "las-vegas-henderson-north-las-vegas-89127": {"city": "Las Vegas-Henderson-North Las Vegas", "rent": 1740, "zip": "89127"}, "las-vegas-henderson-north-las-vegas-89128": {"city": "Las Vegas-Henderson-North Las Vegas", "rent": 1790, "zip": "89128"}, "las-vegas-henderson-north-las-vegas-89129": {"city": "Las Vegas-Henderson-North Las Vegas", "rent": 1900, "zip": "89129"}, "las-vegas-henderson-north-las-vegas-89130": {"city": "Las Vegas-Henderson-North Las Vegas", "rent": 1880, "zip": "89130"}, "las-vegas-henderson-north-las-vegas-89131": {"city": "Las Vegas-Henderson-North Las Vegas", "rent": 1910, "zip": "89131"}, "las-vegas-henderson-north-las-vegas-89132": {"city": "Las Vegas-Henderson-North Las Vegas", "rent": 1740, "zip": "89132"}, "las-vegas-henderson-north-las-vegas-89133": {"city": "Las Vegas-Henderson-North Las Vegas", "rent": 1740, "zip": "89133"}, "las-vegas-henderson-north-las-vegas-89134": {"city": "Las Vegas-Henderson-North Las Vegas", "rent": 2300, "zip": "89134"}, "las-vegas-henderson-north-las-vegas-89135": {"city": "Las Vegas-Henderson-North Las Vegas", "rent": 2600, "zip": "89135"}, "las-vegas-henderson-north-las-vegas-89136": {"city": "Las Vegas-Henderson-North Las Vegas", "rent": 1740, "zip": "89136"}, "las-vegas-henderson-north-las-vegas-89137": {"city": "Las Vegas-Henderson-North Las Vegas", "rent": 1740, "zip": "89137"}, "las-vegas-henderson-north-las-vegas-89138": {"city": "Las Vegas-Henderson-North Las Vegas", "rent": 2600, "zip": "89138"}, "las-vegas-henderson-north-las-vegas-89139": {"city": "Las Vegas-Henderson-North Las Vegas", "rent": 1880, "zip": "89139"}, "las-vegas-henderson-north-las-vegas-89140": {"city": "Las Vegas-Henderson-North Las Vegas", "rent": 1740, "zip": "89140"}, "las-vegas-henderson-north-las-vegas-89141": {"city": "Las Vegas-Henderson-North Las Vegas", "rent": 2350, "zip": "89141"}, "las-vegas-henderson-north-las-vegas-89142": {"city": "Las Vegas-Henderson-North Las Vegas", "rent": 1660, "zip": "89142"}, "las-vegas-henderson-north-las-vegas-89143": {"city": "Las Vegas-Henderson-North Las Vegas", "rent": 2110, "zip": "89143"}, "las-vegas-henderson-north-las-vegas-89144": {"city": "Las Vegas-Henderson-North Las Vegas", "rent": 2200, "zip": "89144"}, "las-vegas-henderson-north-las-vegas-89145": {"city": "Las Vegas-Henderson-North Las Vegas", "rent": 1800, "zip": "89145"}, "las-vegas-henderson-north-las-vegas-89146": {"city": "Las Vegas-Henderson-North Las Vegas", "rent": 1700, "zip": "89146"}, "las-vegas-henderson-north-las-vegas-89147": {"city": "Las Vegas-Henderson-North Las Vegas", "rent": 2050, "zip": "89147"}, "las-vegas-henderson-north-las-vegas-89148": {"city": "Las Vegas-Henderson-North Las Vegas", "rent": 1970, "zip": "89148"}, "las-vegas-henderson-north-las-vegas-89149": {"city": "Las Vegas-Henderson-North Las Vegas", "rent": 2060, "zip": "89149"}, "las-vegas-henderson-north-las-vegas-89150": {"city": "Las Vegas-Henderson-North Las Vegas", "rent": 1740, "zip": "89150"}, "las-vegas-henderson-north-las-vegas-89151": {"city": "Las Vegas-Henderson-North Las Vegas", "rent": 1740, "zip": "89151"}, "las-vegas-henderson-north-las-vegas-89152": {"city": "Las Vegas-Henderson-North Las Vegas", "rent": 1740, "zip": "89152"}, "las-vegas-henderson-north-las-vegas-89153": {"city": "Las Vegas-Henderson-North Las Vegas", "rent": 1740, "zip": "89153"}, "las-vegas-henderson-north-las-vegas-89156": {"city": "Las Vegas-Henderson-North Las Vegas", "rent": 1580, "zip": "89156"}, "las-vegas-henderson-north-las-vegas-89157": {"city": "Las Vegas-Henderson-North Las Vegas", "rent": 1740, "zip": "89157"}, "las-vegas-henderson-north-las-vegas-89158": {"city": "Las Vegas-Henderson-North Las Vegas", "rent": 2600, "zip": "89158"}, "las-vegas-henderson-north-las-vegas-89160": {"city": "Las Vegas-Henderson-North Las Vegas", "rent": 1740, "zip": "89160"}, "las-vegas-henderson-north-las-vegas-89161": {"city": "Las Vegas-Henderson-North Las Vegas", "rent": 1940, "zip": "89161"}, "las-vegas-henderson-north-las-vegas-89162": {"city": "Las Vegas-Henderson-North Las Vegas", "rent": 1740, "zip": "89162"}, "las-vegas-henderson-north-las-vegas-89165": {"city": "Las Vegas-Henderson-North Las Vegas", "rent": 1740, "zip": "89165"}, "las-vegas-henderson-north-las-vegas-89166": {"city": "Las Vegas-Henderson-North Las Vegas", "rent": 2040, "zip": "89166"}, "las-vegas-henderson-north-las-vegas-89169": {"city": "Las Vegas-Henderson-North Las Vegas", "rent": 1580, "zip": "89169"}, "las-vegas-henderson-north-las-vegas-89170": {"city": "Las Vegas-Henderson-North Las Vegas", "rent": 1740, "zip": "89170"}, "las-vegas-henderson-north-las-vegas-89173": {"city": "Las Vegas-Henderson-North Las Vegas", "rent": 1740, "zip": "89173"}, "las-vegas-henderson-north-las-vegas-89178": {"city": "Las Vegas-Henderson-North Las Vegas", "rent": 2270, "zip": "89178"}, "las-vegas-henderson-north-las-vegas-89179": {"city": "Las Vegas-Henderson-North Las Vegas", "rent": 2400, "zip": "89179"}, "las-vegas-henderson-north-las-vegas-89180": {"city": "Las Vegas-Henderson-North Las Vegas", "rent": 1740, "zip": "89180"}, "las-vegas-henderson-north-las-vegas-89183": {"city": "Las Vegas-Henderson-North Las Vegas", "rent": 1820, "zip": "89183"}, "las-vegas-henderson-north-las-vegas-89191": {"city": "Las Vegas-Henderson-North Las Vegas", "rent": 1580, "zip": "89191"}, "las-vegas-henderson-north-las-vegas-89193": {"city": "Las Vegas-Henderson-North Las Vegas", "rent": 1740, "zip": "89193"}, "las-vegas-henderson-north-las-vegas-89195": {"city": "Las Vegas-Henderson-North Las Vegas", "rent": 1740, "zip": "89195"}, "las-vegas-henderson-north-las-vegas-89199": {"city": "Las Vegas-Henderson-North Las Vegas", "rent": 1740, "zip": "89199"}, "reno-89402": {"city": "Reno", "rent": 2300, "zip": "89402"}, "reno-89403": {"city": "Reno", "rent": 1550, "zip": "89403"}, "reno-89405": {"city": "Reno", "rent": 1870, "zip": "89405"}, "reno-89412": {"city": "Reno", "rent": 1870, "zip": "89412"}, "reno-89424": {"city": "Reno", "rent": 1870, "zip": "89424"}, "reno-89431": {"city": "Reno", "rent": 1580, "zip": "89431"}, "reno-89432": {"city": "Reno", "rent": 1870, "zip": "89432"}, "reno-89433": {"city": "Reno", "rent": 1550, "zip": "89433"}, "reno-89434": {"city": "Reno", "rent": 2180, "zip": "89434"}, "reno-89435": {"city": "Reno", "rent": 1870, "zip": "89435"}, "reno-89436": {"city": "Reno", "rent": 2460, "zip": "89436"}, "reno-89437": {"city": "Reno", "rent": 1550, "zip": "89437"}, "reno-89439": {"city": "Reno", "rent": 1550, "zip": "89439"}, "reno-89440": {"city": "Reno", "rent": 2260, "zip": "89440"}, "reno-89441": {"city": "Reno", "rent": 2770, "zip": "89441"}, "reno-89442": {"city": "Reno", "rent": 1550, "zip": "89442"}, "reno-89450": {"city": "Reno", "rent": 2450, "zip": "89450"}, "reno-89451": {"city": "Reno", "rent": 2450, "zip": "89451"}, "reno-89501": {"city": "Reno", "rent": 1550, "zip": "89501"}, "reno-89502": {"city": "Reno", "rent": 1620, "zip": "89502"}, "reno-89503": {"city": "Reno", "rent": 1680, "zip": "89503"}, "reno-89504": {"city": "Reno", "rent": 1870, "zip": "89504"}, "reno-89505": {"city": "Reno", "rent": 1870, "zip": "89505"}, "reno-89506": {"city": "Reno", "rent": 2090, "zip": "89506"}, "reno-89507": {"city": "Reno", "rent": 1870, "zip": "89507"}, "reno-89508": {"city": "Reno", "rent": 2380, "zip": "89508"}, "reno-89509": {"city": "Reno", "rent": 1870, "zip": "89509"}, "reno-89510": {"city": "Reno", "rent": 2100, "zip": "89510"}, "reno-89511": {"city": "Reno", "rent": 2290, "zip": "89511"}, "reno-89512": {"city": "Reno", "rent": 1700, "zip": "89512"}, "reno-89513": {"city": "Reno", "rent": 1870, "zip": "89513"}, "reno-89515": {"city": "Reno", "rent": 1870, "zip": "89515"}, "reno-89519": {"city": "Reno", "rent": 2510, "zip": "89519"}, "reno-89521": {"city": "Reno", "rent": 2590, "zip": "89521"}, "reno-89523": {"city": "Reno", "rent": 2040, "zip": "89523"}, "reno-89533": {"city": "Reno", "rent": 1870, "zip": "89533"}, "reno-89557": {"city": "Reno", "rent": 1640, "zip": "89557"}, "reno-89570": {"city": "Reno", "rent": 1870, "zip": "89570"}, "reno-89595": {"city": "Reno", "rent": 1870, "zip": "89595"}, "reno-89599": {"city": "Reno", "rent": 1870, "zip": "89599"}, "reno-89703": {"city": "Reno", "rent": 1550, "zip": "89703"}, "reno-89704": {"city": "Reno", "rent": 1550, "zip": "89704"}, "lyon-county-89403": {"city": "Lyon County", "rent": 1550, "zip": "89403"}, "lyon-county-89406": {"city": "Lyon County", "rent": 1420, "zip": "89406"}, "lyon-county-89408": {"city": "Lyon County", "rent": 1490, "zip": "89408"}, "lyon-county-89428": {"city": "Lyon County", "rent": 1580, "zip": "89428"}, "lyon-county-89429": {"city": "Lyon County", "rent": 1270, "zip": "89429"}, "lyon-county-89430": {"city": "Lyon County", "rent": 1190, "zip": "89430"}, "lyon-county-89444": {"city": "Lyon County", "rent": 1320, "zip": "89444"}, "lyon-county-89447": {"city": "Lyon County", "rent": 1130, "zip": "89447"}, "lyon-county-89706": {"city": "Lyon County", "rent": 1570, "zip": "89706"}, "churchill-county-89406": {"city": "Churchill County", "rent": 1420, "zip": "89406"}, "churchill-county-89407": {"city": "Churchill County", "rent": 1420, "zip": "89407"}, "churchill-county-89408": {"city": "Churchill County", "rent": 1490, "zip": "89408"}, "churchill-county-89496": {"city": "Churchill County", "rent": 1420, "zip": "89496"}, "douglas-county-89410": {"city": "Douglas County", "rent": 1570, "zip": "89410"}, "douglas-county-89411": {"city": "Douglas County", "rent": 1840, "zip": "89411"}, "douglas-county-89413": {"city": "Douglas County", "rent": 1620, "zip": "89413"}, "douglas-county-89423": {"city": "Douglas County", "rent": 2160, "zip": "89423"}, "douglas-county-89444": {"city": "Douglas County", "rent": 1320, "zip": "89444"}, "douglas-county-89448": {"city": "Douglas County", "rent": 1960, "zip": "89448"}, "douglas-county-89449": {"city": "Douglas County", "rent": 1620, "zip": "89449"}, "douglas-county-89460": {"city": "Douglas County", "rent": 1470, "zip": "89460"}, "douglas-county-89701": {"city": "Douglas County", "rent": 1550, "zip": "89701"}, "douglas-county-89705": {"city": "Douglas County", "rent": 1580, "zip": "89705"}, "elko-county-89414": {"city": "Elko County", "rent": 1300, "zip": "89414"}, "elko-county-89801": {"city": "Elko County", "rent": 1550, "zip": "89801"}, "elko-county-89803": {"city": "Elko County", "rent": 1530, "zip": "89803"}, "elko-county-89815": {"city": "Elko County", "rent": 1890, "zip": "89815"}, "elko-county-89822": {"city": "Elko County", "rent": 1520, "zip": "89822"}, "elko-county-89823": {"city": "Elko County", "rent": 1500, "zip": "89823"}, "elko-county-89825": {"city": "Elko County", "rent": 1300, "zip": "89825"}, "elko-county-89826": {"city": "Elko County", "rent": 1530, "zip": "89826"}, "elko-county-89828": {"city": "Elko County", "rent": 1530, "zip": "89828"}, "elko-county-89830": {"city": "Elko County", "rent": 1300, "zip": "89830"}, "elko-county-89831": {"city": "Elko County", "rent": 1550, "zip": "89831"}, "elko-county-89832": {"city": "Elko County", "rent": 1660, "zip": "89832"}, "elko-county-89833": {"city": "Elko County", "rent": 1530, "zip": "89833"}, "elko-county-89834": {"city": "Elko County", "rent": 1550, "zip": "89834"}, "elko-county-89835": {"city": "Elko County", "rent": 1450, "zip": "89835"}, "elko-county-89883": {"city": "Elko County", "rent": 1300, "zip": "89883"}, "esmeralda-county-89010": {"city": "Esmeralda County", "rent": 1650, "zip": "89010"}, "esmeralda-county-89013": {"city": "Esmeralda County", "rent": 1480, "zip": "89013"}, "esmeralda-county-89047": {"city": "Esmeralda County", "rent": 1480, "zip": "89047"}, "esmeralda-county-89049": {"city": "Esmeralda County", "rent": 1480, "zip": "89049"}, "eureka-county-89316": {"city": "Eureka County", "rent": 1320, "zip": "89316"}, "eureka-county-89821": {"city": "Eureka County", "rent": 1410, "zip": "89821"}, "eureka-county-89822": {"city": "Eureka County", "rent": 1520, "zip": "89822"}, "humboldt-county-89404": {"city": "Humboldt County", "rent": 1310, "zip": "89404"}, "humboldt-county-89412": {"city": "Humboldt County", "rent": 1870, "zip": "89412"}, "humboldt-county-89414": {"city": "Humboldt County", "rent": 1300, "zip": "89414"}, "humboldt-county-89421": {"city": "Humboldt County", "rent": 1290, "zip": "89421"}, "humboldt-county-89425": {"city": "Humboldt County", "rent": 1310, "zip": "89425"}, "humboldt-county-89426": {"city": "Humboldt County", "rent": 1320, "zip": "89426"}, "humboldt-county-89438": {"city": "Humboldt County", "rent": 1310, "zip": "89438"}, "humboldt-county-89445": {"city": "Humboldt County", "rent": 1320, "zip": "89445"}, "humboldt-county-89446": {"city": "Humboldt County", "rent": 1320, "zip": "89446"}, "lander-county-89310": {"city": "Lander County", "rent": 1210, "zip": "89310"}, "lander-county-89820": {"city": "Lander County", "rent": 1230, "zip": "89820"}, "lander-county-89821": {"city": "Lander County", "rent": 1410, "zip": "89821"}, "lincoln-county-89001": {"city": "Lincoln County", "rent": 1100, "zip": "89001"}, "lincoln-county-89008": {"city": "Lincoln County", "rent": 1110, "zip": "89008"}, "lincoln-county-89017": {"city": "Lincoln County", "rent": 1100, "zip": "89017"}, "lincoln-county-89042": {"city": "Lincoln County", "rent": 1170, "zip": "89042"}, "lincoln-county-89043": {"city": "Lincoln County", "rent": 1100, "zip": "89043"}, "mineral-county-89415": {"city": "Mineral County", "rent": 1420, "zip": "89415"}, "mineral-county-89420": {"city": "Mineral County", "rent": 1390, "zip": "89420"}, "mineral-county-89422": {"city": "Mineral County", "rent": 1390, "zip": "89422"}, "mineral-county-89427": {"city": "Mineral County", "rent": 1390, "zip": "89427"}, "nye-county-89003": {"city": "Nye County", "rent": 1040, "zip": "89003"}, "nye-county-89020": {"city": "Nye County", "rent": 1220, "zip": "89020"}, "nye-county-89022": {"city": "Nye County", "rent": 1160, "zip": "89022"}, "nye-county-89023": {"city": "Nye County", "rent": 1220, "zip": "89023"}, "nye-county-89041": {"city": "Nye County", "rent": 1220, "zip": "89041"}, "nye-county-89045": {"city": "Nye County", "rent": 1160, "zip": "89045"}, "nye-county-89048": {"city": "Nye County", "rent": 1340, "zip": "89048"}, "nye-county-89049": {"city": "Nye County", "rent": 1480, "zip": "89049"}, "nye-county-89060": {"city": "Nye County", "rent": 1290, "zip": "89060"}, "nye-county-89061": {"city": "Nye County", "rent": 1810, "zip": "89061"}, "nye-county-89310": {"city": "Nye County", "rent": 1210, "zip": "89310"}, "nye-county-89314": {"city": "Nye County", "rent": 1220, "zip": "89314"}, "nye-county-89409": {"city": "Nye County", "rent": 1220, "zip": "89409"}, "pershing-county-89418": {"city": "Pershing County", "rent": 1120, "zip": "89418"}, "pershing-county-89419": {"city": "Pershing County", "rent": 980, "zip": "89419"}, "pershing-county-89445": {"city": "Pershing County", "rent": 1320, "zip": "89445"}, "white-pine-county-84034": {"city": "White Pine County", "rent": 1240, "zip": "84034"}, "white-pine-county-89301": {"city": "White Pine County", "rent": 1270, "zip": "89301"}, "white-pine-county-89311": {"city": "White Pine County", "rent": 1270, "zip": "89311"}, "white-pine-county-89314": {"city": "White Pine County", "rent": 1220, "zip": "89314"}, "white-pine-county-89315": {"city": "White Pine County", "rent": 1270, "zip": "89315"}, "white-pine-county-89316": {"city": "White Pine County", "rent": 1320, "zip": "89316"}, "white-pine-county-89317": {"city": "White Pine County", "rent": 1320, "zip": "89317"}, "white-pine-county-89318": {"city": "White Pine County", "rent": 1940, "zip": "89318"}, "white-pine-county-89319": {"city": "White Pine County", "rent": 1270, "zip": "89319"}}