{"western-rockingham-county-03032": {"city": "Western Rockingham County", "rent": 2810, "zip": "03032"}, "western-rockingham-county-03034": {"city": "Western Rockingham County", "rent": 2350, "zip": "03034"}, "western-rockingham-county-03037": {"city": "Western Rockingham County", "rent": 2120, "zip": "03037"}, "western-rockingham-county-03038": {"city": "Western Rockingham County", "rent": 2030, "zip": "03038"}, "western-rockingham-county-03042": {"city": "Western Rockingham County", "rent": 2500, "zip": "03042"}, "western-rockingham-county-03053": {"city": "Western Rockingham County", "rent": 2360, "zip": "03053"}, "western-rockingham-county-03077": {"city": "Western Rockingham County", "rent": 2160, "zip": "03077"}, "western-rockingham-county-03087": {"city": "Western Rockingham County", "rent": 3410, "zip": "03087"}, "western-rockingham-county-03103": {"city": "Western Rockingham County", "rent": 1820, "zip": "03103"}, "western-rockingham-county-03104": {"city": "Western Rockingham County", "rent": 2020, "zip": "03104"}, "western-rockingham-county-03261": {"city": "Western Rockingham County", "rent": 1820, "zip": "03261"}, "western-rockingham-county-03290": {"city": "Western Rockingham County", "rent": 2170, "zip": "03290"}, "western-rockingham-county-03291": {"city": "Western Rockingham County", "rent": 2150, "zip": "03291"}, "western-rockingham-county-03825": {"city": "Western Rockingham County", "rent": 2530, "zip": "03825"}, "western-rockingham-county-03884": {"city": "Western Rockingham County", "rent": 2340, "zip": "03884"}, "portsmouth-rochester-03042": {"city": "Portsmouth-Rochester", "rent": 2500, "zip": "03042"}, "portsmouth-rochester-03044": {"city": "Portsmouth-Rochester", "rent": 3020, "zip": "03044"}, "portsmouth-rochester-03261": {"city": "Portsmouth-Rochester", "rent": 1820, "zip": "03261"}, "portsmouth-rochester-03290": {"city": "Portsmouth-Rochester", "rent": 2170, "zip": "03290"}, "portsmouth-rochester-03801": {"city": "Portsmouth-Rochester", "rent": 2520, "zip": "03801"}, "portsmouth-rochester-03802": {"city": "Portsmouth-Rochester", "rent": 2300, "zip": "03802"}, "portsmouth-rochester-03809": {"city": "Portsmouth-Rochester", "rent": 1770, "zip": "03809"}, "portsmouth-rochester-03815": {"city": "Portsmouth-Rochester", "rent": 2020, "zip": "03815"}, "portsmouth-rochester-03820": {"city": "Portsmouth-Rochester", "rent": 2120, "zip": "03820"}, "portsmouth-rochester-03821": {"city": "Portsmouth-Rochester", "rent": 2020, "zip": "03821"}, "portsmouth-rochester-03823": {"city": "Portsmouth-Rochester", "rent": 2260, "zip": "03823"}, "portsmouth-rochester-03824": {"city": "Portsmouth-Rochester", "rent": 2060, "zip": "03824"}, "portsmouth-rochester-03825": {"city": "Portsmouth-Rochester", "rent": 2530, "zip": "03825"}, "portsmouth-rochester-03827": {"city": "Portsmouth-Rochester", "rent": 2560, "zip": "03827"}, "portsmouth-rochester-03833": {"city": "Portsmouth-Rochester", "rent": 2560, "zip": "03833"}, "portsmouth-rochester-03835": {"city": "Portsmouth-Rochester", "rent": 1770, "zip": "03835"}, "portsmouth-rochester-03839": {"city": "Portsmouth-Rochester", "rent": 1890, "zip": "03839"}, "portsmouth-rochester-03840": {"city": "Portsmouth-Rochester", "rent": 2870, "zip": "03840"}, "portsmouth-rochester-03842": {"city": "Portsmouth-Rochester", "rent": 2390, "zip": "03842"}, "portsmouth-rochester-03843": {"city": "Portsmouth-Rochester", "rent": 2300, "zip": "03843"}, "portsmouth-rochester-03844": {"city": "Portsmouth-Rochester", "rent": 2560, "zip": "03844"}, "portsmouth-rochester-03848": {"city": "Portsmouth-Rochester", "rent": 1810, "zip": "03848"}, "portsmouth-rochester-03851": {"city": "Portsmouth-Rochester", "rent": 1770, "zip": "03851"}, "portsmouth-rochester-03852": {"city": "Portsmouth-Rochester", "rent": 1770, "zip": "03852"}, "portsmouth-rochester-03854": {"city": "Portsmouth-Rochester", "rent": 3290, "zip": "03854"}, "portsmouth-rochester-03855": {"city": "Portsmouth-Rochester", "rent": 1990, "zip": "03855"}, "portsmouth-rochester-03856": {"city": "Portsmouth-Rochester", "rent": 2850, "zip": "03856"}, "portsmouth-rochester-03857": {"city": "Portsmouth-Rochester", "rent": 2280, "zip": "03857"}, "portsmouth-rochester-03861": {"city": "Portsmouth-Rochester", "rent": 1770, "zip": "03861"}, "portsmouth-rochester-03862": {"city": "Portsmouth-Rochester", "rent": 2740, "zip": "03862"}, "portsmouth-rochester-03866": {"city": "Portsmouth-Rochester", "rent": 2020, "zip": "03866"}, "portsmouth-rochester-03867": {"city": "Portsmouth-Rochester", "rent": 1840, "zip": "03867"}, "portsmouth-rochester-03868": {"city": "Portsmouth-Rochester", "rent": 1770, "zip": "03868"}, "portsmouth-rochester-03869": {"city": "Portsmouth-Rochester", "rent": 2010, "zip": "03869"}, "portsmouth-rochester-03870": {"city": "Portsmouth-Rochester", "rent": 2250, "zip": "03870"}, "portsmouth-rochester-03871": {"city": "Portsmouth-Rochester", "rent": 2250, "zip": "03871"}, "portsmouth-rochester-03874": {"city": "Portsmouth-Rochester", "rent": 2560, "zip": "03874"}, "portsmouth-rochester-03878": {"city": "Portsmouth-Rochester", "rent": 2000, "zip": "03878"}, "portsmouth-rochester-03884": {"city": "Portsmouth-Rochester", "rent": 2340, "zip": "03884"}, "portsmouth-rochester-03885": {"city": "Portsmouth-Rochester", "rent": 3000, "zip": "03885"}, "portsmouth-rochester-03887": {"city": "Portsmouth-Rochester", "rent": 2130, "zip": "03887"}, "manchester-03031": {"city": "Manchester", "rent": 1920, "zip": "03031"}, "manchester-03045": {"city": "Manchester", "rent": 2140, "zip": "03045"}, "manchester-03054": {"city": "Manchester", "rent": 2360, "zip": "03054"}, "manchester-03070": {"city": "Manchester", "rent": 1920, "zip": "03070"}, "manchester-03101": {"city": "Manchester", "rent": 2740, "zip": "03101"}, "manchester-03102": {"city": "Manchester", "rent": 1970, "zip": "03102"}, "manchester-03103": {"city": "Manchester", "rent": 1820, "zip": "03103"}, "manchester-03104": {"city": "Manchester", "rent": 2020, "zip": "03104"}, "manchester-03105": {"city": "Manchester", "rent": 2130, "zip": "03105"}, "manchester-03108": {"city": "Manchester", "rent": 2130, "zip": "03108"}, "manchester-03109": {"city": "Manchester", "rent": 2300, "zip": "03109"}, "manchester-03110": {"city": "Manchester", "rent": 2880, "zip": "03110"}, "manchester-03111": {"city": "Manchester", "rent": 2130, "zip": "03111"}, "manchester-03281": {"city": "Manchester", "rent": 2080, "zip": "03281"}, "manchester-03304": {"city": "Manchester", "rent": 2370, "zip": "03304"}, "nashua-03031": {"city": "Nashua", "rent": 1920, "zip": "03031"}, "nashua-03033": {"city": "Nashua", "rent": 3190, "zip": "03033"}, "nashua-03048": {"city": "Nashua", "rent": 1920, "zip": "03048"}, "nashua-03049": {"city": "Nashua", "rent": 2280, "zip": "03049"}, "nashua-03051": {"city": "Nashua", "rent": 2100, "zip": "03051"}, "nashua-03052": {"city": "Nashua", "rent": 2670, "zip": "03052"}, "nashua-03054": {"city": "Nashua", "rent": 2360, "zip": "03054"}, "nashua-03055": {"city": "Nashua", "rent": 2030, "zip": "03055"}, "nashua-03057": {"city": "Nashua", "rent": 2390, "zip": "03057"}, "nashua-03060": {"city": "Nashua", "rent": 2070, "zip": "03060"}, "nashua-03061": {"city": "Nashua", "rent": 1990, "zip": "03061"}, "nashua-03062": {"city": "Nashua", "rent": 2240, "zip": "03062"}, "nashua-03063": {"city": "Nashua", "rent": 2330, "zip": "03063"}, "nashua-03064": {"city": "Nashua", "rent": 1970, "zip": "03064"}, "nashua-03070": {"city": "Nashua", "rent": 1920, "zip": "03070"}, "nashua-03071": {"city": "Nashua", "rent": 1920, "zip": "03071"}, "nashua-03076": {"city": "Nashua", "rent": 1920, "zip": "03076"}, "nashua-03086": {"city": "Nashua", "rent": 1920, "zip": "03086"}, "nashua-03110": {"city": "Nashua", "rent": 2880, "zip": "03110"}, "hillsborough-county-03043": {"city": "Hillsborough County", "rent": 1810, "zip": "03043"}, "hillsborough-county-03045": {"city": "Hillsborough County", "rent": 2140, "zip": "03045"}, "hillsborough-county-03047": {"city": "Hillsborough County", "rent": 1530, "zip": "03047"}, "hillsborough-county-03055": {"city": "Hillsborough County", "rent": 2030, "zip": "03055"}, "hillsborough-county-03057": {"city": "Hillsborough County", "rent": 2390, "zip": "03057"}, "hillsborough-county-03070": {"city": "Hillsborough County", "rent": 1920, "zip": "03070"}, "hillsborough-county-03071": {"city": "Hillsborough County", "rent": 1920, "zip": "03071"}, "hillsborough-county-03082": {"city": "Hillsborough County", "rent": 2420, "zip": "03082"}, "hillsborough-county-03084": {"city": "Hillsborough County", "rent": 1960, "zip": "03084"}, "hillsborough-county-03086": {"city": "Hillsborough County", "rent": 1920, "zip": "03086"}, "hillsborough-county-03242": {"city": "Hillsborough County", "rent": 1680, "zip": "03242"}, "hillsborough-county-03244": {"city": "Hillsborough County", "rent": 1700, "zip": "03244"}, "hillsborough-county-03280": {"city": "Hillsborough County", "rent": 1980, "zip": "03280"}, "hillsborough-county-03281": {"city": "Hillsborough County", "rent": 2080, "zip": "03281"}, "hillsborough-county-03440": {"city": "Hillsborough County", "rent": 1550, "zip": "03440"}, "hillsborough-county-03442": {"city": "Hillsborough County", "rent": 1640, "zip": "03442"}, "hillsborough-county-03449": {"city": "Hillsborough County", "rent": 1790, "zip": "03449"}, "hillsborough-county-03452": {"city": "Hillsborough County", "rent": 1570, "zip": "03452"}, "hillsborough-county-03458": {"city": "Hillsborough County", "rent": 1830, "zip": "03458"}, "hillsborough-county-03468": {"city": "Hillsborough County", "rent": 2110, "zip": "03468"}, "belknap-county-03218": {"city": "Belknap County", "rent": 2160, "zip": "03218"}, "belknap-county-03220": {"city": "Belknap County", "rent": 1620, "zip": "03220"}, "belknap-county-03225": {"city": "Belknap County", "rent": 1800, "zip": "03225"}, "belknap-county-03226": {"city": "Belknap County", "rent": 2190, "zip": "03226"}, "belknap-county-03237": {"city": "Belknap County", "rent": 1860, "zip": "03237"}, "belknap-county-03245": {"city": "Belknap County", "rent": 2610, "zip": "03245"}, "belknap-county-03246": {"city": "Belknap County", "rent": 1770, "zip": "03246"}, "belknap-county-03249": {"city": "Belknap County", "rent": 1930, "zip": "03249"}, "belknap-county-03252": {"city": "Belknap County", "rent": 1800, "zip": "03252"}, "belknap-county-03253": {"city": "Belknap County", "rent": 1910, "zip": "03253"}, "belknap-county-03254": {"city": "Belknap County", "rent": 2070, "zip": "03254"}, "belknap-county-03256": {"city": "Belknap County", "rent": 1860, "zip": "03256"}, "belknap-county-03269": {"city": "Belknap County", "rent": 1810, "zip": "03269"}, "belknap-county-03276": {"city": "Belknap County", "rent": 1670, "zip": "03276"}, "belknap-county-03289": {"city": "Belknap County", "rent": 1800, "zip": "03289"}, "belknap-county-03809": {"city": "Belknap County", "rent": 1770, "zip": "03809"}, "belknap-county-03810": {"city": "Belknap County", "rent": 1340, "zip": "03810"}, "belknap-county-03837": {"city": "Belknap County", "rent": 1800, "zip": "03837"}, "carroll-county-03226": {"city": "Carroll County", "rent": 2190, "zip": "03226"}, "carroll-county-03227": {"city": "Carroll County", "rent": 2560, "zip": "03227"}, "carroll-county-03254": {"city": "Carroll County", "rent": 2070, "zip": "03254"}, "carroll-county-03259": {"city": "Carroll County", "rent": 2230, "zip": "03259"}, "carroll-county-03812": {"city": "Carroll County", "rent": 1690, "zip": "03812"}, "carroll-county-03813": {"city": "Carroll County", "rent": 1960, "zip": "03813"}, "carroll-county-03814": {"city": "Carroll County", "rent": 1910, "zip": "03814"}, "carroll-county-03816": {"city": "Carroll County", "rent": 1780, "zip": "03816"}, "carroll-county-03817": {"city": "Carroll County", "rent": 1580, "zip": "03817"}, "carroll-county-03818": {"city": "Carroll County", "rent": 1430, "zip": "03818"}, "carroll-county-03830": {"city": "Carroll County", "rent": 1350, "zip": "03830"}, "carroll-county-03832": {"city": "Carroll County", "rent": 1260, "zip": "03832"}, "carroll-county-03836": {"city": "Carroll County", "rent": 1610, "zip": "03836"}, "carroll-county-03838": {"city": "Carroll County", "rent": 2030, "zip": "03838"}, "carroll-county-03845": {"city": "Carroll County", "rent": 2120, "zip": "03845"}, "carroll-county-03846": {"city": "Carroll County", "rent": 2560, "zip": "03846"}, "carroll-county-03847": {"city": "Carroll County", "rent": 1600, "zip": "03847"}, "carroll-county-03849": {"city": "Carroll County", "rent": 1830, "zip": "03849"}, "carroll-county-03850": {"city": "Carroll County", "rent": 1710, "zip": "03850"}, "carroll-county-03853": {"city": "Carroll County", "rent": 1710, "zip": "03853"}, "carroll-county-03855": {"city": "Carroll County", "rent": 1990, "zip": "03855"}, "carroll-county-03860": {"city": "Carroll County", "rent": 1520, "zip": "03860"}, "carroll-county-03864": {"city": "Carroll County", "rent": 1560, "zip": "03864"}, "carroll-county-03872": {"city": "Carroll County", "rent": 1530, "zip": "03872"}, "carroll-county-03875": {"city": "Carroll County", "rent": 1690, "zip": "03875"}, "carroll-county-03882": {"city": "Carroll County", "rent": 1350, "zip": "03882"}, "carroll-county-03883": {"city": "Carroll County", "rent": 1970, "zip": "03883"}, "carroll-county-03886": {"city": "Carroll County", "rent": 1500, "zip": "03886"}, "carroll-county-03887": {"city": "Carroll County", "rent": 2130, "zip": "03887"}, "carroll-county-03890": {"city": "Carroll County", "rent": 1780, "zip": "03890"}, "carroll-county-03894": {"city": "Carroll County", "rent": 1560, "zip": "03894"}, "carroll-county-03896": {"city": "Carroll County", "rent": 1710, "zip": "03896"}, "carroll-county-03897": {"city": "Carroll County", "rent": 1470, "zip": "03897"}, "cheshire-county-03280": {"city": "Cheshire County", "rent": 1980, "zip": "03280"}, "cheshire-county-03431": {"city": "Cheshire County", "rent": 1990, "zip": "03431"}, "cheshire-county-03441": {"city": "Cheshire County", "rent": 1710, "zip": "03441"}, "cheshire-county-03443": {"city": "Cheshire County", "rent": 1710, "zip": "03443"}, "cheshire-county-03444": {"city": "Cheshire County", "rent": 1860, "zip": "03444"}, "cheshire-county-03445": {"city": "Cheshire County", "rent": 2160, "zip": "03445"}, "cheshire-county-03446": {"city": "Cheshire County", "rent": 2450, "zip": "03446"}, "cheshire-county-03447": {"city": "Cheshire County", "rent": 1680, "zip": "03447"}, "cheshire-county-03448": {"city": "Cheshire County", "rent": 2230, "zip": "03448"}, "cheshire-county-03450": {"city": "Cheshire County", "rent": 2260, "zip": "03450"}, "cheshire-county-03451": {"city": "Cheshire County", "rent": 1700, "zip": "03451"}, "cheshire-county-03452": {"city": "Cheshire County", "rent": 1570, "zip": "03452"}, "cheshire-county-03455": {"city": "Cheshire County", "rent": 2010, "zip": "03455"}, "cheshire-county-03456": {"city": "Cheshire County", "rent": 1860, "zip": "03456"}, "cheshire-county-03457": {"city": "Cheshire County", "rent": 2080, "zip": "03457"}, "cheshire-county-03458": {"city": "Cheshire County", "rent": 1830, "zip": "03458"}, "cheshire-county-03461": {"city": "Cheshire County", "rent": 1670, "zip": "03461"}, "cheshire-county-03462": {"city": "Cheshire County", "rent": 2030, "zip": "03462"}, "cheshire-county-03464": {"city": "Cheshire County", "rent": 1960, "zip": "03464"}, "cheshire-county-03465": {"city": "Cheshire County", "rent": 1780, "zip": "03465"}, "cheshire-county-03466": {"city": "Cheshire County", "rent": 1630, "zip": "03466"}, "cheshire-county-03467": {"city": "Cheshire County", "rent": 1820, "zip": "03467"}, "cheshire-county-03469": {"city": "Cheshire County", "rent": 1930, "zip": "03469"}, "cheshire-county-03470": {"city": "Cheshire County", "rent": 1710, "zip": "03470"}, "cheshire-county-03602": {"city": "Cheshire County", "rent": 1700, "zip": "03602"}, "cheshire-county-03604": {"city": "Cheshire County", "rent": 1930, "zip": "03604"}, "cheshire-county-03608": {"city": "Cheshire County", "rent": 1830, "zip": "03608"}, "cheshire-county-03609": {"city": "Cheshire County", "rent": 1620, "zip": "03609"}, "coos-county-03570": {"city": "Coos County", "rent": 1250, "zip": "03570"}, "coos-county-03574": {"city": "Coos County", "rent": 1540, "zip": "03574"}, "coos-county-03575": {"city": "Coos County", "rent": 1610, "zip": "03575"}, "coos-county-03576": {"city": "Coos County", "rent": 1260, "zip": "03576"}, "coos-county-03579": {"city": "Coos County", "rent": 1430, "zip": "03579"}, "coos-county-03581": {"city": "Coos County", "rent": 1100, "zip": "03581"}, "coos-county-03582": {"city": "Coos County", "rent": 1330, "zip": "03582"}, "coos-county-03583": {"city": "Coos County", "rent": 1200, "zip": "03583"}, "coos-county-03584": {"city": "Coos County", "rent": 1320, "zip": "03584"}, "coos-county-03588": {"city": "Coos County", "rent": 1480, "zip": "03588"}, "coos-county-03589": {"city": "Coos County", "rent": 1290, "zip": "03589"}, "coos-county-03590": {"city": "Coos County", "rent": 1330, "zip": "03590"}, "coos-county-03592": {"city": "Coos County", "rent": 1480, "zip": "03592"}, "coos-county-03593": {"city": "Coos County", "rent": 1930, "zip": "03593"}, "coos-county-03595": {"city": "Coos County", "rent": 1500, "zip": "03595"}, "coos-county-03597": {"city": "Coos County", "rent": 1430, "zip": "03597"}, "coos-county-03598": {"city": "Coos County", "rent": 1430, "zip": "03598"}, "grafton-county-03215": {"city": "Grafton County", "rent": 1750, "zip": "03215"}, "grafton-county-03217": {"city": "Grafton County", "rent": 1710, "zip": "03217"}, "grafton-county-03222": {"city": "Grafton County", "rent": 1890, "zip": "03222"}, "grafton-county-03223": {"city": "Grafton County", "rent": 1930, "zip": "03223"}, "grafton-county-03238": {"city": "Grafton County", "rent": 1690, "zip": "03238"}, "grafton-county-03240": {"city": "Grafton County", "rent": 1810, "zip": "03240"}, "grafton-county-03241": {"city": "Grafton County", "rent": 1810, "zip": "03241"}, "grafton-county-03243": {"city": "Grafton County", "rent": 1830, "zip": "03243"}, "grafton-county-03245": {"city": "Grafton County", "rent": 2610, "zip": "03245"}, "grafton-county-03251": {"city": "Grafton County", "rent": 1890, "zip": "03251"}, "grafton-county-03262": {"city": "Grafton County", "rent": 1710, "zip": "03262"}, "grafton-county-03264": {"city": "Grafton County", "rent": 1920, "zip": "03264"}, "grafton-county-03266": {"city": "Grafton County", "rent": 1400, "zip": "03266"}, "grafton-county-03279": {"city": "Grafton County", "rent": 1700, "zip": "03279"}, "grafton-county-03282": {"city": "Grafton County", "rent": 2310, "zip": "03282"}, "grafton-county-03285": {"city": "Grafton County", "rent": 1930, "zip": "03285"}, "grafton-county-03293": {"city": "Grafton County", "rent": 1740, "zip": "03293"}, "grafton-county-03561": {"city": "Grafton County", "rent": 1370, "zip": "03561"}, "grafton-county-03574": {"city": "Grafton County", "rent": 1540, "zip": "03574"}, "grafton-county-03580": {"city": "Grafton County", "rent": 1520, "zip": "03580"}, "grafton-county-03585": {"city": "Grafton County", "rent": 1600, "zip": "03585"}, "grafton-county-03586": {"city": "Grafton County", "rent": 1420, "zip": "03586"}, "grafton-county-03598": {"city": "Grafton County", "rent": 1430, "zip": "03598"}, "grafton-county-03740": {"city": "Grafton County", "rent": 1560, "zip": "03740"}, "grafton-county-03741": {"city": "Grafton County", "rent": 1690, "zip": "03741"}, "grafton-county-03748": {"city": "Grafton County", "rent": 2170, "zip": "03748"}, "grafton-county-03749": {"city": "Grafton County", "rent": 1910, "zip": "03749"}, "grafton-county-03750": {"city": "Grafton County", "rent": 2600, "zip": "03750"}, "grafton-county-03753": {"city": "Grafton County", "rent": 2170, "zip": "03753"}, "grafton-county-03755": {"city": "Grafton County", "rent": 2690, "zip": "03755"}, "grafton-county-03765": {"city": "Grafton County", "rent": 1730, "zip": "03765"}, "grafton-county-03766": {"city": "Grafton County", "rent": 2650, "zip": "03766"}, "grafton-county-03768": {"city": "Grafton County", "rent": 2190, "zip": "03768"}, "grafton-county-03769": {"city": "Grafton County", "rent": 1910, "zip": "03769"}, "grafton-county-03771": {"city": "Grafton County", "rent": 1380, "zip": "03771"}, "grafton-county-03774": {"city": "Grafton County", "rent": 2140, "zip": "03774"}, "grafton-county-03777": {"city": "Grafton County", "rent": 2000, "zip": "03777"}, "grafton-county-03779": {"city": "Grafton County", "rent": 1700, "zip": "03779"}, "grafton-county-03780": {"city": "Grafton County", "rent": 1880, "zip": "03780"}, "grafton-county-03784": {"city": "Grafton County", "rent": 2340, "zip": "03784"}, "grafton-county-03785": {"city": "Grafton County", "rent": 1660, "zip": "03785"}, "merrimack-county-03034": {"city": "Merrimack County", "rent": 2350, "zip": "03034"}, "merrimack-county-03037": {"city": "Merrimack County", "rent": 2120, "zip": "03037"}, "merrimack-county-03045": {"city": "Merrimack County", "rent": 2140, "zip": "03045"}, "merrimack-county-03046": {"city": "Merrimack County", "rent": 2080, "zip": "03046"}, "merrimack-county-03102": {"city": "Merrimack County", "rent": 1970, "zip": "03102"}, "merrimack-county-03104": {"city": "Merrimack County", "rent": 2020, "zip": "03104"}, "merrimack-county-03106": {"city": "Merrimack County", "rent": 2420, "zip": "03106"}, "merrimack-county-03216": {"city": "Merrimack County", "rent": 1870, "zip": "03216"}, "merrimack-county-03220": {"city": "Merrimack County", "rent": 1620, "zip": "03220"}, "merrimack-county-03221": {"city": "Merrimack County", "rent": 2130, "zip": "03221"}, "merrimack-county-03224": {"city": "Merrimack County", "rent": 1930, "zip": "03224"}, "merrimack-county-03229": {"city": "Merrimack County", "rent": 1860, "zip": "03229"}, "merrimack-county-03230": {"city": "Merrimack County", "rent": 1810, "zip": "03230"}, "merrimack-county-03231": {"city": "Merrimack County", "rent": 1870, "zip": "03231"}, "merrimack-county-03233": {"city": "Merrimack County", "rent": 2320, "zip": "03233"}, "merrimack-county-03234": {"city": "Merrimack County", "rent": 1980, "zip": "03234"}, "merrimack-county-03235": {"city": "Merrimack County", "rent": 1700, "zip": "03235"}, "merrimack-county-03237": {"city": "Merrimack County", "rent": 1860, "zip": "03237"}, "merrimack-county-03242": {"city": "Merrimack County", "rent": 1680, "zip": "03242"}, "merrimack-county-03243": {"city": "Merrimack County", "rent": 1830, "zip": "03243"}, "merrimack-county-03244": {"city": "Merrimack County", "rent": 1700, "zip": "03244"}, "merrimack-county-03255": {"city": "Merrimack County", "rent": 2250, "zip": "03255"}, "merrimack-county-03257": {"city": "Merrimack County", "rent": 2460, "zip": "03257"}, "merrimack-county-03258": {"city": "Merrimack County", "rent": 2710, "zip": "03258"}, "merrimack-county-03260": {"city": "Merrimack County", "rent": 2150, "zip": "03260"}, "merrimack-county-03261": {"city": "Merrimack County", "rent": 1820, "zip": "03261"}, "merrimack-county-03263": {"city": "Merrimack County", "rent": 1690, "zip": "03263"}, "merrimack-county-03268": {"city": "Merrimack County", "rent": 1870, "zip": "03268"}, "merrimack-county-03272": {"city": "Merrimack County", "rent": 1970, "zip": "03272"}, "merrimack-county-03273": {"city": "Merrimack County", "rent": 1980, "zip": "03273"}, "merrimack-county-03275": {"city": "Merrimack County", "rent": 1960, "zip": "03275"}, "merrimack-county-03276": {"city": "Merrimack County", "rent": 1670, "zip": "03276"}, "merrimack-county-03278": {"city": "Merrimack County", "rent": 1830, "zip": "03278"}, "merrimack-county-03280": {"city": "Merrimack County", "rent": 1980, "zip": "03280"}, "merrimack-county-03287": {"city": "Merrimack County", "rent": 1890, "zip": "03287"}, "merrimack-county-03301": {"city": "Merrimack County", "rent": 2040, "zip": "03301"}, "merrimack-county-03302": {"city": "Merrimack County", "rent": 1970, "zip": "03302"}, "merrimack-county-03303": {"city": "Merrimack County", "rent": 2100, "zip": "03303"}, "merrimack-county-03304": {"city": "Merrimack County", "rent": 2370, "zip": "03304"}, "merrimack-county-03305": {"city": "Merrimack County", "rent": 1970, "zip": "03305"}, "merrimack-county-03307": {"city": "Merrimack County", "rent": 2000, "zip": "03307"}, "merrimack-county-03782": {"city": "Merrimack County", "rent": 2350, "zip": "03782"}, "sullivan-county-03244": {"city": "Sullivan County", "rent": 1700, "zip": "03244"}, "sullivan-county-03257": {"city": "Sullivan County", "rent": 2460, "zip": "03257"}, "sullivan-county-03280": {"city": "Sullivan County", "rent": 1980, "zip": "03280"}, "sullivan-county-03284": {"city": "Sullivan County", "rent": 2050, "zip": "03284"}, "sullivan-county-03601": {"city": "Sullivan County", "rent": 1730, "zip": "03601"}, "sullivan-county-03602": {"city": "Sullivan County", "rent": 1700, "zip": "03602"}, "sullivan-county-03603": {"city": "Sullivan County", "rent": 1710, "zip": "03603"}, "sullivan-county-03605": {"city": "Sullivan County", "rent": 2040, "zip": "03605"}, "sullivan-county-03607": {"city": "Sullivan County", "rent": 1750, "zip": "03607"}, "sullivan-county-03608": {"city": "Sullivan County", "rent": 1830, "zip": "03608"}, "sullivan-county-03743": {"city": "Sullivan County", "rent": 1640, "zip": "03743"}, "sullivan-county-03745": {"city": "Sullivan County", "rent": 2230, "zip": "03745"}, "sullivan-county-03746": {"city": "Sullivan County", "rent": 1750, "zip": "03746"}, "sullivan-county-03748": {"city": "Sullivan County", "rent": 2170, "zip": "03748"}, "sullivan-county-03751": {"city": "Sullivan County", "rent": 2310, "zip": "03751"}, "sullivan-county-03752": {"city": "Sullivan County", "rent": 2390, "zip": "03752"}, "sullivan-county-03753": {"city": "Sullivan County", "rent": 2170, "zip": "03753"}, "sullivan-county-03754": {"city": "Sullivan County", "rent": 1750, "zip": "03754"}, "sullivan-county-03770": {"city": "Sullivan County", "rent": 2420, "zip": "03770"}, "sullivan-county-03773": {"city": "Sullivan County", "rent": 1930, "zip": "03773"}, "sullivan-county-03781": {"city": "Sullivan County", "rent": 2450, "zip": "03781"}, "sullivan-county-03782": {"city": "Sullivan County", "rent": 2350, "zip": "03782"}}