{"warren-county-07820": {"city": "Warren County", "rent": 1900, "zip": "07820"}, "warren-county-07821": {"city": "Warren County", "rent": 2260, "zip": "07821"}, "warren-county-07823": {"city": "Warren County", "rent": 1520, "zip": "07823"}, "warren-county-07825": {"city": "Warren County", "rent": 2070, "zip": "07825"}, "warren-county-07828": {"city": "Warren County", "rent": 2010, "zip": "07828"}, "warren-county-07831": {"city": "Warren County", "rent": 1960, "zip": "07831"}, "warren-county-07832": {"city": "Warren County", "rent": 2210, "zip": "07832"}, "warren-county-07833": {"city": "Warren County", "rent": 1910, "zip": "07833"}, "warren-county-07838": {"city": "Warren County", "rent": 2600, "zip": "07838"}, "warren-county-07840": {"city": "Warren County", "rent": 2000, "zip": "07840"}, "warren-county-07844": {"city": "Warren County", "rent": 1660, "zip": "07844"}, "warren-county-07846": {"city": "Warren County", "rent": 2050, "zip": "07846"}, "warren-county-07860": {"city": "Warren County", "rent": 1970, "zip": "07860"}, "warren-county-07863": {"city": "Warren County", "rent": 2090, "zip": "07863"}, "warren-county-07865": {"city": "Warren County", "rent": 2830, "zip": "07865"}, "warren-county-07874": {"city": "Warren County", "rent": 2510, "zip": "07874"}, "warren-county-07880": {"city": "Warren County", "rent": 2310, "zip": "07880"}, "warren-county-07882": {"city": "Warren County", "rent": 1960, "zip": "07882"}, "warren-county-08802": {"city": "Warren County", "rent": 3050, "zip": "08802"}, "warren-county-08804": {"city": "Warren County", "rent": 2560, "zip": "08804"}, "warren-county-08827": {"city": "Warren County", "rent": 2100, "zip": "08827"}, "warren-county-08848": {"city": "Warren County", "rent": 2170, "zip": "08848"}, "warren-county-08865": {"city": "Warren County", "rent": 1810, "zip": "08865"}, "warren-county-08886": {"city": "Warren County", "rent": 2560, "zip": "08886"}, "atlantic-city-hammonton-08037": {"city": "Atlantic City-Hammonton", "rent": 1780, "zip": "08037"}, "atlantic-city-hammonton-08094": {"city": "Atlantic City-Hammonton", "rent": 1840, "zip": "08094"}, "atlantic-city-hammonton-08201": {"city": "Atlantic City-Hammonton", "rent": 2300, "zip": "08201"}, "atlantic-city-hammonton-08203": {"city": "Atlantic City-Hammonton", "rent": 2000, "zip": "08203"}, "atlantic-city-hammonton-08205": {"city": "Atlantic City-Hammonton", "rent": 2120, "zip": "08205"}, "atlantic-city-hammonton-08213": {"city": "Atlantic City-Hammonton", "rent": 1870, "zip": "08213"}, "atlantic-city-hammonton-08215": {"city": "Atlantic City-Hammonton", "rent": 2200, "zip": "08215"}, "atlantic-city-hammonton-08217": {"city": "Atlantic City-Hammonton", "rent": 1870, "zip": "08217"}, "atlantic-city-hammonton-08220": {"city": "Atlantic City-Hammonton", "rent": 1870, "zip": "08220"}, "atlantic-city-hammonton-08221": {"city": "Atlantic City-Hammonton", "rent": 2760, "zip": "08221"}, "atlantic-city-hammonton-08225": {"city": "Atlantic City-Hammonton", "rent": 2110, "zip": "08225"}, "atlantic-city-hammonton-08231": {"city": "Atlantic City-Hammonton", "rent": 1870, "zip": "08231"}, "atlantic-city-hammonton-08232": {"city": "Atlantic City-Hammonton", "rent": 1680, "zip": "08232"}, "atlantic-city-hammonton-08234": {"city": "Atlantic City-Hammonton", "rent": 2040, "zip": "08234"}, "atlantic-city-hammonton-08240": {"city": "Atlantic City-Hammonton", "rent": 2140, "zip": "08240"}, "atlantic-city-hammonton-08241": {"city": "Atlantic City-Hammonton", "rent": 2190, "zip": "08241"}, "atlantic-city-hammonton-08244": {"city": "Atlantic City-Hammonton", "rent": 1760, "zip": "08244"}, "atlantic-city-hammonton-08270": {"city": "Atlantic City-Hammonton", "rent": 1570, "zip": "08270"}, "atlantic-city-hammonton-08310": {"city": "Atlantic City-Hammonton", "rent": 1550, "zip": "08310"}, "atlantic-city-hammonton-08317": {"city": "Atlantic City-Hammonton", "rent": 1960, "zip": "08317"}, "atlantic-city-hammonton-08319": {"city": "Atlantic City-Hammonton", "rent": 1660, "zip": "08319"}, "atlantic-city-hammonton-08326": {"city": "Atlantic City-Hammonton", "rent": 2410, "zip": "08326"}, "atlantic-city-hammonton-08330": {"city": "Atlantic City-Hammonton", "rent": 2140, "zip": "08330"}, "atlantic-city-hammonton-08340": {"city": "Atlantic City-Hammonton", "rent": 1660, "zip": "08340"}, "atlantic-city-hammonton-08341": {"city": "Atlantic City-Hammonton", "rent": 1550, "zip": "08341"}, "atlantic-city-hammonton-08342": {"city": "Atlantic City-Hammonton", "rent": 1870, "zip": "08342"}, "atlantic-city-hammonton-08344": {"city": "Atlantic City-Hammonton", "rent": 1900, "zip": "08344"}, "atlantic-city-hammonton-08346": {"city": "Atlantic City-Hammonton", "rent": 1950, "zip": "08346"}, "atlantic-city-hammonton-08350": {"city": "Atlantic City-Hammonton", "rent": 1670, "zip": "08350"}, "atlantic-city-hammonton-08360": {"city": "Atlantic City-Hammonton", "rent": 1590, "zip": "08360"}, "atlantic-city-hammonton-08361": {"city": "Atlantic City-Hammonton", "rent": 1830, "zip": "08361"}, "atlantic-city-hammonton-08401": {"city": "Atlantic City-Hammonton", "rent": 1620, "zip": "08401"}, "atlantic-city-hammonton-08402": {"city": "Atlantic City-Hammonton", "rent": 2120, "zip": "08402"}, "atlantic-city-hammonton-08403": {"city": "Atlantic City-Hammonton", "rent": 2800, "zip": "08403"}, "atlantic-city-hammonton-08404": {"city": "Atlantic City-Hammonton", "rent": 1870, "zip": "08404"}, "atlantic-city-hammonton-08406": {"city": "Atlantic City-Hammonton", "rent": 2090, "zip": "08406"}, "cape-may-county-08202": {"city": "Cape May County", "rent": 1990, "zip": "08202"}, "cape-may-county-08204": {"city": "Cape May County", "rent": 1630, "zip": "08204"}, "cape-may-county-08210": {"city": "Cape May County", "rent": 1970, "zip": "08210"}, "cape-may-county-08212": {"city": "Cape May County", "rent": 1630, "zip": "08212"}, "cape-may-county-08214": {"city": "Cape May County", "rent": 1790, "zip": "08214"}, "cape-may-county-08218": {"city": "Cape May County", "rent": 1790, "zip": "08218"}, "cape-may-county-08219": {"city": "Cape May County", "rent": 1790, "zip": "08219"}, "cape-may-county-08223": {"city": "Cape May County", "rent": 2160, "zip": "08223"}, "cape-may-county-08226": {"city": "Cape May County", "rent": 2130, "zip": "08226"}, "cape-may-county-08230": {"city": "Cape May County", "rent": 2320, "zip": "08230"}, "cape-may-county-08242": {"city": "Cape May County", "rent": 1750, "zip": "08242"}, "cape-may-county-08243": {"city": "Cape May County", "rent": 2210, "zip": "08243"}, "cape-may-county-08245": {"city": "Cape May County", "rent": 1970, "zip": "08245"}, "cape-may-county-08246": {"city": "Cape May County", "rent": 1970, "zip": "08246"}, "cape-may-county-08247": {"city": "Cape May County", "rent": 2030, "zip": "08247"}, "cape-may-county-08248": {"city": "Cape May County", "rent": 2280, "zip": "08248"}, "cape-may-county-08250": {"city": "Cape May County", "rent": 1790, "zip": "08250"}, "cape-may-county-08251": {"city": "Cape May County", "rent": 1960, "zip": "08251"}, "cape-may-county-08252": {"city": "Cape May County", "rent": 1790, "zip": "08252"}, "cape-may-county-08260": {"city": "Cape May County", "rent": 1610, "zip": "08260"}, "cape-may-county-08270": {"city": "Cape May County", "rent": 1570, "zip": "08270"}, "bergen-passaic-07006": {"city": "Bergen-Passaic", "rent": 2670, "zip": "07006"}, "bergen-passaic-07009": {"city": "Bergen-Passaic", "rent": 2450, "zip": "07009"}, "bergen-passaic-07010": {"city": "Bergen-Passaic", "rent": 2400, "zip": "07010"}, "bergen-passaic-07011": {"city": "Bergen-Passaic", "rent": 2250, "zip": "07011"}, "bergen-passaic-07012": {"city": "Bergen-Passaic", "rent": 2260, "zip": "07012"}, "bergen-passaic-07013": {"city": "Bergen-Passaic", "rent": 2360, "zip": "07013"}, "bergen-passaic-07014": {"city": "Bergen-Passaic", "rent": 2620, "zip": "07014"}, "bergen-passaic-07015": {"city": "Bergen-Passaic", "rent": 2110, "zip": "07015"}, "bergen-passaic-07020": {"city": "Bergen-Passaic", "rent": 3490, "zip": "07020"}, "bergen-passaic-07022": {"city": "Bergen-Passaic", "rent": 2150, "zip": "07022"}, "bergen-passaic-07024": {"city": "Bergen-Passaic", "rent": 3310, "zip": "07024"}, "bergen-passaic-07026": {"city": "Bergen-Passaic", "rent": 2130, "zip": "07026"}, "bergen-passaic-07031": {"city": "Bergen-Passaic", "rent": 2240, "zip": "07031"}, "bergen-passaic-07032": {"city": "Bergen-Passaic", "rent": 2510, "zip": "07032"}, "bergen-passaic-07043": {"city": "Bergen-Passaic", "rent": 3310, "zip": "07043"}, "bergen-passaic-07047": {"city": "Bergen-Passaic", "rent": 2970, "zip": "07047"}, "bergen-passaic-07055": {"city": "Bergen-Passaic", "rent": 1890, "zip": "07055"}, "bergen-passaic-07057": {"city": "Bergen-Passaic", "rent": 2000, "zip": "07057"}, "bergen-passaic-07070": {"city": "Bergen-Passaic", "rent": 2390, "zip": "07070"}, "bergen-passaic-07071": {"city": "Bergen-Passaic", "rent": 2290, "zip": "07071"}, "bergen-passaic-07072": {"city": "Bergen-Passaic", "rent": 2170, "zip": "07072"}, "bergen-passaic-07073": {"city": "Bergen-Passaic", "rent": 2410, "zip": "07073"}, "bergen-passaic-07074": {"city": "Bergen-Passaic", "rent": 1490, "zip": "07074"}, "bergen-passaic-07075": {"city": "Bergen-Passaic", "rent": 2500, "zip": "07075"}, "bergen-passaic-07110": {"city": "Bergen-Passaic", "rent": 2280, "zip": "07110"}, "bergen-passaic-07401": {"city": "Bergen-Passaic", "rent": 3490, "zip": "07401"}, "bergen-passaic-07403": {"city": "Bergen-Passaic", "rent": 2480, "zip": "07403"}, "bergen-passaic-07407": {"city": "Bergen-Passaic", "rent": 2690, "zip": "07407"}, "bergen-passaic-07410": {"city": "Bergen-Passaic", "rent": 2620, "zip": "07410"}, "bergen-passaic-07417": {"city": "Bergen-Passaic", "rent": 3490, "zip": "07417"}, "bergen-passaic-07420": {"city": "Bergen-Passaic", "rent": 2430, "zip": "07420"}, "bergen-passaic-07421": {"city": "Bergen-Passaic", "rent": 3020, "zip": "07421"}, "bergen-passaic-07423": {"city": "Bergen-Passaic", "rent": 3410, "zip": "07423"}, "bergen-passaic-07424": {"city": "Bergen-Passaic", "rent": 2310, "zip": "07424"}, "bergen-passaic-07430": {"city": "Bergen-Passaic", "rent": 3030, "zip": "07430"}, "bergen-passaic-07432": {"city": "Bergen-Passaic", "rent": 2430, "zip": "07432"}, "bergen-passaic-07435": {"city": "Bergen-Passaic", "rent": 2240, "zip": "07435"}, "bergen-passaic-07436": {"city": "Bergen-Passaic", "rent": 2340, "zip": "07436"}, "bergen-passaic-07438": {"city": "Bergen-Passaic", "rent": 2290, "zip": "07438"}, "bergen-passaic-07442": {"city": "Bergen-Passaic", "rent": 2370, "zip": "07442"}, "bergen-passaic-07446": {"city": "Bergen-Passaic", "rent": 2910, "zip": "07446"}, "bergen-passaic-07450": {"city": "Bergen-Passaic", "rent": 3250, "zip": "07450"}, "bergen-passaic-07451": {"city": "Bergen-Passaic", "rent": 2480, "zip": "07451"}, "bergen-passaic-07452": {"city": "Bergen-Passaic", "rent": 2640, "zip": "07452"}, "bergen-passaic-07456": {"city": "Bergen-Passaic", "rent": 2860, "zip": "07456"}, "bergen-passaic-07458": {"city": "Bergen-Passaic", "rent": 3000, "zip": "07458"}, "bergen-passaic-07460": {"city": "Bergen-Passaic", "rent": 3220, "zip": "07460"}, "bergen-passaic-07463": {"city": "Bergen-Passaic", "rent": 3090, "zip": "07463"}, "bergen-passaic-07465": {"city": "Bergen-Passaic", "rent": 2900, "zip": "07465"}, "bergen-passaic-07470": {"city": "Bergen-Passaic", "rent": 2660, "zip": "07470"}, "bergen-passaic-07474": {"city": "Bergen-Passaic", "rent": 2110, "zip": "07474"}, "bergen-passaic-07480": {"city": "Bergen-Passaic", "rent": 2020, "zip": "07480"}, "bergen-passaic-07481": {"city": "Bergen-Passaic", "rent": 3200, "zip": "07481"}, "bergen-passaic-07495": {"city": "Bergen-Passaic", "rent": 2480, "zip": "07495"}, "bergen-passaic-07501": {"city": "Bergen-Passaic", "rent": 1900, "zip": "07501"}, "bergen-passaic-07502": {"city": "Bergen-Passaic", "rent": 1990, "zip": "07502"}, "bergen-passaic-07503": {"city": "Bergen-Passaic", "rent": 2120, "zip": "07503"}, "bergen-passaic-07504": {"city": "Bergen-Passaic", "rent": 1990, "zip": "07504"}, "bergen-passaic-07505": {"city": "Bergen-Passaic", "rent": 1620, "zip": "07505"}, "bergen-passaic-07506": {"city": "Bergen-Passaic", "rent": 2360, "zip": "07506"}, "bergen-passaic-07507": {"city": "Bergen-Passaic", "rent": 2110, "zip": "07507"}, "bergen-passaic-07508": {"city": "Bergen-Passaic", "rent": 2300, "zip": "07508"}, "bergen-passaic-07509": {"city": "Bergen-Passaic", "rent": 2110, "zip": "07509"}, "bergen-passaic-07511": {"city": "Bergen-Passaic", "rent": 2110, "zip": "07511"}, "bergen-passaic-07512": {"city": "Bergen-Passaic", "rent": 2220, "zip": "07512"}, "bergen-passaic-07513": {"city": "Bergen-Passaic", "rent": 2130, "zip": "07513"}, "bergen-passaic-07514": {"city": "Bergen-Passaic", "rent": 1980, "zip": "07514"}, "bergen-passaic-07522": {"city": "Bergen-Passaic", "rent": 1970, "zip": "07522"}, "bergen-passaic-07524": {"city": "Bergen-Passaic", "rent": 1960, "zip": "07524"}, "bergen-passaic-07538": {"city": "Bergen-Passaic", "rent": 2110, "zip": "07538"}, "bergen-passaic-07543": {"city": "Bergen-Passaic", "rent": 2110, "zip": "07543"}, "bergen-passaic-07544": {"city": "Bergen-Passaic", "rent": 2110, "zip": "07544"}, "bergen-passaic-07601": {"city": "Bergen-Passaic", "rent": 2500, "zip": "07601"}, "bergen-passaic-07602": {"city": "Bergen-Passaic", "rent": 2480, "zip": "07602"}, "bergen-passaic-07603": {"city": "Bergen-Passaic", "rent": 2380, "zip": "07603"}, "bergen-passaic-07604": {"city": "Bergen-Passaic", "rent": 2210, "zip": "07604"}, "bergen-passaic-07605": {"city": "Bergen-Passaic", "rent": 2660, "zip": "07605"}, "bergen-passaic-07606": {"city": "Bergen-Passaic", "rent": 2520, "zip": "07606"}, "bergen-passaic-07607": {"city": "Bergen-Passaic", "rent": 2680, "zip": "07607"}, "bergen-passaic-07608": {"city": "Bergen-Passaic", "rent": 2470, "zip": "07608"}, "bergen-passaic-07620": {"city": "Bergen-Passaic", "rent": 3280, "zip": "07620"}, "bergen-passaic-07621": {"city": "Bergen-Passaic", "rent": 2290, "zip": "07621"}, "bergen-passaic-07624": {"city": "Bergen-Passaic", "rent": 3490, "zip": "07624"}, "bergen-passaic-07626": {"city": "Bergen-Passaic", "rent": 3270, "zip": "07626"}, "bergen-passaic-07627": {"city": "Bergen-Passaic", "rent": 3350, "zip": "07627"}, "bergen-passaic-07628": {"city": "Bergen-Passaic", "rent": 2360, "zip": "07628"}, "bergen-passaic-07630": {"city": "Bergen-Passaic", "rent": 2770, "zip": "07630"}, "bergen-passaic-07631": {"city": "Bergen-Passaic", "rent": 2620, "zip": "07631"}, "bergen-passaic-07632": {"city": "Bergen-Passaic", "rent": 3050, "zip": "07632"}, "bergen-passaic-07640": {"city": "Bergen-Passaic", "rent": 3200, "zip": "07640"}, "bergen-passaic-07641": {"city": "Bergen-Passaic", "rent": 2850, "zip": "07641"}, "bergen-passaic-07642": {"city": "Bergen-Passaic", "rent": 2310, "zip": "07642"}, "bergen-passaic-07643": {"city": "Bergen-Passaic", "rent": 2280, "zip": "07643"}, "bergen-passaic-07644": {"city": "Bergen-Passaic", "rent": 2200, "zip": "07644"}, "bergen-passaic-07645": {"city": "Bergen-Passaic", "rent": 2840, "zip": "07645"}, "bergen-passaic-07646": {"city": "Bergen-Passaic", "rent": 2240, "zip": "07646"}, "bergen-passaic-07647": {"city": "Bergen-Passaic", "rent": 2500, "zip": "07647"}, "bergen-passaic-07648": {"city": "Bergen-Passaic", "rent": 2910, "zip": "07648"}, "bergen-passaic-07649": {"city": "Bergen-Passaic", "rent": 2720, "zip": "07649"}, "bergen-passaic-07650": {"city": "Bergen-Passaic", "rent": 2590, "zip": "07650"}, "bergen-passaic-07652": {"city": "Bergen-Passaic", "rent": 3490, "zip": "07652"}, "bergen-passaic-07653": {"city": "Bergen-Passaic", "rent": 2480, "zip": "07653"}, "bergen-passaic-07656": {"city": "Bergen-Passaic", "rent": 2630, "zip": "07656"}, "bergen-passaic-07657": {"city": "Bergen-Passaic", "rent": 2540, "zip": "07657"}, "bergen-passaic-07660": {"city": "Bergen-Passaic", "rent": 2160, "zip": "07660"}, "bergen-passaic-07661": {"city": "Bergen-Passaic", "rent": 2460, "zip": "07661"}, "bergen-passaic-07662": {"city": "Bergen-Passaic", "rent": 2350, "zip": "07662"}, "bergen-passaic-07663": {"city": "Bergen-Passaic", "rent": 2650, "zip": "07663"}, "bergen-passaic-07666": {"city": "Bergen-Passaic", "rent": 2400, "zip": "07666"}, "bergen-passaic-07670": {"city": "Bergen-Passaic", "rent": 3490, "zip": "07670"}, "bergen-passaic-07675": {"city": "Bergen-Passaic", "rent": 3030, "zip": "07675"}, "bergen-passaic-07676": {"city": "Bergen-Passaic", "rent": 2990, "zip": "07676"}, "bergen-passaic-07677": {"city": "Bergen-Passaic", "rent": 3000, "zip": "07677"}, "bergen-passaic-07699": {"city": "Bergen-Passaic", "rent": 2480, "zip": "07699"}, "jersey-city-07002": {"city": "Jersey City", "rent": 2430, "zip": "07002"}, "jersey-city-07029": {"city": "Jersey City", "rent": 2640, "zip": "07029"}, "jersey-city-07030": {"city": "Jersey City", "rent": 4140, "zip": "07030"}, "jersey-city-07031": {"city": "Jersey City", "rent": 2240, "zip": "07031"}, "jersey-city-07032": {"city": "Jersey City", "rent": 2510, "zip": "07032"}, "jersey-city-07047": {"city": "Jersey City", "rent": 2970, "zip": "07047"}, "jersey-city-07086": {"city": "Jersey City", "rent": 3760, "zip": "07086"}, "jersey-city-07087": {"city": "Jersey City", "rent": 2380, "zip": "07087"}, "jersey-city-07093": {"city": "Jersey City", "rent": 2490, "zip": "07093"}, "jersey-city-07094": {"city": "Jersey City", "rent": 3450, "zip": "07094"}, "jersey-city-07096": {"city": "Jersey City", "rent": 2760, "zip": "07096"}, "jersey-city-07097": {"city": "Jersey City", "rent": 2760, "zip": "07097"}, "jersey-city-07099": {"city": "Jersey City", "rent": 2760, "zip": "07099"}, "jersey-city-07302": {"city": "Jersey City", "rent": 4140, "zip": "07302"}, "jersey-city-07303": {"city": "Jersey City", "rent": 2760, "zip": "07303"}, "jersey-city-07304": {"city": "Jersey City", "rent": 2460, "zip": "07304"}, "jersey-city-07305": {"city": "Jersey City", "rent": 2340, "zip": "07305"}, "jersey-city-07306": {"city": "Jersey City", "rent": 2530, "zip": "07306"}, "jersey-city-07307": {"city": "Jersey City", "rent": 2720, "zip": "07307"}, "jersey-city-07310": {"city": "Jersey City", "rent": 4140, "zip": "07310"}, "jersey-city-07311": {"city": "Jersey City", "rent": 4140, "zip": "07311"}, "middlesex-somerset-hunterdon-07001": {"city": "Middlesex-Somerset-Hunterdon", "rent": 2540, "zip": "07001"}, "middlesex-somerset-hunterdon-07008": {"city": "Middlesex-Somerset-Hunterdon", "rent": 2690, "zip": "07008"}, "middlesex-somerset-hunterdon-07059": {"city": "Middlesex-Somerset-Hunterdon", "rent": 2850, "zip": "07059"}, "middlesex-somerset-hunterdon-07060": {"city": "Middlesex-Somerset-Hunterdon", "rent": 2260, "zip": "07060"}, "middlesex-somerset-hunterdon-07062": {"city": "Middlesex-Somerset-Hunterdon", "rent": 2340, "zip": "07062"}, "middlesex-somerset-hunterdon-07063": {"city": "Middlesex-Somerset-Hunterdon", "rent": 2370, "zip": "07063"}, "middlesex-somerset-hunterdon-07064": {"city": "Middlesex-Somerset-Hunterdon", "rent": 2470, "zip": "07064"}, "middlesex-somerset-hunterdon-07065": {"city": "Middlesex-Somerset-Hunterdon", "rent": 2360, "zip": "07065"}, "middlesex-somerset-hunterdon-07067": {"city": "Middlesex-Somerset-Hunterdon", "rent": 2600, "zip": "07067"}, "middlesex-somerset-hunterdon-07069": {"city": "Middlesex-Somerset-Hunterdon", "rent": 3340, "zip": "07069"}, "middlesex-somerset-hunterdon-07077": {"city": "Middlesex-Somerset-Hunterdon", "rent": 1970, "zip": "07077"}, "middlesex-somerset-hunterdon-07080": {"city": "Middlesex-Somerset-Hunterdon", "rent": 2590, "zip": "07080"}, "middlesex-somerset-hunterdon-07095": {"city": "Middlesex-Somerset-Hunterdon", "rent": 2810, "zip": "07095"}, "middlesex-somerset-hunterdon-07721": {"city": "Middlesex-Somerset-Hunterdon", "rent": 2570, "zip": "07721"}, "middlesex-somerset-hunterdon-07726": {"city": "Middlesex-Somerset-Hunterdon", "rent": 2470, "zip": "07726"}, "middlesex-somerset-hunterdon-07735": {"city": "Middlesex-Somerset-Hunterdon", "rent": 2050, "zip": "07735"}, "middlesex-somerset-hunterdon-07747": {"city": "Middlesex-Somerset-Hunterdon", "rent": 2590, "zip": "07747"}, "middlesex-somerset-hunterdon-07751": {"city": "Middlesex-Somerset-Hunterdon", "rent": 3380, "zip": "07751"}, "middlesex-somerset-hunterdon-07830": {"city": "Middlesex-Somerset-Hunterdon", "rent": 2090, "zip": "07830"}, "middlesex-somerset-hunterdon-07831": {"city": "Middlesex-Somerset-Hunterdon", "rent": 1960, "zip": "07831"}, "middlesex-somerset-hunterdon-07865": {"city": "Middlesex-Somerset-Hunterdon", "rent": 2830, "zip": "07865"}, "middlesex-somerset-hunterdon-07882": {"city": "Middlesex-Somerset-Hunterdon", "rent": 1960, "zip": "07882"}, "middlesex-somerset-hunterdon-07920": {"city": "Middlesex-Somerset-Hunterdon", "rent": 3250, "zip": "07920"}, "middlesex-somerset-hunterdon-07921": {"city": "Middlesex-Somerset-Hunterdon", "rent": 3000, "zip": "07921"}, "middlesex-somerset-hunterdon-07922": {"city": "Middlesex-Somerset-Hunterdon", "rent": 2950, "zip": "07922"}, "middlesex-somerset-hunterdon-07924": {"city": "Middlesex-Somerset-Hunterdon", "rent": 2790, "zip": "07924"}, "middlesex-somerset-hunterdon-07931": {"city": "Middlesex-Somerset-Hunterdon", "rent": 2810, "zip": "07931"}, "middlesex-somerset-hunterdon-07934": {"city": "Middlesex-Somerset-Hunterdon", "rent": 2530, "zip": "07934"}, "middlesex-somerset-hunterdon-07938": {"city": "Middlesex-Somerset-Hunterdon", "rent": 2590, "zip": "07938"}, "middlesex-somerset-hunterdon-07939": {"city": "Middlesex-Somerset-Hunterdon", "rent": 3250, "zip": "07939"}, "middlesex-somerset-hunterdon-07977": {"city": "Middlesex-Somerset-Hunterdon", "rent": 2530, "zip": "07977"}, "middlesex-somerset-hunterdon-07978": {"city": "Middlesex-Somerset-Hunterdon", "rent": 2590, "zip": "07978"}, "middlesex-somerset-hunterdon-07979": {"city": "Middlesex-Somerset-Hunterdon", "rent": 2130, "zip": "07979"}, "middlesex-somerset-hunterdon-08502": {"city": "Middlesex-Somerset-Hunterdon", "rent": 3290, "zip": "08502"}, "middlesex-somerset-hunterdon-08504": {"city": "Middlesex-Somerset-Hunterdon", "rent": 2590, "zip": "08504"}, "middlesex-somerset-hunterdon-08512": {"city": "Middlesex-Somerset-Hunterdon", "rent": 2090, "zip": "08512"}, "middlesex-somerset-hunterdon-08520": {"city": "Middlesex-Somerset-Hunterdon", "rent": 1990, "zip": "08520"}, "middlesex-somerset-hunterdon-08525": {"city": "Middlesex-Somerset-Hunterdon", "rent": 2290, "zip": "08525"}, "middlesex-somerset-hunterdon-08528": {"city": "Middlesex-Somerset-Hunterdon", "rent": 2630, "zip": "08528"}, "middlesex-somerset-hunterdon-08530": {"city": "Middlesex-Somerset-Hunterdon", "rent": 2370, "zip": "08530"}, "middlesex-somerset-hunterdon-08536": {"city": "Middlesex-Somerset-Hunterdon", "rent": 2560, "zip": "08536"}, "middlesex-somerset-hunterdon-08540": {"city": "Middlesex-Somerset-Hunterdon", "rent": 2630, "zip": "08540"}, "middlesex-somerset-hunterdon-08551": {"city": "Middlesex-Somerset-Hunterdon", "rent": 3070, "zip": "08551"}, "middlesex-somerset-hunterdon-08553": {"city": "Middlesex-Somerset-Hunterdon", "rent": 2240, "zip": "08553"}, "middlesex-somerset-hunterdon-08556": {"city": "Middlesex-Somerset-Hunterdon", "rent": 2320, "zip": "08556"}, "middlesex-somerset-hunterdon-08557": {"city": "Middlesex-Somerset-Hunterdon", "rent": 2320, "zip": "08557"}, "middlesex-somerset-hunterdon-08558": {"city": "Middlesex-Somerset-Hunterdon", "rent": 2530, "zip": "08558"}, "middlesex-somerset-hunterdon-08559": {"city": "Middlesex-Somerset-Hunterdon", "rent": 2240, "zip": "08559"}, "middlesex-somerset-hunterdon-08560": {"city": "Middlesex-Somerset-Hunterdon", "rent": 2930, "zip": "08560"}, "middlesex-somerset-hunterdon-08801": {"city": "Middlesex-Somerset-Hunterdon", "rent": 3010, "zip": "08801"}, "middlesex-somerset-hunterdon-08802": {"city": "Middlesex-Somerset-Hunterdon", "rent": 3050, "zip": "08802"}, "middlesex-somerset-hunterdon-08804": {"city": "Middlesex-Somerset-Hunterdon", "rent": 2560, "zip": "08804"}, "middlesex-somerset-hunterdon-08805": {"city": "Middlesex-Somerset-Hunterdon", "rent": 2400, "zip": "08805"}, "middlesex-somerset-hunterdon-08807": {"city": "Middlesex-Somerset-Hunterdon", "rent": 2720, "zip": "08807"}, "middlesex-somerset-hunterdon-08809": {"city": "Middlesex-Somerset-Hunterdon", "rent": 2330, "zip": "08809"}, "middlesex-somerset-hunterdon-08810": {"city": "Middlesex-Somerset-Hunterdon", "rent": 2710, "zip": "08810"}, "middlesex-somerset-hunterdon-08812": {"city": "Middlesex-Somerset-Hunterdon", "rent": 2480, "zip": "08812"}, "middlesex-somerset-hunterdon-08816": {"city": "Middlesex-Somerset-Hunterdon", "rent": 2760, "zip": "08816"}, "middlesex-somerset-hunterdon-08817": {"city": "Middlesex-Somerset-Hunterdon", "rent": 2560, "zip": "08817"}, "middlesex-somerset-hunterdon-08818": {"city": "Middlesex-Somerset-Hunterdon", "rent": 2470, "zip": "08818"}, "middlesex-somerset-hunterdon-08820": {"city": "Middlesex-Somerset-Hunterdon", "rent": 2710, "zip": "08820"}, "middlesex-somerset-hunterdon-08821": {"city": "Middlesex-Somerset-Hunterdon", "rent": 2880, "zip": "08821"}, "middlesex-somerset-hunterdon-08822": {"city": "Middlesex-Somerset-Hunterdon", "rent": 2240, "zip": "08822"}, "middlesex-somerset-hunterdon-08823": {"city": "Middlesex-Somerset-Hunterdon", "rent": 3000, "zip": "08823"}, "middlesex-somerset-hunterdon-08824": {"city": "Middlesex-Somerset-Hunterdon", "rent": 2970, "zip": "08824"}, "middlesex-somerset-hunterdon-08825": {"city": "Middlesex-Somerset-Hunterdon", "rent": 2280, "zip": "08825"}, "middlesex-somerset-hunterdon-08826": {"city": "Middlesex-Somerset-Hunterdon", "rent": 2010, "zip": "08826"}, "middlesex-somerset-hunterdon-08827": {"city": "Middlesex-Somerset-Hunterdon", "rent": 2100, "zip": "08827"}, "middlesex-somerset-hunterdon-08828": {"city": "Middlesex-Somerset-Hunterdon", "rent": 2640, "zip": "08828"}, "middlesex-somerset-hunterdon-08829": {"city": "Middlesex-Somerset-Hunterdon", "rent": 2160, "zip": "08829"}, "middlesex-somerset-hunterdon-08830": {"city": "Middlesex-Somerset-Hunterdon", "rent": 2770, "zip": "08830"}, "middlesex-somerset-hunterdon-08831": {"city": "Middlesex-Somerset-Hunterdon", "rent": 2430, "zip": "08831"}, "middlesex-somerset-hunterdon-08832": {"city": "Middlesex-Somerset-Hunterdon", "rent": 2370, "zip": "08832"}, "middlesex-somerset-hunterdon-08833": {"city": "Middlesex-Somerset-Hunterdon", "rent": 2480, "zip": "08833"}, "middlesex-somerset-hunterdon-08835": {"city": "Middlesex-Somerset-Hunterdon", "rent": 2380, "zip": "08835"}, "middlesex-somerset-hunterdon-08836": {"city": "Middlesex-Somerset-Hunterdon", "rent": 2750, "zip": "08836"}, "middlesex-somerset-hunterdon-08837": {"city": "Middlesex-Somerset-Hunterdon", "rent": 2370, "zip": "08837"}, "middlesex-somerset-hunterdon-08840": {"city": "Middlesex-Somerset-Hunterdon", "rent": 2840, "zip": "08840"}, "middlesex-somerset-hunterdon-08844": {"city": "Middlesex-Somerset-Hunterdon", "rent": 2880, "zip": "08844"}, "middlesex-somerset-hunterdon-08846": {"city": "Middlesex-Somerset-Hunterdon", "rent": 2210, "zip": "08846"}, "middlesex-somerset-hunterdon-08848": {"city": "Middlesex-Somerset-Hunterdon", "rent": 2170, "zip": "08848"}, "middlesex-somerset-hunterdon-08850": {"city": "Middlesex-Somerset-Hunterdon", "rent": 2440, "zip": "08850"}, "middlesex-somerset-hunterdon-08852": {"city": "Middlesex-Somerset-Hunterdon", "rent": 2570, "zip": "08852"}, "middlesex-somerset-hunterdon-08853": {"city": "Middlesex-Somerset-Hunterdon", "rent": 2500, "zip": "08853"}, "middlesex-somerset-hunterdon-08854": {"city": "Middlesex-Somerset-Hunterdon", "rent": 2660, "zip": "08854"}, "middlesex-somerset-hunterdon-08855": {"city": "Middlesex-Somerset-Hunterdon", "rent": 2470, "zip": "08855"}, "middlesex-somerset-hunterdon-08857": {"city": "Middlesex-Somerset-Hunterdon", "rent": 2180, "zip": "08857"}, "middlesex-somerset-hunterdon-08858": {"city": "Middlesex-Somerset-Hunterdon", "rent": 2320, "zip": "08858"}, "middlesex-somerset-hunterdon-08859": {"city": "Middlesex-Somerset-Hunterdon", "rent": 2170, "zip": "08859"}, "middlesex-somerset-hunterdon-08861": {"city": "Middlesex-Somerset-Hunterdon", "rent": 2080, "zip": "08861"}, "middlesex-somerset-hunterdon-08862": {"city": "Middlesex-Somerset-Hunterdon", "rent": 2470, "zip": "08862"}, "middlesex-somerset-hunterdon-08863": {"city": "Middlesex-Somerset-Hunterdon", "rent": 2630, "zip": "08863"}, "middlesex-somerset-hunterdon-08867": {"city": "Middlesex-Somerset-Hunterdon", "rent": 2310, "zip": "08867"}, "middlesex-somerset-hunterdon-08868": {"city": "Middlesex-Somerset-Hunterdon", "rent": 2320, "zip": "08868"}, "middlesex-somerset-hunterdon-08869": {"city": "Middlesex-Somerset-Hunterdon", "rent": 2550, "zip": "08869"}, "middlesex-somerset-hunterdon-08870": {"city": "Middlesex-Somerset-Hunterdon", "rent": 2320, "zip": "08870"}, "middlesex-somerset-hunterdon-08872": {"city": "Middlesex-Somerset-Hunterdon", "rent": 2020, "zip": "08872"}, "middlesex-somerset-hunterdon-08873": {"city": "Middlesex-Somerset-Hunterdon", "rent": 2660, "zip": "08873"}, "middlesex-somerset-hunterdon-08875": {"city": "Middlesex-Somerset-Hunterdon", "rent": 2590, "zip": "08875"}, "middlesex-somerset-hunterdon-08876": {"city": "Middlesex-Somerset-Hunterdon", "rent": 2370, "zip": "08876"}, "middlesex-somerset-hunterdon-08879": {"city": "Middlesex-Somerset-Hunterdon", "rent": 2300, "zip": "08879"}, "middlesex-somerset-hunterdon-08880": {"city": "Middlesex-Somerset-Hunterdon", "rent": 2370, "zip": "08880"}, "middlesex-somerset-hunterdon-08882": {"city": "Middlesex-Somerset-Hunterdon", "rent": 2230, "zip": "08882"}, "middlesex-somerset-hunterdon-08884": {"city": "Middlesex-Somerset-Hunterdon", "rent": 1960, "zip": "08884"}, "middlesex-somerset-hunterdon-08885": {"city": "Middlesex-Somerset-Hunterdon", "rent": 2320, "zip": "08885"}, "middlesex-somerset-hunterdon-08887": {"city": "Middlesex-Somerset-Hunterdon", "rent": 2340, "zip": "08887"}, "middlesex-somerset-hunterdon-08888": {"city": "Middlesex-Somerset-Hunterdon", "rent": 2320, "zip": "08888"}, "middlesex-somerset-hunterdon-08889": {"city": "Middlesex-Somerset-Hunterdon", "rent": 2460, "zip": "08889"}, "middlesex-somerset-hunterdon-08890": {"city": "Middlesex-Somerset-Hunterdon", "rent": 2530, "zip": "08890"}, "middlesex-somerset-hunterdon-08901": {"city": "Middlesex-Somerset-Hunterdon", "rent": 2380, "zip": "08901"}, "middlesex-somerset-hunterdon-08902": {"city": "Middlesex-Somerset-Hunterdon", "rent": 2740, "zip": "08902"}, "middlesex-somerset-hunterdon-08903": {"city": "Middlesex-Somerset-Hunterdon", "rent": 2470, "zip": "08903"}, "middlesex-somerset-hunterdon-08904": {"city": "Middlesex-Somerset-Hunterdon", "rent": 2480, "zip": "08904"}, "middlesex-somerset-hunterdon-08906": {"city": "Middlesex-Somerset-Hunterdon", "rent": 2470, "zip": "08906"}, "monmouth-ocean-07701": {"city": "Monmouth-Ocean", "rent": 2660, "zip": "07701"}, "monmouth-ocean-07702": {"city": "Monmouth-Ocean", "rent": 3490, "zip": "07702"}, "monmouth-ocean-07703": {"city": "Monmouth-Ocean", "rent": 2790, "zip": "07703"}, "monmouth-ocean-07704": {"city": "Monmouth-Ocean", "rent": 2690, "zip": "07704"}, "monmouth-ocean-07710": {"city": "Monmouth-Ocean", "rent": 2360, "zip": "07710"}, "monmouth-ocean-07711": {"city": "Monmouth-Ocean", "rent": 2350, "zip": "07711"}, "monmouth-ocean-07712": {"city": "Monmouth-Ocean", "rent": 2350, "zip": "07712"}, "monmouth-ocean-07716": {"city": "Monmouth-Ocean", "rent": 2430, "zip": "07716"}, "monmouth-ocean-07717": {"city": "Monmouth-Ocean", "rent": 2260, "zip": "07717"}, "monmouth-ocean-07718": {"city": "Monmouth-Ocean", "rent": 2300, "zip": "07718"}, "monmouth-ocean-07719": {"city": "Monmouth-Ocean", "rent": 2330, "zip": "07719"}, "monmouth-ocean-07720": {"city": "Monmouth-Ocean", "rent": 2290, "zip": "07720"}, "monmouth-ocean-07721": {"city": "Monmouth-Ocean", "rent": 2570, "zip": "07721"}, "monmouth-ocean-07722": {"city": "Monmouth-Ocean", "rent": 3490, "zip": "07722"}, "monmouth-ocean-07723": {"city": "Monmouth-Ocean", "rent": 1860, "zip": "07723"}, "monmouth-ocean-07724": {"city": "Monmouth-Ocean", "rent": 2130, "zip": "07724"}, "monmouth-ocean-07726": {"city": "Monmouth-Ocean", "rent": 2470, "zip": "07726"}, "monmouth-ocean-07727": {"city": "Monmouth-Ocean", "rent": 2070, "zip": "07727"}, "monmouth-ocean-07728": {"city": "Monmouth-Ocean", "rent": 2520, "zip": "07728"}, "monmouth-ocean-07730": {"city": "Monmouth-Ocean", "rent": 1740, "zip": "07730"}, "monmouth-ocean-07731": {"city": "Monmouth-Ocean", "rent": 3010, "zip": "07731"}, "monmouth-ocean-07732": {"city": "Monmouth-Ocean", "rent": 2530, "zip": "07732"}, "monmouth-ocean-07733": {"city": "Monmouth-Ocean", "rent": 3490, "zip": "07733"}, "monmouth-ocean-07734": {"city": "Monmouth-Ocean", "rent": 2250, "zip": "07734"}, "monmouth-ocean-07735": {"city": "Monmouth-Ocean", "rent": 2050, "zip": "07735"}, "monmouth-ocean-07737": {"city": "Monmouth-Ocean", "rent": 1970, "zip": "07737"}, "monmouth-ocean-07738": {"city": "Monmouth-Ocean", "rent": 1230, "zip": "07738"}, "monmouth-ocean-07739": {"city": "Monmouth-Ocean", "rent": 2970, "zip": "07739"}, "monmouth-ocean-07740": {"city": "Monmouth-Ocean", "rent": 2360, "zip": "07740"}, "monmouth-ocean-07746": {"city": "Monmouth-Ocean", "rent": 3490, "zip": "07746"}, "monmouth-ocean-07747": {"city": "Monmouth-Ocean", "rent": 2590, "zip": "07747"}, "monmouth-ocean-07748": {"city": "Monmouth-Ocean", "rent": 2100, "zip": "07748"}, "monmouth-ocean-07750": {"city": "Monmouth-Ocean", "rent": 2920, "zip": "07750"}, "monmouth-ocean-07751": {"city": "Monmouth-Ocean", "rent": 3380, "zip": "07751"}, "monmouth-ocean-07752": {"city": "Monmouth-Ocean", "rent": 2360, "zip": "07752"}, "monmouth-ocean-07753": {"city": "Monmouth-Ocean", "rent": 2380, "zip": "07753"}, "monmouth-ocean-07754": {"city": "Monmouth-Ocean", "rent": 2360, "zip": "07754"}, "monmouth-ocean-07755": {"city": "Monmouth-Ocean", "rent": 3200, "zip": "07755"}, "monmouth-ocean-07756": {"city": "Monmouth-Ocean", "rent": 1730, "zip": "07756"}, "monmouth-ocean-07757": {"city": "Monmouth-Ocean", "rent": 2760, "zip": "07757"}, "monmouth-ocean-07758": {"city": "Monmouth-Ocean", "rent": 1660, "zip": "07758"}, "monmouth-ocean-07760": {"city": "Monmouth-Ocean", "rent": 2730, "zip": "07760"}, "monmouth-ocean-07762": {"city": "Monmouth-Ocean", "rent": 2320, "zip": "07762"}, "monmouth-ocean-07763": {"city": "Monmouth-Ocean", "rent": 2360, "zip": "07763"}, "monmouth-ocean-07764": {"city": "Monmouth-Ocean", "rent": 2730, "zip": "07764"}, "monmouth-ocean-07765": {"city": "Monmouth-Ocean", "rent": 2360, "zip": "07765"}, "monmouth-ocean-08005": {"city": "Monmouth-Ocean", "rent": 2480, "zip": "08005"}, "monmouth-ocean-08006": {"city": "Monmouth-Ocean", "rent": 2200, "zip": "08006"}, "monmouth-ocean-08008": {"city": "Monmouth-Ocean", "rent": 2260, "zip": "08008"}, "monmouth-ocean-08050": {"city": "Monmouth-Ocean", "rent": 2450, "zip": "08050"}, "monmouth-ocean-08087": {"city": "Monmouth-Ocean", "rent": 2310, "zip": "08087"}, "monmouth-ocean-08092": {"city": "Monmouth-Ocean", "rent": 1940, "zip": "08092"}, "monmouth-ocean-08501": {"city": "Monmouth-Ocean", "rent": 2000, "zip": "08501"}, "monmouth-ocean-08510": {"city": "Monmouth-Ocean", "rent": 2770, "zip": "08510"}, "monmouth-ocean-08514": {"city": "Monmouth-Ocean", "rent": 2060, "zip": "08514"}, "monmouth-ocean-08520": {"city": "Monmouth-Ocean", "rent": 1990, "zip": "08520"}, "monmouth-ocean-08527": {"city": "Monmouth-Ocean", "rent": 2370, "zip": "08527"}, "monmouth-ocean-08533": {"city": "Monmouth-Ocean", "rent": 2010, "zip": "08533"}, "monmouth-ocean-08535": {"city": "Monmouth-Ocean", "rent": 3150, "zip": "08535"}, "monmouth-ocean-08555": {"city": "Monmouth-Ocean", "rent": 3430, "zip": "08555"}, "monmouth-ocean-08562": {"city": "Monmouth-Ocean", "rent": 1570, "zip": "08562"}, "monmouth-ocean-08620": {"city": "Monmouth-Ocean", "rent": 1740, "zip": "08620"}, "monmouth-ocean-08691": {"city": "Monmouth-Ocean", "rent": 2480, "zip": "08691"}, "monmouth-ocean-08701": {"city": "Monmouth-Ocean", "rent": 2030, "zip": "08701"}, "monmouth-ocean-08720": {"city": "Monmouth-Ocean", "rent": 2310, "zip": "08720"}, "monmouth-ocean-08721": {"city": "Monmouth-Ocean", "rent": 2180, "zip": "08721"}, "monmouth-ocean-08722": {"city": "Monmouth-Ocean", "rent": 2740, "zip": "08722"}, "monmouth-ocean-08723": {"city": "Monmouth-Ocean", "rent": 2240, "zip": "08723"}, "monmouth-ocean-08724": {"city": "Monmouth-Ocean", "rent": 2390, "zip": "08724"}, "monmouth-ocean-08730": {"city": "Monmouth-Ocean", "rent": 3470, "zip": "08730"}, "monmouth-ocean-08731": {"city": "Monmouth-Ocean", "rent": 2780, "zip": "08731"}, "monmouth-ocean-08732": {"city": "Monmouth-Ocean", "rent": 2230, "zip": "08732"}, "monmouth-ocean-08733": {"city": "Monmouth-Ocean", "rent": 2180, "zip": "08733"}, "monmouth-ocean-08734": {"city": "Monmouth-Ocean", "rent": 2300, "zip": "08734"}, "monmouth-ocean-08735": {"city": "Monmouth-Ocean", "rent": 2260, "zip": "08735"}, "monmouth-ocean-08736": {"city": "Monmouth-Ocean", "rent": 2210, "zip": "08736"}, "monmouth-ocean-08738": {"city": "Monmouth-Ocean", "rent": 2670, "zip": "08738"}, "monmouth-ocean-08739": {"city": "Monmouth-Ocean", "rent": 2300, "zip": "08739"}, "monmouth-ocean-08740": {"city": "Monmouth-Ocean", "rent": 2610, "zip": "08740"}, "monmouth-ocean-08741": {"city": "Monmouth-Ocean", "rent": 2320, "zip": "08741"}, "monmouth-ocean-08742": {"city": "Monmouth-Ocean", "rent": 2510, "zip": "08742"}, "monmouth-ocean-08750": {"city": "Monmouth-Ocean", "rent": 2720, "zip": "08750"}, "monmouth-ocean-08751": {"city": "Monmouth-Ocean", "rent": 1850, "zip": "08751"}, "monmouth-ocean-08752": {"city": "Monmouth-Ocean", "rent": 1960, "zip": "08752"}, "monmouth-ocean-08753": {"city": "Monmouth-Ocean", "rent": 2300, "zip": "08753"}, "monmouth-ocean-08754": {"city": "Monmouth-Ocean", "rent": 2300, "zip": "08754"}, "monmouth-ocean-08755": {"city": "Monmouth-Ocean", "rent": 2130, "zip": "08755"}, "monmouth-ocean-08757": {"city": "Monmouth-Ocean", "rent": 2280, "zip": "08757"}, "monmouth-ocean-08758": {"city": "Monmouth-Ocean", "rent": 2080, "zip": "08758"}, "monmouth-ocean-08759": {"city": "Monmouth-Ocean", "rent": 1790, "zip": "08759"}, "newark-07003": {"city": "Newark", "rent": 2490, "zip": "07003"}, "newark-07004": {"city": "Newark", "rent": 3310, "zip": "07004"}, "newark-07005": {"city": "Newark", "rent": 2430, "zip": "07005"}, "newark-07006": {"city": "Newark", "rent": 2670, "zip": "07006"}, "newark-07007": {"city": "Newark", "rent": 2080, "zip": "07007"}, "newark-07009": {"city": "Newark", "rent": 2450, "zip": "07009"}, "newark-07016": {"city": "Newark", "rent": 2790, "zip": "07016"}, "newark-07017": {"city": "Newark", "rent": 1970, "zip": "07017"}, "newark-07018": {"city": "Newark", "rent": 2080, "zip": "07018"}, "newark-07019": {"city": "Newark", "rent": 2080, "zip": "07019"}, "newark-07021": {"city": "Newark", "rent": 2850, "zip": "07021"}, "newark-07023": {"city": "Newark", "rent": 3060, "zip": "07023"}, "newark-07027": {"city": "Newark", "rent": 2300, "zip": "07027"}, "newark-07028": {"city": "Newark", "rent": 2930, "zip": "07028"}, "newark-07033": {"city": "Newark", "rent": 2770, "zip": "07033"}, "newark-07034": {"city": "Newark", "rent": 1960, "zip": "07034"}, "newark-07035": {"city": "Newark", "rent": 2410, "zip": "07035"}, "newark-07036": {"city": "Newark", "rent": 2080, "zip": "07036"}, "newark-07039": {"city": "Newark", "rent": 3310, "zip": "07039"}, "newark-07040": {"city": "Newark", "rent": 2860, "zip": "07040"}, "newark-07041": {"city": "Newark", "rent": 2680, "zip": "07041"}, "newark-07042": {"city": "Newark", "rent": 2890, "zip": "07042"}, "newark-07043": {"city": "Newark", "rent": 3310, "zip": "07043"}, "newark-07044": {"city": "Newark", "rent": 2820, "zip": "07044"}, "newark-07045": {"city": "Newark", "rent": 2890, "zip": "07045"}, "newark-07046": {"city": "Newark", "rent": 2490, "zip": "07046"}, "newark-07050": {"city": "Newark", "rent": 2190, "zip": "07050"}, "newark-07051": {"city": "Newark", "rent": 2080, "zip": "07051"}, "newark-07052": {"city": "Newark", "rent": 2540, "zip": "07052"}, "newark-07054": {"city": "Newark", "rent": 2580, "zip": "07054"}, "newark-07058": {"city": "Newark", "rent": 3180, "zip": "07058"}, "newark-07060": {"city": "Newark", "rent": 2260, "zip": "07060"}, "newark-07061": {"city": "Newark", "rent": 2240, "zip": "07061"}, "newark-07062": {"city": "Newark", "rent": 2340, "zip": "07062"}, "newark-07063": {"city": "Newark", "rent": 2370, "zip": "07063"}, "newark-07065": {"city": "Newark", "rent": 2360, "zip": "07065"}, "newark-07066": {"city": "Newark", "rent": 2340, "zip": "07066"}, "newark-07067": {"city": "Newark", "rent": 2600, "zip": "07067"}, "newark-07068": {"city": "Newark", "rent": 3310, "zip": "07068"}, "newark-07076": {"city": "Newark", "rent": 2540, "zip": "07076"}, "newark-07078": {"city": "Newark", "rent": 3010, "zip": "07078"}, "newark-07079": {"city": "Newark", "rent": 3110, "zip": "07079"}, "newark-07080": {"city": "Newark", "rent": 2590, "zip": "07080"}, "newark-07081": {"city": "Newark", "rent": 2920, "zip": "07081"}, "newark-07082": {"city": "Newark", "rent": 2650, "zip": "07082"}, "newark-07083": {"city": "Newark", "rent": 2640, "zip": "07083"}, "newark-07088": {"city": "Newark", "rent": 2660, "zip": "07088"}, "newark-07090": {"city": "Newark", "rent": 3060, "zip": "07090"}, "newark-07091": {"city": "Newark", "rent": 2240, "zip": "07091"}, "newark-07092": {"city": "Newark", "rent": 2950, "zip": "07092"}, "newark-07101": {"city": "Newark", "rent": 2080, "zip": "07101"}, "newark-07102": {"city": "Newark", "rent": 1930, "zip": "07102"}, "newark-07103": {"city": "Newark", "rent": 1930, "zip": "07103"}, "newark-07104": {"city": "Newark", "rent": 1930, "zip": "07104"}, "newark-07105": {"city": "Newark", "rent": 1950, "zip": "07105"}, "newark-07106": {"city": "Newark", "rent": 1930, "zip": "07106"}, "newark-07107": {"city": "Newark", "rent": 1930, "zip": "07107"}, "newark-07108": {"city": "Newark", "rent": 1930, "zip": "07108"}, "newark-07109": {"city": "Newark", "rent": 2300, "zip": "07109"}, "newark-07110": {"city": "Newark", "rent": 2280, "zip": "07110"}, "newark-07111": {"city": "Newark", "rent": 1940, "zip": "07111"}, "newark-07112": {"city": "Newark", "rent": 1930, "zip": "07112"}, "newark-07114": {"city": "Newark", "rent": 1930, "zip": "07114"}, "newark-07201": {"city": "Newark", "rent": 1930, "zip": "07201"}, "newark-07202": {"city": "Newark", "rent": 2060, "zip": "07202"}, "newark-07203": {"city": "Newark", "rent": 2040, "zip": "07203"}, "newark-07204": {"city": "Newark", "rent": 2050, "zip": "07204"}, "newark-07205": {"city": "Newark", "rent": 2220, "zip": "07205"}, "newark-07206": {"city": "Newark", "rent": 1980, "zip": "07206"}, "newark-07207": {"city": "Newark", "rent": 2240, "zip": "07207"}, "newark-07208": {"city": "Newark", "rent": 2050, "zip": "07208"}, "newark-07405": {"city": "Newark", "rent": 2200, "zip": "07405"}, "newark-07416": {"city": "Newark", "rent": 1930, "zip": "07416"}, "newark-07418": {"city": "Newark", "rent": 2110, "zip": "07418"}, "newark-07419": {"city": "Newark", "rent": 2360, "zip": "07419"}, "newark-07421": {"city": "Newark", "rent": 3020, "zip": "07421"}, "newark-07422": {"city": "Newark", "rent": 2390, "zip": "07422"}, "newark-07424": {"city": "Newark", "rent": 2310, "zip": "07424"}, "newark-07428": {"city": "Newark", "rent": 2110, "zip": "07428"}, "newark-07435": {"city": "Newark", "rent": 2240, "zip": "07435"}, "newark-07438": {"city": "Newark", "rent": 2290, "zip": "07438"}, "newark-07439": {"city": "Newark", "rent": 2170, "zip": "07439"}, "newark-07440": {"city": "Newark", "rent": 2620, "zip": "07440"}, "newark-07444": {"city": "Newark", "rent": 2810, "zip": "07444"}, "newark-07457": {"city": "Newark", "rent": 3310, "zip": "07457"}, "newark-07460": {"city": "Newark", "rent": 3220, "zip": "07460"}, "newark-07461": {"city": "Newark", "rent": 2070, "zip": "07461"}, "newark-07462": {"city": "Newark", "rent": 2170, "zip": "07462"}, "newark-07801": {"city": "Newark", "rent": 2450, "zip": "07801"}, "newark-07802": {"city": "Newark", "rent": 2580, "zip": "07802"}, "newark-07803": {"city": "Newark", "rent": 2590, "zip": "07803"}, "newark-07806": {"city": "Newark", "rent": 2580, "zip": "07806"}, "newark-07821": {"city": "Newark", "rent": 2260, "zip": "07821"}, "newark-07822": {"city": "Newark", "rent": 2150, "zip": "07822"}, "newark-07825": {"city": "Newark", "rent": 2070, "zip": "07825"}, "newark-07826": {"city": "Newark", "rent": 2350, "zip": "07826"}, "newark-07827": {"city": "Newark", "rent": 1930, "zip": "07827"}, "newark-07828": {"city": "Newark", "rent": 2010, "zip": "07828"}, "newark-07830": {"city": "Newark", "rent": 2090, "zip": "07830"}, "newark-07832": {"city": "Newark", "rent": 2210, "zip": "07832"}, "newark-07834": {"city": "Newark", "rent": 2510, "zip": "07834"}, "newark-07836": {"city": "Newark", "rent": 2630, "zip": "07836"}, "newark-07837": {"city": "Newark", "rent": 2110, "zip": "07837"}, "newark-07839": {"city": "Newark", "rent": 2110, "zip": "07839"}, "newark-07840": {"city": "Newark", "rent": 2000, "zip": "07840"}, "newark-07842": {"city": "Newark", "rent": 2510, "zip": "07842"}, "newark-07843": {"city": "Newark", "rent": 2280, "zip": "07843"}, "newark-07845": {"city": "Newark", "rent": 2580, "zip": "07845"}, "newark-07847": {"city": "Newark", "rent": 2850, "zip": "07847"}, "newark-07848": {"city": "Newark", "rent": 1940, "zip": "07848"}, "newark-07849": {"city": "Newark", "rent": 2230, "zip": "07849"}, "newark-07850": {"city": "Newark", "rent": 2370, "zip": "07850"}, "newark-07851": {"city": "Newark", "rent": 1930, "zip": "07851"}, "newark-07852": {"city": "Newark", "rent": 2380, "zip": "07852"}, "newark-07853": {"city": "Newark", "rent": 2380, "zip": "07853"}, "newark-07855": {"city": "Newark", "rent": 2110, "zip": "07855"}, "newark-07856": {"city": "Newark", "rent": 3250, "zip": "07856"}, "newark-07857": {"city": "Newark", "rent": 1930, "zip": "07857"}, "newark-07860": {"city": "Newark", "rent": 1970, "zip": "07860"}, "newark-07865": {"city": "Newark", "rent": 2830, "zip": "07865"}, "newark-07866": {"city": "Newark", "rent": 2400, "zip": "07866"}, "newark-07869": {"city": "Newark", "rent": 2450, "zip": "07869"}, "newark-07870": {"city": "Newark", "rent": 2210, "zip": "07870"}, "newark-07871": {"city": "Newark", "rent": 2550, "zip": "07871"}, "newark-07874": {"city": "Newark", "rent": 2510, "zip": "07874"}, "newark-07875": {"city": "Newark", "rent": 2110, "zip": "07875"}, "newark-07876": {"city": "Newark", "rent": 3100, "zip": "07876"}, "newark-07877": {"city": "Newark", "rent": 2110, "zip": "07877"}, "newark-07878": {"city": "Newark", "rent": 3220, "zip": "07878"}, "newark-07879": {"city": "Newark", "rent": 2110, "zip": "07879"}, "newark-07881": {"city": "Newark", "rent": 1930, "zip": "07881"}, "newark-07885": {"city": "Newark", "rent": 2640, "zip": "07885"}, "newark-07901": {"city": "Newark", "rent": 3000, "zip": "07901"}, "newark-07902": {"city": "Newark", "rent": 2240, "zip": "07902"}, "newark-07920": {"city": "Newark", "rent": 3250, "zip": "07920"}, "newark-07922": {"city": "Newark", "rent": 2950, "zip": "07922"}, "newark-07924": {"city": "Newark", "rent": 2790, "zip": "07924"}, "newark-07926": {"city": "Newark", "rent": 3240, "zip": "07926"}, "newark-07927": {"city": "Newark", "rent": 3310, "zip": "07927"}, "newark-07928": {"city": "Newark", "rent": 3190, "zip": "07928"}, "newark-07930": {"city": "Newark", "rent": 2490, "zip": "07930"}, "newark-07931": {"city": "Newark", "rent": 2810, "zip": "07931"}, "newark-07932": {"city": "Newark", "rent": 3310, "zip": "07932"}, "newark-07933": {"city": "Newark", "rent": 2690, "zip": "07933"}, "newark-07934": {"city": "Newark", "rent": 2530, "zip": "07934"}, "newark-07935": {"city": "Newark", "rent": 3220, "zip": "07935"}, "newark-07936": {"city": "Newark", "rent": 3310, "zip": "07936"}, "newark-07940": {"city": "Newark", "rent": 3040, "zip": "07940"}, "newark-07945": {"city": "Newark", "rent": 3310, "zip": "07945"}, "newark-07946": {"city": "Newark", "rent": 2920, "zip": "07946"}, "newark-07950": {"city": "Newark", "rent": 3310, "zip": "07950"}, "newark-07960": {"city": "Newark", "rent": 3240, "zip": "07960"}, "newark-07961": {"city": "Newark", "rent": 3180, "zip": "07961"}, "newark-07962": {"city": "Newark", "rent": 2580, "zip": "07962"}, "newark-07963": {"city": "Newark", "rent": 2580, "zip": "07963"}, "newark-07970": {"city": "Newark", "rent": 2990, "zip": "07970"}, "newark-07974": {"city": "Newark", "rent": 2710, "zip": "07974"}, "newark-07976": {"city": "Newark", "rent": 2580, "zip": "07976"}, "newark-07980": {"city": "Newark", "rent": 2380, "zip": "07980"}, "newark-07981": {"city": "Newark", "rent": 3310, "zip": "07981"}, "newark-08812": {"city": "Newark", "rent": 2480, "zip": "08812"}, "newark-08854": {"city": "Newark", "rent": 2660, "zip": "08854"}, "trenton-princeton-08501": {"city": "Trenton-Princeton", "rent": 2000, "zip": "08501"}, "trenton-princeton-08512": {"city": "Trenton-Princeton", "rent": 2090, "zip": "08512"}, "trenton-princeton-08515": {"city": "Trenton-Princeton", "rent": 2720, "zip": "08515"}, "trenton-princeton-08520": {"city": "Trenton-Princeton", "rent": 1990, "zip": "08520"}, "trenton-princeton-08525": {"city": "Trenton-Princeton", "rent": 2290, "zip": "08525"}, "trenton-princeton-08530": {"city": "Trenton-Princeton", "rent": 2370, "zip": "08530"}, "trenton-princeton-08534": {"city": "Trenton-Princeton", "rent": 2520, "zip": "08534"}, "trenton-princeton-08540": {"city": "Trenton-Princeton", "rent": 2630, "zip": "08540"}, "trenton-princeton-08542": {"city": "Trenton-Princeton", "rent": 2930, "zip": "08542"}, "trenton-princeton-08543": {"city": "Trenton-Princeton", "rent": 1950, "zip": "08543"}, "trenton-princeton-08544": {"city": "Trenton-Princeton", "rent": 2700, "zip": "08544"}, "trenton-princeton-08550": {"city": "Trenton-Princeton", "rent": 2930, "zip": "08550"}, "trenton-princeton-08558": {"city": "Trenton-Princeton", "rent": 2530, "zip": "08558"}, "trenton-princeton-08560": {"city": "Trenton-Princeton", "rent": 2930, "zip": "08560"}, "trenton-princeton-08561": {"city": "Trenton-Princeton", "rent": 2220, "zip": "08561"}, "trenton-princeton-08601": {"city": "Trenton-Princeton", "rent": 1950, "zip": "08601"}, "trenton-princeton-08602": {"city": "Trenton-Princeton", "rent": 1950, "zip": "08602"}, "trenton-princeton-08603": {"city": "Trenton-Princeton", "rent": 1950, "zip": "08603"}, "trenton-princeton-08604": {"city": "Trenton-Princeton", "rent": 1950, "zip": "08604"}, "trenton-princeton-08605": {"city": "Trenton-Princeton", "rent": 1950, "zip": "08605"}, "trenton-princeton-08606": {"city": "Trenton-Princeton", "rent": 1950, "zip": "08606"}, "trenton-princeton-08607": {"city": "Trenton-Princeton", "rent": 1950, "zip": "08607"}, "trenton-princeton-08608": {"city": "Trenton-Princeton", "rent": 1830, "zip": "08608"}, "trenton-princeton-08609": {"city": "Trenton-Princeton", "rent": 1830, "zip": "08609"}, "trenton-princeton-08610": {"city": "Trenton-Princeton", "rent": 1820, "zip": "08610"}, "trenton-princeton-08611": {"city": "Trenton-Princeton", "rent": 1830, "zip": "08611"}, "trenton-princeton-08618": {"city": "Trenton-Princeton", "rent": 1830, "zip": "08618"}, "trenton-princeton-08619": {"city": "Trenton-Princeton", "rent": 2080, "zip": "08619"}, "trenton-princeton-08620": {"city": "Trenton-Princeton", "rent": 1740, "zip": "08620"}, "trenton-princeton-08628": {"city": "Trenton-Princeton", "rent": 1950, "zip": "08628"}, "trenton-princeton-08629": {"city": "Trenton-Princeton", "rent": 1830, "zip": "08629"}, "trenton-princeton-08638": {"city": "Trenton-Princeton", "rent": 1940, "zip": "08638"}, "trenton-princeton-08648": {"city": "Trenton-Princeton", "rent": 2470, "zip": "08648"}, "trenton-princeton-08650": {"city": "Trenton-Princeton", "rent": 1950, "zip": "08650"}, "trenton-princeton-08690": {"city": "Trenton-Princeton", "rent": 2060, "zip": "08690"}, "trenton-princeton-08691": {"city": "Trenton-Princeton", "rent": 2480, "zip": "08691"}, "vineland-08270": {"city": "Vineland", "rent": 1570, "zip": "08270"}, "vineland-08302": {"city": "Vineland", "rent": 1690, "zip": "08302"}, "vineland-08311": {"city": "Vineland", "rent": 1640, "zip": "08311"}, "vineland-08313": {"city": "Vineland", "rent": 1670, "zip": "08313"}, "vineland-08314": {"city": "Vineland", "rent": 1670, "zip": "08314"}, "vineland-08315": {"city": "Vineland", "rent": 1670, "zip": "08315"}, "vineland-08316": {"city": "Vineland", "rent": 1700, "zip": "08316"}, "vineland-08318": {"city": "Vineland", "rent": 1820, "zip": "08318"}, "vineland-08320": {"city": "Vineland", "rent": 1690, "zip": "08320"}, "vineland-08321": {"city": "Vineland", "rent": 1940, "zip": "08321"}, "vineland-08323": {"city": "Vineland", "rent": 1440, "zip": "08323"}, "vineland-08324": {"city": "Vineland", "rent": 1670, "zip": "08324"}, "vineland-08327": {"city": "Vineland", "rent": 1670, "zip": "08327"}, "vineland-08329": {"city": "Vineland", "rent": 2050, "zip": "08329"}, "vineland-08332": {"city": "Vineland", "rent": 1630, "zip": "08332"}, "vineland-08340": {"city": "Vineland", "rent": 1660, "zip": "08340"}, "vineland-08344": {"city": "Vineland", "rent": 1900, "zip": "08344"}, "vineland-08345": {"city": "Vineland", "rent": 1870, "zip": "08345"}, "vineland-08348": {"city": "Vineland", "rent": 1630, "zip": "08348"}, "vineland-08349": {"city": "Vineland", "rent": 2110, "zip": "08349"}, "vineland-08352": {"city": "Vineland", "rent": 2440, "zip": "08352"}, "vineland-08353": {"city": "Vineland", "rent": 1450, "zip": "08353"}, "vineland-08360": {"city": "Vineland", "rent": 1590, "zip": "08360"}, "vineland-08361": {"city": "Vineland", "rent": 1830, "zip": "08361"}, "vineland-08362": {"city": "Vineland", "rent": 1670, "zip": "08362"}}