{"bismarck-58477": {"city": "Bismarck", "rent": 1170, "zip": "58477"}, "bismarck-58494": {"city": "Bismarck", "rent": 1350, "zip": "58494"}, "bismarck-58501": {"city": "Bismarck", "rent": 1140, "zip": "58501"}, "bismarck-58502": {"city": "Bismarck", "rent": 1170, "zip": "58502"}, "bismarck-58503": {"city": "Bismarck", "rent": 1310, "zip": "58503"}, "bismarck-58504": {"city": "Bismarck", "rent": 1140, "zip": "58504"}, "bismarck-58505": {"city": "Bismarck", "rent": 1170, "zip": "58505"}, "bismarck-58506": {"city": "Bismarck", "rent": 1170, "zip": "58506"}, "bismarck-58507": {"city": "Bismarck", "rent": 1170, "zip": "58507"}, "bismarck-58520": {"city": "Bismarck", "rent": 960, "zip": "58520"}, "bismarck-58521": {"city": "Bismarck", "rent": 1120, "zip": "58521"}, "bismarck-58523": {"city": "Bismarck", "rent": 1160, "zip": "58523"}, "bismarck-58524": {"city": "Bismarck", "rent": 930, "zip": "58524"}, "bismarck-58530": {"city": "Bismarck", "rent": 1030, "zip": "58530"}, "bismarck-58532": {"city": "Bismarck", "rent": 1050, "zip": "58532"}, "bismarck-58535": {"city": "Bismarck", "rent": 1130, "zip": "58535"}, "bismarck-58545": {"city": "Bismarck", "rent": 1180, "zip": "58545"}, "bismarck-58554": {"city": "Bismarck", "rent": 1190, "zip": "58554"}, "bismarck-58558": {"city": "Bismarck", "rent": 1180, "zip": "58558"}, "bismarck-58560": {"city": "Bismarck", "rent": 1170, "zip": "58560"}, "bismarck-58563": {"city": "Bismarck", "rent": 950, "zip": "58563"}, "bismarck-58566": {"city": "Bismarck", "rent": 1180, "zip": "58566"}, "bismarck-58569": {"city": "Bismarck", "rent": 930, "zip": "58569"}, "bismarck-58570": {"city": "Bismarck", "rent": 980, "zip": "58570"}, "bismarck-58571": {"city": "Bismarck", "rent": 1030, "zip": "58571"}, "bismarck-58572": {"city": "Bismarck", "rent": 1170, "zip": "58572"}, "bismarck-58579": {"city": "Bismarck", "rent": 980, "zip": "58579"}, "bismarck-58631": {"city": "Bismarck", "rent": 1030, "zip": "58631"}, "bismarck-58638": {"city": "Bismarck", "rent": 1030, "zip": "58638"}, "fargo-56514": {"city": "Fargo", "rent": 1010, "zip": "56514"}, "fargo-56519": {"city": "Fargo", "rent": 1460, "zip": "56519"}, "fargo-56525": {"city": "Fargo", "rent": 1170, "zip": "56525"}, "fargo-56529": {"city": "Fargo", "rent": 1150, "zip": "56529"}, "fargo-56536": {"city": "Fargo", "rent": 970, "zip": "56536"}, "fargo-56546": {"city": "Fargo", "rent": 1290, "zip": "56546"}, "fargo-56547": {"city": "Fargo", "rent": 1030, "zip": "56547"}, "fargo-56549": {"city": "Fargo", "rent": 980, "zip": "56549"}, "fargo-56552": {"city": "Fargo", "rent": 970, "zip": "56552"}, "fargo-56554": {"city": "Fargo", "rent": 970, "zip": "56554"}, "fargo-56560": {"city": "Fargo", "rent": 1170, "zip": "56560"}, "fargo-56561": {"city": "Fargo", "rent": 1180, "zip": "56561"}, "fargo-56562": {"city": "Fargo", "rent": 1170, "zip": "56562"}, "fargo-56563": {"city": "Fargo", "rent": 1170, "zip": "56563"}, "fargo-56572": {"city": "Fargo", "rent": 980, "zip": "56572"}, "fargo-56574": {"city": "Fargo", "rent": 1110, "zip": "56574"}, "fargo-56580": {"city": "Fargo", "rent": 970, "zip": "56580"}, "fargo-56584": {"city": "Fargo", "rent": 1330, "zip": "56584"}, "fargo-56585": {"city": "Fargo", "rent": 970, "zip": "56585"}, "fargo-56594": {"city": "Fargo", "rent": 1130, "zip": "56594"}, "fargo-58002": {"city": "Fargo", "rent": 1100, "zip": "58002"}, "fargo-58004": {"city": "Fargo", "rent": 1100, "zip": "58004"}, "fargo-58005": {"city": "Fargo", "rent": 1100, "zip": "58005"}, "fargo-58006": {"city": "Fargo", "rent": 970, "zip": "58006"}, "fargo-58007": {"city": "Fargo", "rent": 1100, "zip": "58007"}, "fargo-58011": {"city": "Fargo", "rent": 1100, "zip": "58011"}, "fargo-58012": {"city": "Fargo", "rent": 970, "zip": "58012"}, "fargo-58015": {"city": "Fargo", "rent": 1210, "zip": "58015"}, "fargo-58021": {"city": "Fargo", "rent": 1180, "zip": "58021"}, "fargo-58027": {"city": "Fargo", "rent": 970, "zip": "58027"}, "fargo-58029": {"city": "Fargo", "rent": 980, "zip": "58029"}, "fargo-58031": {"city": "Fargo", "rent": 1010, "zip": "58031"}, "fargo-58035": {"city": "Fargo", "rent": 990, "zip": "58035"}, "fargo-58036": {"city": "Fargo", "rent": 1100, "zip": "58036"}, "fargo-58038": {"city": "Fargo", "rent": 970, "zip": "58038"}, "fargo-58042": {"city": "Fargo", "rent": 1230, "zip": "58042"}, "fargo-58046": {"city": "Fargo", "rent": 970, "zip": "58046"}, "fargo-58047": {"city": "Fargo", "rent": 1050, "zip": "58047"}, "fargo-58048": {"city": "Fargo", "rent": 970, "zip": "58048"}, "fargo-58051": {"city": "Fargo", "rent": 970, "zip": "58051"}, "fargo-58052": {"city": "Fargo", "rent": 1180, "zip": "58052"}, "fargo-58059": {"city": "Fargo", "rent": 1440, "zip": "58059"}, "fargo-58064": {"city": "Fargo", "rent": 1010, "zip": "58064"}, "fargo-58068": {"city": "Fargo", "rent": 1020, "zip": "58068"}, "fargo-58071": {"city": "Fargo", "rent": 970, "zip": "58071"}, "fargo-58078": {"city": "Fargo", "rent": 1240, "zip": "58078"}, "fargo-58079": {"city": "Fargo", "rent": 1100, "zip": "58079"}, "fargo-58102": {"city": "Fargo", "rent": 1030, "zip": "58102"}, "fargo-58103": {"city": "Fargo", "rent": 1040, "zip": "58103"}, "fargo-58104": {"city": "Fargo", "rent": 1300, "zip": "58104"}, "fargo-58105": {"city": "Fargo", "rent": 1030, "zip": "58105"}, "fargo-58106": {"city": "Fargo", "rent": 1100, "zip": "58106"}, "fargo-58107": {"city": "Fargo", "rent": 1100, "zip": "58107"}, "fargo-58108": {"city": "Fargo", "rent": 1100, "zip": "58108"}, "fargo-58109": {"city": "Fargo", "rent": 1100, "zip": "58109"}, "grand-forks-56517": {"city": "Grand Forks", "rent": 1000, "zip": "56517"}, "grand-forks-56523": {"city": "Grand Forks", "rent": 970, "zip": "56523"}, "grand-forks-56535": {"city": "Grand Forks", "rent": 970, "zip": "56535"}, "grand-forks-56540": {"city": "Grand Forks", "rent": 970, "zip": "56540"}, "grand-forks-56542": {"city": "Grand Forks", "rent": 1010, "zip": "56542"}, "grand-forks-56556": {"city": "Grand Forks", "rent": 970, "zip": "56556"}, "grand-forks-56568": {"city": "Grand Forks", "rent": 990, "zip": "56568"}, "grand-forks-56592": {"city": "Grand Forks", "rent": 970, "zip": "56592"}, "grand-forks-56621": {"city": "Grand Forks", "rent": 1010, "zip": "56621"}, "grand-forks-56644": {"city": "Grand Forks", "rent": 970, "zip": "56644"}, "grand-forks-56646": {"city": "Grand Forks", "rent": 990, "zip": "56646"}, "grand-forks-56651": {"city": "Grand Forks", "rent": 1110, "zip": "56651"}, "grand-forks-56684": {"city": "Grand Forks", "rent": 1000, "zip": "56684"}, "grand-forks-56701": {"city": "Grand Forks", "rent": 1130, "zip": "56701"}, "grand-forks-56710": {"city": "Grand Forks", "rent": 1120, "zip": "56710"}, "grand-forks-56715": {"city": "Grand Forks", "rent": 970, "zip": "56715"}, "grand-forks-56716": {"city": "Grand Forks", "rent": 1030, "zip": "56716"}, "grand-forks-56721": {"city": "Grand Forks", "rent": 990, "zip": "56721"}, "grand-forks-56722": {"city": "Grand Forks", "rent": 1030, "zip": "56722"}, "grand-forks-56723": {"city": "Grand Forks", "rent": 1170, "zip": "56723"}, "grand-forks-56736": {"city": "Grand Forks", "rent": 1020, "zip": "56736"}, "grand-forks-56742": {"city": "Grand Forks", "rent": 1010, "zip": "56742"}, "grand-forks-56744": {"city": "Grand Forks", "rent": 1140, "zip": "56744"}, "grand-forks-56750": {"city": "Grand Forks", "rent": 980, "zip": "56750"}, "grand-forks-56762": {"city": "Grand Forks", "rent": 1010, "zip": "56762"}, "grand-forks-58201": {"city": "Grand Forks", "rent": 1180, "zip": "58201"}, "grand-forks-58202": {"city": "Grand Forks", "rent": 1470, "zip": "58202"}, "grand-forks-58203": {"city": "Grand Forks", "rent": 1030, "zip": "58203"}, "grand-forks-58204": {"city": "Grand Forks", "rent": 1630, "zip": "58204"}, "grand-forks-58205": {"city": "Grand Forks", "rent": 1140, "zip": "58205"}, "grand-forks-58206": {"city": "Grand Forks", "rent": 1110, "zip": "58206"}, "grand-forks-58207": {"city": "Grand Forks", "rent": 1110, "zip": "58207"}, "grand-forks-58208": {"city": "Grand Forks", "rent": 1110, "zip": "58208"}, "grand-forks-58212": {"city": "Grand Forks", "rent": 970, "zip": "58212"}, "grand-forks-58214": {"city": "Grand Forks", "rent": 970, "zip": "58214"}, "grand-forks-58228": {"city": "Grand Forks", "rent": 970, "zip": "58228"}, "grand-forks-58231": {"city": "Grand Forks", "rent": 970, "zip": "58231"}, "grand-forks-58233": {"city": "Grand Forks", "rent": 970, "zip": "58233"}, "grand-forks-58235": {"city": "Grand Forks", "rent": 1170, "zip": "58235"}, "grand-forks-58240": {"city": "Grand Forks", "rent": 970, "zip": "58240"}, "grand-forks-58244": {"city": "Grand Forks", "rent": 1110, "zip": "58244"}, "grand-forks-58251": {"city": "Grand Forks", "rent": 1050, "zip": "58251"}, "grand-forks-58256": {"city": "Grand Forks", "rent": 1320, "zip": "58256"}, "grand-forks-58258": {"city": "Grand Forks", "rent": 1130, "zip": "58258"}, "grand-forks-58261": {"city": "Grand Forks", "rent": 970, "zip": "58261"}, "grand-forks-58266": {"city": "Grand Forks", "rent": 1040, "zip": "58266"}, "grand-forks-58267": {"city": "Grand Forks", "rent": 970, "zip": "58267"}, "grand-forks-58275": {"city": "Grand Forks", "rent": 1240, "zip": "58275"}, "grand-forks-58278": {"city": "Grand Forks", "rent": 970, "zip": "58278"}, "mchenry-county-58368": {"city": "McHenry County", "rent": 870, "zip": "58368"}, "mchenry-county-58384": {"city": "McHenry County", "rent": 990, "zip": "58384"}, "mchenry-county-58710": {"city": "McHenry County", "rent": 1380, "zip": "58710"}, "mchenry-county-58712": {"city": "McHenry County", "rent": 1000, "zip": "58712"}, "mchenry-county-58713": {"city": "McHenry County", "rent": 1000, "zip": "58713"}, "mchenry-county-58723": {"city": "McHenry County", "rent": 890, "zip": "58723"}, "mchenry-county-58731": {"city": "McHenry County", "rent": 1150, "zip": "58731"}, "mchenry-county-58736": {"city": "McHenry County", "rent": 900, "zip": "58736"}, "mchenry-county-58740": {"city": "McHenry County", "rent": 1180, "zip": "58740"}, "mchenry-county-58741": {"city": "McHenry County", "rent": 1000, "zip": "58741"}, "mchenry-county-58744": {"city": "McHenry County", "rent": 980, "zip": "58744"}, "mchenry-county-58748": {"city": "McHenry County", "rent": 870, "zip": "58748"}, "mchenry-county-58758": {"city": "McHenry County", "rent": 1080, "zip": "58758"}, "mchenry-county-58762": {"city": "McHenry County", "rent": 880, "zip": "58762"}, "mchenry-county-58768": {"city": "McHenry County", "rent": 1080, "zip": "58768"}, "mchenry-county-58778": {"city": "McHenry County", "rent": 870, "zip": "58778"}, "mchenry-county-58788": {"city": "McHenry County", "rent": 1040, "zip": "58788"}, "mchenry-county-58789": {"city": "McHenry County", "rent": 980, "zip": "58789"}, "mchenry-county-58790": {"city": "McHenry County", "rent": 940, "zip": "58790"}, "mchenry-county-58792": {"city": "McHenry County", "rent": 1000, "zip": "58792"}, "renville-county-58718": {"city": "Renville County", "rent": 1040, "zip": "58718"}, "renville-county-58725": {"city": "Renville County", "rent": 1130, "zip": "58725"}, "renville-county-58734": {"city": "Renville County", "rent": 940, "zip": "58734"}, "renville-county-58740": {"city": "Renville County", "rent": 1180, "zip": "58740"}, "renville-county-58746": {"city": "Renville County", "rent": 940, "zip": "58746"}, "renville-county-58750": {"city": "Renville County", "rent": 870, "zip": "58750"}, "renville-county-58761": {"city": "Renville County", "rent": 1130, "zip": "58761"}, "renville-county-58782": {"city": "Renville County", "rent": 870, "zip": "58782"}, "renville-county-58787": {"city": "Renville County", "rent": 970, "zip": "58787"}, "ward-county-58701": {"city": "Ward County", "rent": 1030, "zip": "58701"}, "ward-county-58702": {"city": "Ward County", "rent": 1170, "zip": "58702"}, "ward-county-58703": {"city": "Ward County", "rent": 1160, "zip": "58703"}, "ward-county-58704": {"city": "Ward County", "rent": 1620, "zip": "58704"}, "ward-county-58705": {"city": "Ward County", "rent": 1360, "zip": "58705"}, "ward-county-58707": {"city": "Ward County", "rent": 1160, "zip": "58707"}, "ward-county-58716": {"city": "Ward County", "rent": 970, "zip": "58716"}, "ward-county-58718": {"city": "Ward County", "rent": 1040, "zip": "58718"}, "ward-county-58721": {"city": "Ward County", "rent": 960, "zip": "58721"}, "ward-county-58722": {"city": "Ward County", "rent": 1120, "zip": "58722"}, "ward-county-58725": {"city": "Ward County", "rent": 1130, "zip": "58725"}, "ward-county-58731": {"city": "Ward County", "rent": 1150, "zip": "58731"}, "ward-county-58733": {"city": "Ward County", "rent": 1100, "zip": "58733"}, "ward-county-58734": {"city": "Ward County", "rent": 940, "zip": "58734"}, "ward-county-58735": {"city": "Ward County", "rent": 940, "zip": "58735"}, "ward-county-58740": {"city": "Ward County", "rent": 1180, "zip": "58740"}, "ward-county-58746": {"city": "Ward County", "rent": 940, "zip": "58746"}, "ward-county-58756": {"city": "Ward County", "rent": 1150, "zip": "58756"}, "ward-county-58759": {"city": "Ward County", "rent": 1010, "zip": "58759"}, "ward-county-58768": {"city": "Ward County", "rent": 1080, "zip": "58768"}, "ward-county-58771": {"city": "Ward County", "rent": 1100, "zip": "58771"}, "ward-county-58779": {"city": "Ward County", "rent": 940, "zip": "58779"}, "ward-county-58781": {"city": "Ward County", "rent": 1080, "zip": "58781"}, "ward-county-58785": {"city": "Ward County", "rent": 1410, "zip": "58785"}, "ward-county-58787": {"city": "Ward County", "rent": 970, "zip": "58787"}, "ward-county-58790": {"city": "Ward County", "rent": 940, "zip": "58790"}, "adams-county-57638": {"city": "Adams County", "rent": 930, "zip": "57638"}, "adams-county-58562": {"city": "Adams County", "rent": 960, "zip": "58562"}, "adams-county-58639": {"city": "Adams County", "rent": 930, "zip": "58639"}, "adams-county-58646": {"city": "Adams County", "rent": 1080, "zip": "58646"}, "adams-county-58649": {"city": "Adams County", "rent": 930, "zip": "58649"}, "adams-county-58650": {"city": "Adams County", "rent": 870, "zip": "58650"}, "barnes-county-58027": {"city": "Barnes County", "rent": 970, "zip": "58027"}, "barnes-county-58031": {"city": "Barnes County", "rent": 1010, "zip": "58031"}, "barnes-county-58046": {"city": "Barnes County", "rent": 970, "zip": "58046"}, "barnes-county-58049": {"city": "Barnes County", "rent": 940, "zip": "58049"}, "barnes-county-58056": {"city": "Barnes County", "rent": 980, "zip": "58056"}, "barnes-county-58062": {"city": "Barnes County", "rent": 980, "zip": "58062"}, "barnes-county-58063": {"city": "Barnes County", "rent": 970, "zip": "58063"}, "barnes-county-58064": {"city": "Barnes County", "rent": 1010, "zip": "58064"}, "barnes-county-58065": {"city": "Barnes County", "rent": 990, "zip": "58065"}, "barnes-county-58071": {"city": "Barnes County", "rent": 970, "zip": "58071"}, "barnes-county-58072": {"city": "Barnes County", "rent": 950, "zip": "58072"}, "barnes-county-58429": {"city": "Barnes County", "rent": 1110, "zip": "58429"}, "barnes-county-58461": {"city": "Barnes County", "rent": 950, "zip": "58461"}, "barnes-county-58466": {"city": "Barnes County", "rent": 870, "zip": "58466"}, "barnes-county-58479": {"city": "Barnes County", "rent": 950, "zip": "58479"}, "barnes-county-58480": {"city": "Barnes County", "rent": 940, "zip": "58480"}, "barnes-county-58481": {"city": "Barnes County", "rent": 870, "zip": "58481"}, "barnes-county-58492": {"city": "Barnes County", "rent": 870, "zip": "58492"}, "barnes-county-58497": {"city": "Barnes County", "rent": 870, "zip": "58497"}, "benson-county-58301": {"city": "Benson County", "rent": 870, "zip": "58301"}, "benson-county-58325": {"city": "Benson County", "rent": 920, "zip": "58325"}, "benson-county-58332": {"city": "Benson County", "rent": 870, "zip": "58332"}, "benson-county-58335": {"city": "Benson County", "rent": 870, "zip": "58335"}, "benson-county-58341": {"city": "Benson County", "rent": 870, "zip": "58341"}, "benson-county-58343": {"city": "Benson County", "rent": 870, "zip": "58343"}, "benson-county-58346": {"city": "Benson County", "rent": 870, "zip": "58346"}, "benson-county-58348": {"city": "Benson County", "rent": 870, "zip": "58348"}, "benson-county-58351": {"city": "Benson County", "rent": 980, "zip": "58351"}, "benson-county-58357": {"city": "Benson County", "rent": 900, "zip": "58357"}, "benson-county-58368": {"city": "Benson County", "rent": 870, "zip": "58368"}, "benson-county-58370": {"city": "Benson County", "rent": 900, "zip": "58370"}, "benson-county-58374": {"city": "Benson County", "rent": 870, "zip": "58374"}, "benson-county-58379": {"city": "Benson County", "rent": 1110, "zip": "58379"}, "benson-county-58380": {"city": "Benson County", "rent": 920, "zip": "58380"}, "benson-county-58381": {"city": "Benson County", "rent": 930, "zip": "58381"}, "benson-county-58386": {"city": "Benson County", "rent": 870, "zip": "58386"}, "billings-county-58620": {"city": "Billings County", "rent": 930, "zip": "58620"}, "billings-county-58622": {"city": "Billings County", "rent": 1150, "zip": "58622"}, "billings-county-58627": {"city": "Billings County", "rent": 1050, "zip": "58627"}, "billings-county-58634": {"city": "Billings County", "rent": 1260, "zip": "58634"}, "billings-county-58640": {"city": "Billings County", "rent": 1220, "zip": "58640"}, "billings-county-58642": {"city": "Billings County", "rent": 1010, "zip": "58642"}, "billings-county-58645": {"city": "Billings County", "rent": 960, "zip": "58645"}, "bottineau-county-58318": {"city": "Bottineau County", "rent": 890, "zip": "58318"}, "bottineau-county-58329": {"city": "Bottineau County", "rent": 1000, "zip": "58329"}, "bottineau-county-58384": {"city": "Bottineau County", "rent": 990, "zip": "58384"}, "bottineau-county-58711": {"city": "Bottineau County", "rent": 1040, "zip": "58711"}, "bottineau-county-58740": {"city": "Bottineau County", "rent": 1180, "zip": "58740"}, "bottineau-county-58748": {"city": "Bottineau County", "rent": 870, "zip": "58748"}, "bottineau-county-58750": {"city": "Bottineau County", "rent": 870, "zip": "58750"}, "bottineau-county-58760": {"city": "Bottineau County", "rent": 990, "zip": "58760"}, "bottineau-county-58761": {"city": "Bottineau County", "rent": 1130, "zip": "58761"}, "bottineau-county-58762": {"city": "Bottineau County", "rent": 880, "zip": "58762"}, "bottineau-county-58782": {"city": "Bottineau County", "rent": 870, "zip": "58782"}, "bottineau-county-58783": {"city": "Bottineau County", "rent": 870, "zip": "58783"}, "bottineau-county-58789": {"city": "Bottineau County", "rent": 980, "zip": "58789"}, "bottineau-county-58793": {"city": "Bottineau County", "rent": 870, "zip": "58793"}, "bowman-county-58623": {"city": "Bowman County", "rent": 870, "zip": "58623"}, "bowman-county-58643": {"city": "Bowman County", "rent": 920, "zip": "58643"}, "bowman-county-58649": {"city": "Bowman County", "rent": 930, "zip": "58649"}, "bowman-county-58651": {"city": "Bowman County", "rent": 950, "zip": "58651"}, "bowman-county-58653": {"city": "Bowman County", "rent": 930, "zip": "58653"}, "burke-county-58721": {"city": "Burke County", "rent": 960, "zip": "58721"}, "burke-county-58727": {"city": "Burke County", "rent": 1130, "zip": "58727"}, "burke-county-58737": {"city": "Burke County", "rent": 870, "zip": "58737"}, "burke-county-58746": {"city": "Burke County", "rent": 940, "zip": "58746"}, "burke-county-58752": {"city": "Burke County", "rent": 870, "zip": "58752"}, "burke-county-58755": {"city": "Burke County", "rent": 1280, "zip": "58755"}, "burke-county-58772": {"city": "Burke County", "rent": 870, "zip": "58772"}, "burke-county-58773": {"city": "Burke County", "rent": 1290, "zip": "58773"}, "burke-county-58784": {"city": "Burke County", "rent": 1230, "zip": "58784"}, "cavalier-county-58227": {"city": "Cavalier County", "rent": 870, "zip": "58227"}, "cavalier-county-58229": {"city": "Cavalier County", "rent": 920, "zip": "58229"}, "cavalier-county-58239": {"city": "Cavalier County", "rent": 870, "zip": "58239"}, "cavalier-county-58249": {"city": "Cavalier County", "rent": 870, "zip": "58249"}, "cavalier-county-58255": {"city": "Cavalier County", "rent": 870, "zip": "58255"}, "cavalier-county-58260": {"city": "Cavalier County", "rent": 980, "zip": "58260"}, "cavalier-county-58262": {"city": "Cavalier County", "rent": 940, "zip": "58262"}, "cavalier-county-58269": {"city": "Cavalier County", "rent": 1190, "zip": "58269"}, "cavalier-county-58281": {"city": "Cavalier County", "rent": 870, "zip": "58281"}, "cavalier-county-58282": {"city": "Cavalier County", "rent": 870, "zip": "58282"}, "cavalier-county-58311": {"city": "Cavalier County", "rent": 870, "zip": "58311"}, "cavalier-county-58323": {"city": "Cavalier County", "rent": 870, "zip": "58323"}, "cavalier-county-58330": {"city": "Cavalier County", "rent": 990, "zip": "58330"}, "cavalier-county-58338": {"city": "Cavalier County", "rent": 930, "zip": "58338"}, "cavalier-county-58352": {"city": "Cavalier County", "rent": 870, "zip": "58352"}, "cavalier-county-58355": {"city": "Cavalier County", "rent": 870, "zip": "58355"}, "cavalier-county-58372": {"city": "Cavalier County", "rent": 870, "zip": "58372"}, "cavalier-county-58377": {"city": "Cavalier County", "rent": 890, "zip": "58377"}, "dickey-county-58040": {"city": "Dickey County", "rent": 960, "zip": "58040"}, "dickey-county-58413": {"city": "Dickey County", "rent": 930, "zip": "58413"}, "dickey-county-58415": {"city": "Dickey County", "rent": 1060, "zip": "58415"}, "dickey-county-58433": {"city": "Dickey County", "rent": 870, "zip": "58433"}, "dickey-county-58436": {"city": "Dickey County", "rent": 930, "zip": "58436"}, "dickey-county-58439": {"city": "Dickey County", "rent": 1070, "zip": "58439"}, "dickey-county-58441": {"city": "Dickey County", "rent": 1010, "zip": "58441"}, "dickey-county-58456": {"city": "Dickey County", "rent": 1060, "zip": "58456"}, "dickey-county-58458": {"city": "Dickey County", "rent": 1230, "zip": "58458"}, "dickey-county-58474": {"city": "Dickey County", "rent": 870, "zip": "58474"}, "divide-county-58730": {"city": "Divide County", "rent": 1540, "zip": "58730"}, "divide-county-58755": {"city": "Divide County", "rent": 1280, "zip": "58755"}, "divide-county-58765": {"city": "Divide County", "rent": 1570, "zip": "58765"}, "divide-county-58795": {"city": "Divide County", "rent": 1310, "zip": "58795"}, "divide-county-58830": {"city": "Divide County", "rent": 1390, "zip": "58830"}, "divide-county-58833": {"city": "Divide County", "rent": 1530, "zip": "58833"}, "divide-county-58844": {"city": "Divide County", "rent": 1530, "zip": "58844"}, "divide-county-58845": {"city": "Divide County", "rent": 1280, "zip": "58845"}, "divide-county-58856": {"city": "Divide County", "rent": 1280, "zip": "58856"}, "divide-county-59275": {"city": "Divide County", "rent": 1280, "zip": "59275"}, "dunn-county-58601": {"city": "Dunn County", "rent": 1060, "zip": "58601"}, "dunn-county-58622": {"city": "Dunn County", "rent": 1150, "zip": "58622"}, "dunn-county-58625": {"city": "Dunn County", "rent": 1030, "zip": "58625"}, "dunn-county-58626": {"city": "Dunn County", "rent": 900, "zip": "58626"}, "dunn-county-58630": {"city": "Dunn County", "rent": 1040, "zip": "58630"}, "dunn-county-58636": {"city": "Dunn County", "rent": 1030, "zip": "58636"}, "dunn-county-58638": {"city": "Dunn County", "rent": 1030, "zip": "58638"}, "dunn-county-58640": {"city": "Dunn County", "rent": 1220, "zip": "58640"}, "dunn-county-58642": {"city": "Dunn County", "rent": 1010, "zip": "58642"}, "dunn-county-58644": {"city": "Dunn County", "rent": 890, "zip": "58644"}, "dunn-county-58652": {"city": "Dunn County", "rent": 920, "zip": "58652"}, "dunn-county-58656": {"city": "Dunn County", "rent": 1060, "zip": "58656"}, "dunn-county-58757": {"city": "Dunn County", "rent": 1220, "zip": "58757"}, "dunn-county-58854": {"city": "Dunn County", "rent": 1400, "zip": "58854"}, "eddy-county-58356": {"city": "Eddy County", "rent": 920, "zip": "58356"}, "eddy-county-58374": {"city": "Eddy County", "rent": 870, "zip": "58374"}, "eddy-county-58380": {"city": "Eddy County", "rent": 920, "zip": "58380"}, "eddy-county-58381": {"city": "Eddy County", "rent": 930, "zip": "58381"}, "eddy-county-58421": {"city": "Eddy County", "rent": 880, "zip": "58421"}, "eddy-county-58445": {"city": "Eddy County", "rent": 870, "zip": "58445"}, "eddy-county-58464": {"city": "Eddy County", "rent": 990, "zip": "58464"}, "emmons-county-57648": {"city": "Emmons County", "rent": 930, "zip": "57648"}, "emmons-county-58495": {"city": "Emmons County", "rent": 890, "zip": "58495"}, "emmons-county-58504": {"city": "Emmons County", "rent": 1140, "zip": "58504"}, "emmons-county-58524": {"city": "Emmons County", "rent": 930, "zip": "58524"}, "emmons-county-58542": {"city": "Emmons County", "rent": 910, "zip": "58542"}, "emmons-county-58544": {"city": "Emmons County", "rent": 1150, "zip": "58544"}, "emmons-county-58549": {"city": "Emmons County", "rent": 970, "zip": "58549"}, "emmons-county-58552": {"city": "Emmons County", "rent": 870, "zip": "58552"}, "emmons-county-58560": {"city": "Emmons County", "rent": 1170, "zip": "58560"}, "emmons-county-58573": {"city": "Emmons County", "rent": 870, "zip": "58573"}, "emmons-county-58581": {"city": "Emmons County", "rent": 920, "zip": "58581"}, "foster-county-58356": {"city": "Foster County", "rent": 920, "zip": "58356"}, "foster-county-58421": {"city": "Foster County", "rent": 880, "zip": "58421"}, "foster-county-58443": {"city": "Foster County", "rent": 870, "zip": "58443"}, "foster-county-58445": {"city": "Foster County", "rent": 870, "zip": "58445"}, "foster-county-58455": {"city": "Foster County", "rent": 870, "zip": "58455"}, "foster-county-58464": {"city": "Foster County", "rent": 990, "zip": "58464"}, "foster-county-58484": {"city": "Foster County", "rent": 1010, "zip": "58484"}, "golden-valley-county-58621": {"city": "Golden Valley County", "rent": 1220, "zip": "58621"}, "golden-valley-county-58632": {"city": "Golden Valley County", "rent": 1240, "zip": "58632"}, "golden-valley-county-58645": {"city": "Golden Valley County", "rent": 960, "zip": "58645"}, "golden-valley-county-58654": {"city": "Golden Valley County", "rent": 1040, "zip": "58654"}, "grant-county-57638": {"city": "Grant County", "rent": 930, "zip": "57638"}, "grant-county-57641": {"city": "Grant County", "rent": 950, "zip": "57641"}, "grant-county-57645": {"city": "Grant County", "rent": 930, "zip": "57645"}, "grant-county-58520": {"city": "Grant County", "rent": 960, "zip": "58520"}, "grant-county-58529": {"city": "Grant County", "rent": 1040, "zip": "58529"}, "grant-county-58533": {"city": "Grant County", "rent": 870, "zip": "58533"}, "grant-county-58535": {"city": "Grant County", "rent": 1130, "zip": "58535"}, "grant-county-58562": {"city": "Grant County", "rent": 960, "zip": "58562"}, "grant-county-58563": {"city": "Grant County", "rent": 950, "zip": "58563"}, "grant-county-58564": {"city": "Grant County", "rent": 980, "zip": "58564"}, "grant-county-58569": {"city": "Grant County", "rent": 930, "zip": "58569"}, "grant-county-58631": {"city": "Grant County", "rent": 1030, "zip": "58631"}, "grant-county-58638": {"city": "Grant County", "rent": 1030, "zip": "58638"}, "grant-county-58646": {"city": "Grant County", "rent": 1080, "zip": "58646"}, "griggs-county-58056": {"city": "Griggs County", "rent": 980, "zip": "58056"}, "griggs-county-58212": {"city": "Griggs County", "rent": 970, "zip": "58212"}, "griggs-county-58416": {"city": "Griggs County", "rent": 1000, "zip": "58416"}, "griggs-county-58425": {"city": "Griggs County", "rent": 870, "zip": "58425"}, "griggs-county-58429": {"city": "Griggs County", "rent": 1110, "zip": "58429"}, "griggs-county-58443": {"city": "Griggs County", "rent": 870, "zip": "58443"}, "griggs-county-58448": {"city": "Griggs County", "rent": 1170, "zip": "58448"}, "griggs-county-58452": {"city": "Griggs County", "rent": 870, "zip": "58452"}, "griggs-county-58464": {"city": "Griggs County", "rent": 990, "zip": "58464"}, "griggs-county-58484": {"city": "Griggs County", "rent": 1010, "zip": "58484"}, "griggs-county-58492": {"city": "Griggs County", "rent": 870, "zip": "58492"}, "hettinger-county-58562": {"city": "Hettinger County", "rent": 960, "zip": "58562"}, "hettinger-county-58646": {"city": "Hettinger County", "rent": 1080, "zip": "58646"}, "hettinger-county-58647": {"city": "Hettinger County", "rent": 920, "zip": "58647"}, "hettinger-county-58649": {"city": "Hettinger County", "rent": 930, "zip": "58649"}, "hettinger-county-58650": {"city": "Hettinger County", "rent": 870, "zip": "58650"}, "kidder-county-58418": {"city": "Kidder County", "rent": 870, "zip": "58418"}, "kidder-county-58423": {"city": "Kidder County", "rent": 870, "zip": "58423"}, "kidder-county-58428": {"city": "Kidder County", "rent": 890, "zip": "58428"}, "kidder-county-58467": {"city": "Kidder County", "rent": 870, "zip": "58467"}, "kidder-county-58475": {"city": "Kidder County", "rent": 870, "zip": "58475"}, "kidder-county-58478": {"city": "Kidder County", "rent": 870, "zip": "58478"}, "kidder-county-58482": {"city": "Kidder County", "rent": 870, "zip": "58482"}, "kidder-county-58483": {"city": "Kidder County", "rent": 920, "zip": "58483"}, "kidder-county-58487": {"city": "Kidder County", "rent": 880, "zip": "58487"}, "kidder-county-58488": {"city": "Kidder County", "rent": 870, "zip": "58488"}, "kidder-county-58496": {"city": "Kidder County", "rent": 1080, "zip": "58496"}, "kidder-county-58524": {"city": "Kidder County", "rent": 930, "zip": "58524"}, "kidder-county-58532": {"city": "Kidder County", "rent": 1050, "zip": "58532"}, "kidder-county-58549": {"city": "Kidder County", "rent": 970, "zip": "58549"}, "kidder-county-58561": {"city": "Kidder County", "rent": 1020, "zip": "58561"}, "lamoure-county-58033": {"city": "LaMoure County", "rent": 1140, "zip": "58033"}, "lamoure-county-58049": {"city": "LaMoure County", "rent": 940, "zip": "58049"}, "lamoure-county-58415": {"city": "LaMoure County", "rent": 1060, "zip": "58415"}, "lamoure-county-58431": {"city": "LaMoure County", "rent": 970, "zip": "58431"}, "lamoure-county-58433": {"city": "LaMoure County", "rent": 870, "zip": "58433"}, "lamoure-county-58454": {"city": "LaMoure County", "rent": 900, "zip": "58454"}, "lamoure-county-58456": {"city": "LaMoure County", "rent": 1060, "zip": "58456"}, "lamoure-county-58458": {"city": "LaMoure County", "rent": 1230, "zip": "58458"}, "lamoure-county-58461": {"city": "LaMoure County", "rent": 950, "zip": "58461"}, "lamoure-county-58466": {"city": "LaMoure County", "rent": 870, "zip": "58466"}, "lamoure-county-58472": {"city": "LaMoure County", "rent": 870, "zip": "58472"}, "lamoure-county-58474": {"city": "LaMoure County", "rent": 870, "zip": "58474"}, "lamoure-county-58490": {"city": "LaMoure County", "rent": 1110, "zip": "58490"}, "logan-county-58440": {"city": "Logan County", "rent": 1000, "zip": "58440"}, "logan-county-58442": {"city": "Logan County", "rent": 990, "zip": "58442"}, "logan-county-58454": {"city": "Logan County", "rent": 900, "zip": "58454"}, "logan-county-58460": {"city": "Logan County", "rent": 900, "zip": "58460"}, "logan-county-58483": {"city": "Logan County", "rent": 920, "zip": "58483"}, "logan-county-58495": {"city": "Logan County", "rent": 890, "zip": "58495"}, "logan-county-58549": {"city": "Logan County", "rent": 970, "zip": "58549"}, "logan-county-58561": {"city": "Logan County", "rent": 1020, "zip": "58561"}, "mcintosh-county-58413": {"city": "McIntosh County", "rent": 930, "zip": "58413"}, "mcintosh-county-58440": {"city": "McIntosh County", "rent": 1000, "zip": "58440"}, "mcintosh-county-58456": {"city": "McIntosh County", "rent": 1060, "zip": "58456"}, "mcintosh-county-58460": {"city": "McIntosh County", "rent": 900, "zip": "58460"}, "mcintosh-county-58495": {"city": "McIntosh County", "rent": 890, "zip": "58495"}, "mcintosh-county-58581": {"city": "McIntosh County", "rent": 920, "zip": "58581"}, "mckenzie-county-58621": {"city": "McKenzie County", "rent": 1220, "zip": "58621"}, "mckenzie-county-58634": {"city": "McKenzie County", "rent": 1260, "zip": "58634"}, "mckenzie-county-58640": {"city": "McKenzie County", "rent": 1220, "zip": "58640"}, "mckenzie-county-58757": {"city": "McKenzie County", "rent": 1220, "zip": "58757"}, "mckenzie-county-58763": {"city": "McKenzie County", "rent": 1220, "zip": "58763"}, "mckenzie-county-58831": {"city": "McKenzie County", "rent": 1370, "zip": "58831"}, "mckenzie-county-58835": {"city": "McKenzie County", "rent": 1380, "zip": "58835"}, "mckenzie-county-58838": {"city": "McKenzie County", "rent": 1350, "zip": "58838"}, "mckenzie-county-58847": {"city": "McKenzie County", "rent": 1220, "zip": "58847"}, "mckenzie-county-58854": {"city": "McKenzie County", "rent": 1400, "zip": "58854"}, "mckenzie-county-59221": {"city": "McKenzie County", "rent": 1540, "zip": "59221"}, "mckenzie-county-59270": {"city": "McKenzie County", "rent": 1310, "zip": "59270"}, "mclean-county-58531": {"city": "McLean County", "rent": 900, "zip": "58531"}, "mclean-county-58540": {"city": "McLean County", "rent": 870, "zip": "58540"}, "mclean-county-58559": {"city": "McLean County", "rent": 900, "zip": "58559"}, "mclean-county-58565": {"city": "McLean County", "rent": 870, "zip": "58565"}, "mclean-county-58575": {"city": "McLean County", "rent": 880, "zip": "58575"}, "mclean-county-58576": {"city": "McLean County", "rent": 870, "zip": "58576"}, "mclean-county-58577": {"city": "McLean County", "rent": 890, "zip": "58577"}, "mclean-county-58579": {"city": "McLean County", "rent": 980, "zip": "58579"}, "mclean-county-58716": {"city": "McLean County", "rent": 970, "zip": "58716"}, "mclean-county-58723": {"city": "McLean County", "rent": 890, "zip": "58723"}, "mclean-county-58735": {"city": "McLean County", "rent": 940, "zip": "58735"}, "mclean-county-58756": {"city": "McLean County", "rent": 1150, "zip": "58756"}, "mclean-county-58759": {"city": "McLean County", "rent": 1010, "zip": "58759"}, "mclean-county-58770": {"city": "McLean County", "rent": 870, "zip": "58770"}, "mclean-county-58771": {"city": "McLean County", "rent": 1100, "zip": "58771"}, "mclean-county-58775": {"city": "McLean County", "rent": 870, "zip": "58775"}, "mclean-county-58778": {"city": "McLean County", "rent": 870, "zip": "58778"}, "mclean-county-58779": {"city": "McLean County", "rent": 940, "zip": "58779"}, "mercer-county-58523": {"city": "Mercer County", "rent": 1160, "zip": "58523"}, "mercer-county-58530": {"city": "Mercer County", "rent": 1030, "zip": "58530"}, "mercer-county-58541": {"city": "Mercer County", "rent": 1030, "zip": "58541"}, "mercer-county-58545": {"city": "Mercer County", "rent": 1180, "zip": "58545"}, "mercer-county-58571": {"city": "Mercer County", "rent": 1030, "zip": "58571"}, "mercer-county-58580": {"city": "Mercer County", "rent": 1040, "zip": "58580"}, "mercer-county-58625": {"city": "Mercer County", "rent": 1030, "zip": "58625"}, "mercer-county-58631": {"city": "Mercer County", "rent": 1030, "zip": "58631"}, "mercer-county-58636": {"city": "Mercer County", "rent": 1030, "zip": "58636"}, "mercer-county-58638": {"city": "Mercer County", "rent": 1030, "zip": "58638"}, "mountrail-county-58718": {"city": "Mountrail County", "rent": 1040, "zip": "58718"}, "mountrail-county-58734": {"city": "Mountrail County", "rent": 940, "zip": "58734"}, "mountrail-county-58746": {"city": "Mountrail County", "rent": 940, "zip": "58746"}, "mountrail-county-58756": {"city": "Mountrail County", "rent": 1150, "zip": "58756"}, "mountrail-county-58763": {"city": "Mountrail County", "rent": 1220, "zip": "58763"}, "mountrail-county-58769": {"city": "Mountrail County", "rent": 870, "zip": "58769"}, "mountrail-county-58770": {"city": "Mountrail County", "rent": 870, "zip": "58770"}, "mountrail-county-58771": {"city": "Mountrail County", "rent": 1100, "zip": "58771"}, "mountrail-county-58773": {"city": "Mountrail County", "rent": 1290, "zip": "58773"}, "mountrail-county-58776": {"city": "Mountrail County", "rent": 1440, "zip": "58776"}, "mountrail-county-58784": {"city": "Mountrail County", "rent": 1230, "zip": "58784"}, "mountrail-county-58794": {"city": "Mountrail County", "rent": 1240, "zip": "58794"}, "mountrail-county-58852": {"city": "Mountrail County", "rent": 1110, "zip": "58852"}, "nelson-county-58212": {"city": "Nelson County", "rent": 970, "zip": "58212"}, "nelson-county-58224": {"city": "Nelson County", "rent": 870, "zip": "58224"}, "nelson-county-58254": {"city": "Nelson County", "rent": 950, "zip": "58254"}, "nelson-county-58259": {"city": "Nelson County", "rent": 1310, "zip": "58259"}, "nelson-county-58266": {"city": "Nelson County", "rent": 1040, "zip": "58266"}, "nelson-county-58272": {"city": "Nelson County", "rent": 1220, "zip": "58272"}, "nelson-county-58321": {"city": "Nelson County", "rent": 870, "zip": "58321"}, "nelson-county-58327": {"city": "Nelson County", "rent": 870, "zip": "58327"}, "nelson-county-58344": {"city": "Nelson County", "rent": 870, "zip": "58344"}, "nelson-county-58361": {"city": "Nelson County", "rent": 1080, "zip": "58361"}, "nelson-county-58380": {"city": "Nelson County", "rent": 920, "zip": "58380"}, "pembina-county-58216": {"city": "Pembina County", "rent": 910, "zip": "58216"}, "pembina-county-58220": {"city": "Pembina County", "rent": 1000, "zip": "58220"}, "pembina-county-58222": {"city": "Pembina County", "rent": 1310, "zip": "58222"}, "pembina-county-58225": {"city": "Pembina County", "rent": 970, "zip": "58225"}, "pembina-county-58227": {"city": "Pembina County", "rent": 870, "zip": "58227"}, "pembina-county-58236": {"city": "Pembina County", "rent": 930, "zip": "58236"}, "pembina-county-58238": {"city": "Pembina County", "rent": 960, "zip": "58238"}, "pembina-county-58241": {"city": "Pembina County", "rent": 1120, "zip": "58241"}, "pembina-county-58243": {"city": "Pembina County", "rent": 1170, "zip": "58243"}, "pembina-county-58262": {"city": "Pembina County", "rent": 940, "zip": "58262"}, "pembina-county-58265": {"city": "Pembina County", "rent": 910, "zip": "58265"}, "pembina-county-58271": {"city": "Pembina County", "rent": 870, "zip": "58271"}, "pembina-county-58276": {"city": "Pembina County", "rent": 870, "zip": "58276"}, "pembina-county-58282": {"city": "Pembina County", "rent": 870, "zip": "58282"}, "pierce-county-58313": {"city": "Pierce County", "rent": 870, "zip": "58313"}, "pierce-county-58332": {"city": "Pierce County", "rent": 870, "zip": "58332"}, "pierce-county-58341": {"city": "Pierce County", "rent": 870, "zip": "58341"}, "pierce-county-58346": {"city": "Pierce County", "rent": 870, "zip": "58346"}, "pierce-county-58366": {"city": "Pierce County", "rent": 1160, "zip": "58366"}, "pierce-county-58368": {"city": "Pierce County", "rent": 870, "zip": "58368"}, "pierce-county-58384": {"city": "Pierce County", "rent": 990, "zip": "58384"}, "pierce-county-58385": {"city": "Pierce County", "rent": 870, "zip": "58385"}, "pierce-county-58386": {"city": "Pierce County", "rent": 870, "zip": "58386"}, "pierce-county-58710": {"city": "Pierce County", "rent": 1380, "zip": "58710"}, "pierce-county-58758": {"city": "Pierce County", "rent": 1080, "zip": "58758"}, "pierce-county-58788": {"city": "Pierce County", "rent": 1040, "zip": "58788"}, "ramsey-county-58229": {"city": "Ramsey County", "rent": 920, "zip": "58229"}, "ramsey-county-58301": {"city": "Ramsey County", "rent": 870, "zip": "58301"}, "ramsey-county-58321": {"city": "Ramsey County", "rent": 870, "zip": "58321"}, "ramsey-county-58324": {"city": "Ramsey County", "rent": 890, "zip": "58324"}, "ramsey-county-58325": {"city": "Ramsey County", "rent": 920, "zip": "58325"}, "ramsey-county-58327": {"city": "Ramsey County", "rent": 870, "zip": "58327"}, "ramsey-county-58330": {"city": "Ramsey County", "rent": 990, "zip": "58330"}, "ramsey-county-58338": {"city": "Ramsey County", "rent": 930, "zip": "58338"}, "ramsey-county-58344": {"city": "Ramsey County", "rent": 870, "zip": "58344"}, "ramsey-county-58345": {"city": "Ramsey County", "rent": 870, "zip": "58345"}, "ramsey-county-58362": {"city": "Ramsey County", "rent": 870, "zip": "58362"}, "ramsey-county-58377": {"city": "Ramsey County", "rent": 890, "zip": "58377"}, "ramsey-county-58380": {"city": "Ramsey County", "rent": 920, "zip": "58380"}, "ramsey-county-58381": {"city": "Ramsey County", "rent": 930, "zip": "58381"}, "ramsey-county-58382": {"city": "Ramsey County", "rent": 870, "zip": "58382"}, "ransom-county-58027": {"city": "Ransom County", "rent": 970, "zip": "58027"}, "ransom-county-58033": {"city": "Ransom County", "rent": 1140, "zip": "58033"}, "ransom-county-58049": {"city": "Ransom County", "rent": 940, "zip": "58049"}, "ransom-county-58052": {"city": "Ransom County", "rent": 1180, "zip": "58052"}, "ransom-county-58054": {"city": "Ransom County", "rent": 910, "zip": "58054"}, "ransom-county-58057": {"city": "Ransom County", "rent": 1100, "zip": "58057"}, "ransom-county-58060": {"city": "Ransom County", "rent": 950, "zip": "58060"}, "ransom-county-58062": {"city": "Ransom County", "rent": 980, "zip": "58062"}, "ransom-county-58068": {"city": "Ransom County", "rent": 1020, "zip": "58068"}, "ransom-county-58069": {"city": "Ransom County", "rent": 980, "zip": "58069"}, "ransom-county-58490": {"city": "Ransom County", "rent": 1110, "zip": "58490"}, "richland-county-58001": {"city": "Richland County", "rent": 880, "zip": "58001"}, "richland-county-58008": {"city": "Richland County", "rent": 1030, "zip": "58008"}, "richland-county-58015": {"city": "Richland County", "rent": 1210, "zip": "58015"}, "richland-county-58018": {"city": "Richland County", "rent": 1090, "zip": "58018"}, "richland-county-58030": {"city": "Richland County", "rent": 970, "zip": "58030"}, "richland-county-58041": {"city": "Richland County", "rent": 1040, "zip": "58041"}, "richland-county-58047": {"city": "Richland County", "rent": 1050, "zip": "58047"}, "richland-county-58051": {"city": "Richland County", "rent": 970, "zip": "58051"}, "richland-county-58052": {"city": "Richland County", "rent": 1180, "zip": "58052"}, "richland-county-58053": {"city": "Richland County", "rent": 870, "zip": "58053"}, "richland-county-58057": {"city": "Richland County", "rent": 1100, "zip": "58057"}, "richland-county-58058": {"city": "Richland County", "rent": 1010, "zip": "58058"}, "richland-county-58060": {"city": "Richland County", "rent": 950, "zip": "58060"}, "richland-county-58061": {"city": "Richland County", "rent": 870, "zip": "58061"}, "richland-county-58074": {"city": "Richland County", "rent": 920, "zip": "58074"}, "richland-county-58075": {"city": "Richland County", "rent": 880, "zip": "58075"}, "richland-county-58076": {"city": "Richland County", "rent": 880, "zip": "58076"}, "richland-county-58077": {"city": "Richland County", "rent": 1240, "zip": "58077"}, "richland-county-58081": {"city": "Richland County", "rent": 1160, "zip": "58081"}, "rolette-county-58310": {"city": "Rolette County", "rent": 870, "zip": "58310"}, "rolette-county-58316": {"city": "Rolette County", "rent": 970, "zip": "58316"}, "rolette-county-58317": {"city": "Rolette County", "rent": 870, "zip": "58317"}, "rolette-county-58329": {"city": "Rolette County", "rent": 1000, "zip": "58329"}, "rolette-county-58353": {"city": "Rolette County", "rent": 950, "zip": "58353"}, "rolette-county-58363": {"city": "Rolette County", "rent": 890, "zip": "58363"}, "rolette-county-58366": {"city": "Rolette County", "rent": 1160, "zip": "58366"}, "rolette-county-58367": {"city": "Rolette County", "rent": 890, "zip": "58367"}, "rolette-county-58369": {"city": "Rolette County", "rent": 870, "zip": "58369"}, "rolette-county-58384": {"city": "Rolette County", "rent": 990, "zip": "58384"}, "rolette-county-58385": {"city": "Rolette County", "rent": 870, "zip": "58385"}, "sargent-county-58013": {"city": "Sargent County", "rent": 890, "zip": "58013"}, "sargent-county-58017": {"city": "Sargent County", "rent": 900, "zip": "58017"}, "sargent-county-58032": {"city": "Sargent County", "rent": 870, "zip": "58032"}, "sargent-county-58040": {"city": "Sargent County", "rent": 960, "zip": "58040"}, "sargent-county-58043": {"city": "Sargent County", "rent": 890, "zip": "58043"}, "sargent-county-58053": {"city": "Sargent County", "rent": 870, "zip": "58053"}, "sargent-county-58054": {"city": "Sargent County", "rent": 910, "zip": "58054"}, "sargent-county-58060": {"city": "Sargent County", "rent": 950, "zip": "58060"}, "sargent-county-58067": {"city": "Sargent County", "rent": 870, "zip": "58067"}, "sargent-county-58069": {"city": "Sargent County", "rent": 980, "zip": "58069"}, "sargent-county-58474": {"city": "Sargent County", "rent": 870, "zip": "58474"}, "sheridan-county-58341": {"city": "Sheridan County", "rent": 870, "zip": "58341"}, "sheridan-county-58430": {"city": "Sheridan County", "rent": 920, "zip": "58430"}, "sheridan-county-58444": {"city": "Sheridan County", "rent": 920, "zip": "58444"}, "sheridan-county-58463": {"city": "Sheridan County", "rent": 920, "zip": "58463"}, "sheridan-county-58559": {"city": "Sheridan County", "rent": 900, "zip": "58559"}, "sheridan-county-58710": {"city": "Sheridan County", "rent": 1380, "zip": "58710"}, "sheridan-county-58723": {"city": "Sheridan County", "rent": 890, "zip": "58723"}, "sheridan-county-58736": {"city": "Sheridan County", "rent": 900, "zip": "58736"}, "sheridan-county-58758": {"city": "Sheridan County", "rent": 1080, "zip": "58758"}, "sioux-county-57638": {"city": "Sioux County", "rent": 930, "zip": "57638"}, "sioux-county-57641": {"city": "Sioux County", "rent": 950, "zip": "57641"}, "sioux-county-57642": {"city": "Sioux County", "rent": 950, "zip": "57642"}, "sioux-county-57645": {"city": "Sioux County", "rent": 930, "zip": "57645"}, "sioux-county-57660": {"city": "Sioux County", "rent": 930, "zip": "57660"}, "sioux-county-58528": {"city": "Sioux County", "rent": 870, "zip": "58528"}, "sioux-county-58529": {"city": "Sioux County", "rent": 1040, "zip": "58529"}, "sioux-county-58538": {"city": "Sioux County", "rent": 880, "zip": "58538"}, "sioux-county-58568": {"city": "Sioux County", "rent": 980, "zip": "58568"}, "sioux-county-58570": {"city": "Sioux County", "rent": 980, "zip": "58570"}, "slope-county-58620": {"city": "Slope County", "rent": 930, "zip": "58620"}, "slope-county-58623": {"city": "Slope County", "rent": 870, "zip": "58623"}, "slope-county-58643": {"city": "Slope County", "rent": 920, "zip": "58643"}, "slope-county-58647": {"city": "Slope County", "rent": 920, "zip": "58647"}, "slope-county-58649": {"city": "Slope County", "rent": 930, "zip": "58649"}, "slope-county-58651": {"city": "Slope County", "rent": 950, "zip": "58651"}, "slope-county-58653": {"city": "Slope County", "rent": 930, "zip": "58653"}, "slope-county-58654": {"city": "Slope County", "rent": 1040, "zip": "58654"}, "stark-county-58601": {"city": "Stark County", "rent": 1060, "zip": "58601"}, "stark-county-58602": {"city": "Stark County", "rent": 1060, "zip": "58602"}, "stark-county-58622": {"city": "Stark County", "rent": 1150, "zip": "58622"}, "stark-county-58630": {"city": "Stark County", "rent": 1040, "zip": "58630"}, "stark-county-58638": {"city": "Stark County", "rent": 1030, "zip": "58638"}, "stark-county-58641": {"city": "Stark County", "rent": 970, "zip": "58641"}, "stark-county-58646": {"city": "Stark County", "rent": 1080, "zip": "58646"}, "stark-county-58647": {"city": "Stark County", "rent": 920, "zip": "58647"}, "stark-county-58652": {"city": "Stark County", "rent": 920, "zip": "58652"}, "stark-county-58655": {"city": "Stark County", "rent": 920, "zip": "58655"}, "stark-county-58656": {"city": "Stark County", "rent": 1060, "zip": "58656"}, "steele-county-58016": {"city": "Steele County", "rent": 910, "zip": "58016"}, "steele-county-58035": {"city": "Steele County", "rent": 990, "zip": "58035"}, "steele-county-58046": {"city": "Steele County", "rent": 970, "zip": "58046"}, "steele-county-58056": {"city": "Steele County", "rent": 980, "zip": "58056"}, "steele-county-58064": {"city": "Steele County", "rent": 1010, "zip": "58064"}, "steele-county-58212": {"city": "Steele County", "rent": 970, "zip": "58212"}, "steele-county-58230": {"city": "Steele County", "rent": 880, "zip": "58230"}, "steele-county-58240": {"city": "Steele County", "rent": 970, "zip": "58240"}, "steele-county-58267": {"city": "Steele County", "rent": 970, "zip": "58267"}, "steele-county-58274": {"city": "Steele County", "rent": 870, "zip": "58274"}, "steele-county-58277": {"city": "Steele County", "rent": 930, "zip": "58277"}, "steele-county-58425": {"city": "Steele County", "rent": 870, "zip": "58425"}, "stutsman-county-58401": {"city": "Stutsman County", "rent": 870, "zip": "58401"}, "stutsman-county-58402": {"city": "Stutsman County", "rent": 870, "zip": "58402"}, "stutsman-county-58405": {"city": "Stutsman County", "rent": 870, "zip": "58405"}, "stutsman-county-58420": {"city": "Stutsman County", "rent": 870, "zip": "58420"}, "stutsman-county-58421": {"city": "Stutsman County", "rent": 880, "zip": "58421"}, "stutsman-county-58424": {"city": "Stutsman County", "rent": 870, "zip": "58424"}, "stutsman-county-58426": {"city": "Stutsman County", "rent": 870, "zip": "58426"}, "stutsman-county-58442": {"city": "Stutsman County", "rent": 990, "zip": "58442"}, "stutsman-county-58454": {"city": "Stutsman County", "rent": 900, "zip": "58454"}, "stutsman-county-58455": {"city": "Stutsman County", "rent": 870, "zip": "58455"}, "stutsman-county-58466": {"city": "Stutsman County", "rent": 870, "zip": "58466"}, "stutsman-county-58467": {"city": "Stutsman County", "rent": 870, "zip": "58467"}, "stutsman-county-58472": {"city": "Stutsman County", "rent": 870, "zip": "58472"}, "stutsman-county-58475": {"city": "Stutsman County", "rent": 870, "zip": "58475"}, "stutsman-county-58476": {"city": "Stutsman County", "rent": 1310, "zip": "58476"}, "stutsman-county-58481": {"city": "Stutsman County", "rent": 870, "zip": "58481"}, "stutsman-county-58483": {"city": "Stutsman County", "rent": 920, "zip": "58483"}, "stutsman-county-58486": {"city": "Stutsman County", "rent": 870, "zip": "58486"}, "stutsman-county-58492": {"city": "Stutsman County", "rent": 870, "zip": "58492"}, "stutsman-county-58496": {"city": "Stutsman County", "rent": 1080, "zip": "58496"}, "stutsman-county-58497": {"city": "Stutsman County", "rent": 870, "zip": "58497"}, "towner-county-58310": {"city": "Towner County", "rent": 870, "zip": "58310"}, "towner-county-58317": {"city": "Towner County", "rent": 870, "zip": "58317"}, "towner-county-58323": {"city": "Towner County", "rent": 870, "zip": "58323"}, "towner-county-58324": {"city": "Towner County", "rent": 890, "zip": "58324"}, "towner-county-58325": {"city": "Towner County", "rent": 920, "zip": "58325"}, "towner-county-58331": {"city": "Towner County", "rent": 880, "zip": "58331"}, "towner-county-58339": {"city": "Towner County", "rent": 870, "zip": "58339"}, "towner-county-58346": {"city": "Towner County", "rent": 870, "zip": "58346"}, "towner-county-58352": {"city": "Towner County", "rent": 870, "zip": "58352"}, "towner-county-58363": {"city": "Towner County", "rent": 890, "zip": "58363"}, "towner-county-58365": {"city": "Towner County", "rent": 870, "zip": "58365"}, "towner-county-58367": {"city": "Towner County", "rent": 890, "zip": "58367"}, "towner-county-58372": {"city": "Towner County", "rent": 870, "zip": "58372"}, "towner-county-58377": {"city": "Towner County", "rent": 890, "zip": "58377"}, "traill-county-58009": {"city": "Traill County", "rent": 920, "zip": "58009"}, "traill-county-58016": {"city": "Traill County", "rent": 910, "zip": "58016"}, "traill-county-58035": {"city": "Traill County", "rent": 990, "zip": "58035"}, "traill-county-58038": {"city": "Traill County", "rent": 970, "zip": "58038"}, "traill-county-58045": {"city": "Traill County", "rent": 870, "zip": "58045"}, "traill-county-58048": {"city": "Traill County", "rent": 970, "zip": "58048"}, "traill-county-58218": {"city": "Traill County", "rent": 870, "zip": "58218"}, "traill-county-58219": {"city": "Traill County", "rent": 870, "zip": "58219"}, "traill-county-58223": {"city": "Traill County", "rent": 890, "zip": "58223"}, "traill-county-58240": {"city": "Traill County", "rent": 970, "zip": "58240"}, "traill-county-58257": {"city": "Traill County", "rent": 910, "zip": "58257"}, "traill-county-58274": {"city": "Traill County", "rent": 870, "zip": "58274"}, "traill-county-58275": {"city": "Traill County", "rent": 1240, "zip": "58275"}, "walsh-county-56744": {"city": "Walsh County", "rent": 1140, "zip": "56744"}, "walsh-county-58210": {"city": "Walsh County", "rent": 870, "zip": "58210"}, "walsh-county-58224": {"city": "Walsh County", "rent": 870, "zip": "58224"}, "walsh-county-58225": {"city": "Walsh County", "rent": 970, "zip": "58225"}, "walsh-county-58227": {"city": "Walsh County", "rent": 870, "zip": "58227"}, "walsh-county-58229": {"city": "Walsh County", "rent": 920, "zip": "58229"}, "walsh-county-58231": {"city": "Walsh County", "rent": 970, "zip": "58231"}, "walsh-county-58233": {"city": "Walsh County", "rent": 970, "zip": "58233"}, "walsh-county-58237": {"city": "Walsh County", "rent": 870, "zip": "58237"}, "walsh-county-58243": {"city": "Walsh County", "rent": 1170, "zip": "58243"}, "walsh-county-58250": {"city": "Walsh County", "rent": 1040, "zip": "58250"}, "walsh-county-58259": {"city": "Walsh County", "rent": 1310, "zip": "58259"}, "walsh-county-58260": {"city": "Walsh County", "rent": 980, "zip": "58260"}, "walsh-county-58261": {"city": "Walsh County", "rent": 970, "zip": "58261"}, "walsh-county-58270": {"city": "Walsh County", "rent": 1180, "zip": "58270"}, "walsh-county-58273": {"city": "Walsh County", "rent": 1030, "zip": "58273"}, "walsh-county-58321": {"city": "Walsh County", "rent": 870, "zip": "58321"}, "walsh-county-58330": {"city": "Walsh County", "rent": 990, "zip": "58330"}, "walsh-county-58345": {"city": "Walsh County", "rent": 870, "zip": "58345"}, "wells-county-58341": {"city": "Wells County", "rent": 870, "zip": "58341"}, "wells-county-58348": {"city": "Wells County", "rent": 870, "zip": "58348"}, "wells-county-58356": {"city": "Wells County", "rent": 920, "zip": "58356"}, "wells-county-58374": {"city": "Wells County", "rent": 870, "zip": "58374"}, "wells-county-58418": {"city": "Wells County", "rent": 870, "zip": "58418"}, "wells-county-58421": {"city": "Wells County", "rent": 880, "zip": "58421"}, "wells-county-58422": {"city": "Wells County", "rent": 910, "zip": "58422"}, "wells-county-58423": {"city": "Wells County", "rent": 870, "zip": "58423"}, "wells-county-58438": {"city": "Wells County", "rent": 910, "zip": "58438"}, "wells-county-58451": {"city": "Wells County", "rent": 870, "zip": "58451"}, "wells-county-58486": {"city": "Wells County", "rent": 870, "zip": "58486"}, "wells-county-58488": {"city": "Wells County", "rent": 870, "zip": "58488"}, "wells-county-58758": {"city": "Wells County", "rent": 1080, "zip": "58758"}, "williams-county-58755": {"city": "Williams County", "rent": 1280, "zip": "58755"}, "williams-county-58794": {"city": "Williams County", "rent": 1240, "zip": "58794"}, "williams-county-58795": {"city": "Williams County", "rent": 1310, "zip": "58795"}, "williams-county-58801": {"city": "Williams County", "rent": 1200, "zip": "58801"}, "williams-county-58802": {"city": "Williams County", "rent": 1200, "zip": "58802"}, "williams-county-58803": {"city": "Williams County", "rent": 1200, "zip": "58803"}, "williams-county-58830": {"city": "Williams County", "rent": 1390, "zip": "58830"}, "williams-county-58843": {"city": "Williams County", "rent": 1640, "zip": "58843"}, "williams-county-58845": {"city": "Williams County", "rent": 1280, "zip": "58845"}, "williams-county-58849": {"city": "Williams County", "rent": 1040, "zip": "58849"}, "williams-county-58852": {"city": "Williams County", "rent": 1110, "zip": "58852"}, "williams-county-58853": {"city": "Williams County", "rent": 1270, "zip": "58853"}, "williams-county-58856": {"city": "Williams County", "rent": 1280, "zip": "58856"}}