{"albany-97321": {"city": "Albany", "rent": 1490, "zip": "97321"}, "albany-97322": {"city": "Albany", "rent": 1550, "zip": "97322"}, "albany-97327": {"city": "Albany", "rent": 1570, "zip": "97327"}, "albany-97329": {"city": "Albany", "rent": 1600, "zip": "97329"}, "albany-97333": {"city": "Albany", "rent": 1700, "zip": "97333"}, "albany-97335": {"city": "Albany", "rent": 1510, "zip": "97335"}, "albany-97336": {"city": "Albany", "rent": 1460, "zip": "97336"}, "albany-97345": {"city": "Albany", "rent": 1450, "zip": "97345"}, "albany-97346": {"city": "Albany", "rent": 1400, "zip": "97346"}, "albany-97348": {"city": "Albany", "rent": 1900, "zip": "97348"}, "albany-97350": {"city": "Albany", "rent": 1950, "zip": "97350"}, "albany-97352": {"city": "Albany", "rent": 1450, "zip": "97352"}, "albany-97355": {"city": "Albany", "rent": 1520, "zip": "97355"}, "albany-97358": {"city": "Albany", "rent": 1390, "zip": "97358"}, "albany-97360": {"city": "Albany", "rent": 1390, "zip": "97360"}, "albany-97374": {"city": "Albany", "rent": 1500, "zip": "97374"}, "albany-97377": {"city": "Albany", "rent": 1620, "zip": "97377"}, "albany-97383": {"city": "Albany", "rent": 1390, "zip": "97383"}, "albany-97386": {"city": "Albany", "rent": 1410, "zip": "97386"}, "albany-97389": {"city": "Albany", "rent": 2120, "zip": "97389"}, "albany-97446": {"city": "Albany", "rent": 1420, "zip": "97446"}, "albany-97759": {"city": "Albany", "rent": 1600, "zip": "97759"}, "bend-redmond-97701": {"city": "Bend-Redmond", "rent": 1790, "zip": "97701"}, "bend-redmond-97702": {"city": "Bend-Redmond", "rent": 1910, "zip": "97702"}, "bend-redmond-97703": {"city": "Bend-Redmond", "rent": 1970, "zip": "97703"}, "bend-redmond-97707": {"city": "Bend-Redmond", "rent": 2050, "zip": "97707"}, "bend-redmond-97708": {"city": "Bend-Redmond", "rent": 1780, "zip": "97708"}, "bend-redmond-97709": {"city": "Bend-Redmond", "rent": 1780, "zip": "97709"}, "bend-redmond-97712": {"city": "Bend-Redmond", "rent": 1510, "zip": "97712"}, "bend-redmond-97739": {"city": "Bend-Redmond", "rent": 1510, "zip": "97739"}, "bend-redmond-97756": {"city": "Bend-Redmond", "rent": 1570, "zip": "97756"}, "bend-redmond-97759": {"city": "Bend-Redmond", "rent": 1600, "zip": "97759"}, "bend-redmond-97760": {"city": "Bend-Redmond", "rent": 1620, "zip": "97760"}, "crook-county-97701": {"city": "Crook County", "rent": 1790, "zip": "97701"}, "crook-county-97751": {"city": "Crook County", "rent": 1260, "zip": "97751"}, "crook-county-97752": {"city": "Crook County", "rent": 1390, "zip": "97752"}, "crook-county-97753": {"city": "Crook County", "rent": 1560, "zip": "97753"}, "crook-county-97754": {"city": "Crook County", "rent": 1380, "zip": "97754"}, "crook-county-97756": {"city": "Crook County", "rent": 1570, "zip": "97756"}, "crook-county-97760": {"city": "Crook County", "rent": 1620, "zip": "97760"}, "jefferson-county-97711": {"city": "Jefferson County", "rent": 1230, "zip": "97711"}, "jefferson-county-97730": {"city": "Jefferson County", "rent": 1840, "zip": "97730"}, "jefferson-county-97734": {"city": "Jefferson County", "rent": 1310, "zip": "97734"}, "jefferson-county-97741": {"city": "Jefferson County", "rent": 1440, "zip": "97741"}, "jefferson-county-97759": {"city": "Jefferson County", "rent": 1600, "zip": "97759"}, "jefferson-county-97760": {"city": "Jefferson County", "rent": 1620, "zip": "97760"}, "jefferson-county-97761": {"city": "Jefferson County", "rent": 1440, "zip": "97761"}, "corvallis-97321": {"city": "Corvallis", "rent": 1490, "zip": "97321"}, "corvallis-97324": {"city": "Corvallis", "rent": 1480, "zip": "97324"}, "corvallis-97326": {"city": "Corvallis", "rent": 1550, "zip": "97326"}, "corvallis-97330": {"city": "Corvallis", "rent": 1650, "zip": "97330"}, "corvallis-97331": {"city": "Corvallis", "rent": 1680, "zip": "97331"}, "corvallis-97333": {"city": "Corvallis", "rent": 1700, "zip": "97333"}, "corvallis-97339": {"city": "Corvallis", "rent": 1620, "zip": "97339"}, "corvallis-97361": {"city": "Corvallis", "rent": 1480, "zip": "97361"}, "corvallis-97370": {"city": "Corvallis", "rent": 1590, "zip": "97370"}, "corvallis-97448": {"city": "Corvallis", "rent": 1480, "zip": "97448"}, "corvallis-97456": {"city": "Corvallis", "rent": 1570, "zip": "97456"}, "eugene-springfield-97324": {"city": "Eugene-Springfield", "rent": 1480, "zip": "97324"}, "eugene-springfield-97390": {"city": "Eugene-Springfield", "rent": 1350, "zip": "97390"}, "eugene-springfield-97401": {"city": "Eugene-Springfield", "rent": 1820, "zip": "97401"}, "eugene-springfield-97402": {"city": "Eugene-Springfield", "rent": 1710, "zip": "97402"}, "eugene-springfield-97403": {"city": "Eugene-Springfield", "rent": 1810, "zip": "97403"}, "eugene-springfield-97404": {"city": "Eugene-Springfield", "rent": 1730, "zip": "97404"}, "eugene-springfield-97405": {"city": "Eugene-Springfield", "rent": 1810, "zip": "97405"}, "eugene-springfield-97408": {"city": "Eugene-Springfield", "rent": 2140, "zip": "97408"}, "eugene-springfield-97409": {"city": "Eugene-Springfield", "rent": 1690, "zip": "97409"}, "eugene-springfield-97412": {"city": "Eugene-Springfield", "rent": 1380, "zip": "97412"}, "eugene-springfield-97413": {"city": "Eugene-Springfield", "rent": 1350, "zip": "97413"}, "eugene-springfield-97419": {"city": "Eugene-Springfield", "rent": 1450, "zip": "97419"}, "eugene-springfield-97424": {"city": "Eugene-Springfield", "rent": 1490, "zip": "97424"}, "eugene-springfield-97426": {"city": "Eugene-Springfield", "rent": 1700, "zip": "97426"}, "eugene-springfield-97430": {"city": "Eugene-Springfield", "rent": 1350, "zip": "97430"}, "eugene-springfield-97431": {"city": "Eugene-Springfield", "rent": 2530, "zip": "97431"}, "eugene-springfield-97434": {"city": "Eugene-Springfield", "rent": 1490, "zip": "97434"}, "eugene-springfield-97437": {"city": "Eugene-Springfield", "rent": 1620, "zip": "97437"}, "eugene-springfield-97438": {"city": "Eugene-Springfield", "rent": 2530, "zip": "97438"}, "eugene-springfield-97439": {"city": "Eugene-Springfield", "rent": 1580, "zip": "97439"}, "eugene-springfield-97440": {"city": "Eugene-Springfield", "rent": 1690, "zip": "97440"}, "eugene-springfield-97446": {"city": "Eugene-Springfield", "rent": 1420, "zip": "97446"}, "eugene-springfield-97448": {"city": "Eugene-Springfield", "rent": 1480, "zip": "97448"}, "eugene-springfield-97451": {"city": "Eugene-Springfield", "rent": 1580, "zip": "97451"}, "eugene-springfield-97452": {"city": "Eugene-Springfield", "rent": 1370, "zip": "97452"}, "eugene-springfield-97453": {"city": "Eugene-Springfield", "rent": 1380, "zip": "97453"}, "eugene-springfield-97454": {"city": "Eugene-Springfield", "rent": 1790, "zip": "97454"}, "eugene-springfield-97455": {"city": "Eugene-Springfield", "rent": 2010, "zip": "97455"}, "eugene-springfield-97456": {"city": "Eugene-Springfield", "rent": 1570, "zip": "97456"}, "eugene-springfield-97461": {"city": "Eugene-Springfield", "rent": 1690, "zip": "97461"}, "eugene-springfield-97463": {"city": "Eugene-Springfield", "rent": 1350, "zip": "97463"}, "eugene-springfield-97475": {"city": "Eugene-Springfield", "rent": 1690, "zip": "97475"}, "eugene-springfield-97477": {"city": "Eugene-Springfield", "rent": 1610, "zip": "97477"}, "eugene-springfield-97478": {"city": "Eugene-Springfield", "rent": 1720, "zip": "97478"}, "eugene-springfield-97480": {"city": "Eugene-Springfield", "rent": 1460, "zip": "97480"}, "eugene-springfield-97487": {"city": "Eugene-Springfield", "rent": 1750, "zip": "97487"}, "eugene-springfield-97488": {"city": "Eugene-Springfield", "rent": 1530, "zip": "97488"}, "eugene-springfield-97489": {"city": "Eugene-Springfield", "rent": 1720, "zip": "97489"}, "eugene-springfield-97490": {"city": "Eugene-Springfield", "rent": 1690, "zip": "97490"}, "eugene-springfield-97492": {"city": "Eugene-Springfield", "rent": 1730, "zip": "97492"}, "eugene-springfield-97493": {"city": "Eugene-Springfield", "rent": 1430, "zip": "97493"}, "eugene-springfield-97498": {"city": "Eugene-Springfield", "rent": 1740, "zip": "97498"}, "grants-pass-97497": {"city": "Grants Pass", "rent": 1320, "zip": "97497"}, "grants-pass-97523": {"city": "Grants Pass", "rent": 1420, "zip": "97523"}, "grants-pass-97526": {"city": "Grants Pass", "rent": 1320, "zip": "97526"}, "grants-pass-97527": {"city": "Grants Pass", "rent": 1560, "zip": "97527"}, "grants-pass-97528": {"city": "Grants Pass", "rent": 1360, "zip": "97528"}, "grants-pass-97530": {"city": "Grants Pass", "rent": 2010, "zip": "97530"}, "grants-pass-97531": {"city": "Grants Pass", "rent": 1420, "zip": "97531"}, "grants-pass-97532": {"city": "Grants Pass", "rent": 1230, "zip": "97532"}, "grants-pass-97533": {"city": "Grants Pass", "rent": 1360, "zip": "97533"}, "grants-pass-97534": {"city": "Grants Pass", "rent": 1340, "zip": "97534"}, "grants-pass-97538": {"city": "Grants Pass", "rent": 1400, "zip": "97538"}, "grants-pass-97543": {"city": "Grants Pass", "rent": 1350, "zip": "97543"}, "grants-pass-97544": {"city": "Grants Pass", "rent": 1860, "zip": "97544"}, "medford-97497": {"city": "Medford", "rent": 1320, "zip": "97497"}, "medford-97501": {"city": "Medford", "rent": 1510, "zip": "97501"}, "medford-97502": {"city": "Medford", "rent": 1610, "zip": "97502"}, "medford-97503": {"city": "Medford", "rent": 1400, "zip": "97503"}, "medford-97504": {"city": "Medford", "rent": 1570, "zip": "97504"}, "medford-97520": {"city": "Medford", "rent": 1600, "zip": "97520"}, "medford-97522": {"city": "Medford", "rent": 1320, "zip": "97522"}, "medford-97524": {"city": "Medford", "rent": 1530, "zip": "97524"}, "medford-97525": {"city": "Medford", "rent": 1420, "zip": "97525"}, "medford-97526": {"city": "Medford", "rent": 1320, "zip": "97526"}, "medford-97527": {"city": "Medford", "rent": 1560, "zip": "97527"}, "medford-97530": {"city": "Medford", "rent": 2010, "zip": "97530"}, "medford-97535": {"city": "Medford", "rent": 1440, "zip": "97535"}, "medford-97536": {"city": "Medford", "rent": 1320, "zip": "97536"}, "medford-97537": {"city": "Medford", "rent": 1430, "zip": "97537"}, "medford-97539": {"city": "Medford", "rent": 1530, "zip": "97539"}, "medford-97540": {"city": "Medford", "rent": 1670, "zip": "97540"}, "medford-97541": {"city": "Medford", "rent": 1320, "zip": "97541"}, "portland-vancouver-hillsboro-97002": {"city": "Portland-Vancouver-Hillsboro", "rent": 1800, "zip": "97002"}, "portland-vancouver-hillsboro-97003": {"city": "Portland-Vancouver-Hillsboro", "rent": 2170, "zip": "97003"}, "portland-vancouver-hillsboro-97004": {"city": "Portland-Vancouver-Hillsboro", "rent": 1980, "zip": "97004"}, "portland-vancouver-hillsboro-97005": {"city": "Portland-Vancouver-Hillsboro", "rent": 1880, "zip": "97005"}, "portland-vancouver-hillsboro-97006": {"city": "Portland-Vancouver-Hillsboro", "rent": 2230, "zip": "97006"}, "portland-vancouver-hillsboro-97007": {"city": "Portland-Vancouver-Hillsboro", "rent": 2100, "zip": "97007"}, "portland-vancouver-hillsboro-97008": {"city": "Portland-Vancouver-Hillsboro", "rent": 1880, "zip": "97008"}, "portland-vancouver-hillsboro-97009": {"city": "Portland-Vancouver-Hillsboro", "rent": 1940, "zip": "97009"}, "portland-vancouver-hillsboro-97010": {"city": "Portland-Vancouver-Hillsboro", "rent": 1870, "zip": "97010"}, "portland-vancouver-hillsboro-97011": {"city": "Portland-Vancouver-Hillsboro", "rent": 1890, "zip": "97011"}, "portland-vancouver-hillsboro-97013": {"city": "Portland-Vancouver-Hillsboro", "rent": 1800, "zip": "97013"}, "portland-vancouver-hillsboro-97014": {"city": "Portland-Vancouver-Hillsboro", "rent": 1830, "zip": "97014"}, "portland-vancouver-hillsboro-97015": {"city": "Portland-Vancouver-Hillsboro", "rent": 2030, "zip": "97015"}, "portland-vancouver-hillsboro-97016": {"city": "Portland-Vancouver-Hillsboro", "rent": 1800, "zip": "97016"}, "portland-vancouver-hillsboro-97017": {"city": "Portland-Vancouver-Hillsboro", "rent": 1800, "zip": "97017"}, "portland-vancouver-hillsboro-97018": {"city": "Portland-Vancouver-Hillsboro", "rent": 1800, "zip": "97018"}, "portland-vancouver-hillsboro-97019": {"city": "Portland-Vancouver-Hillsboro", "rent": 2170, "zip": "97019"}, "portland-vancouver-hillsboro-97022": {"city": "Portland-Vancouver-Hillsboro", "rent": 1800, "zip": "97022"}, "portland-vancouver-hillsboro-97023": {"city": "Portland-Vancouver-Hillsboro", "rent": 1800, "zip": "97023"}, "portland-vancouver-hillsboro-97024": {"city": "Portland-Vancouver-Hillsboro", "rent": 1800, "zip": "97024"}, "portland-vancouver-hillsboro-97027": {"city": "Portland-Vancouver-Hillsboro", "rent": 1980, "zip": "97027"}, "portland-vancouver-hillsboro-97028": {"city": "Portland-Vancouver-Hillsboro", "rent": 1890, "zip": "97028"}, "portland-vancouver-hillsboro-97030": {"city": "Portland-Vancouver-Hillsboro", "rent": 1930, "zip": "97030"}, "portland-vancouver-hillsboro-97032": {"city": "Portland-Vancouver-Hillsboro", "rent": 1800, "zip": "97032"}, "portland-vancouver-hillsboro-97034": {"city": "Portland-Vancouver-Hillsboro", "rent": 2310, "zip": "97034"}, "portland-vancouver-hillsboro-97035": {"city": "Portland-Vancouver-Hillsboro", "rent": 2280, "zip": "97035"}, "portland-vancouver-hillsboro-97036": {"city": "Portland-Vancouver-Hillsboro", "rent": 1950, "zip": "97036"}, "portland-vancouver-hillsboro-97038": {"city": "Portland-Vancouver-Hillsboro", "rent": 1800, "zip": "97038"}, "portland-vancouver-hillsboro-97042": {"city": "Portland-Vancouver-Hillsboro", "rent": 1960, "zip": "97042"}, "portland-vancouver-hillsboro-97045": {"city": "Portland-Vancouver-Hillsboro", "rent": 1940, "zip": "97045"}, "portland-vancouver-hillsboro-97048": {"city": "Portland-Vancouver-Hillsboro", "rent": 1800, "zip": "97048"}, "portland-vancouver-hillsboro-97049": {"city": "Portland-Vancouver-Hillsboro", "rent": 1970, "zip": "97049"}, "portland-vancouver-hillsboro-97051": {"city": "Portland-Vancouver-Hillsboro", "rent": 1800, "zip": "97051"}, "portland-vancouver-hillsboro-97053": {"city": "Portland-Vancouver-Hillsboro", "rent": 1800, "zip": "97053"}, "portland-vancouver-hillsboro-97054": {"city": "Portland-Vancouver-Hillsboro", "rent": 1800, "zip": "97054"}, "portland-vancouver-hillsboro-97055": {"city": "Portland-Vancouver-Hillsboro", "rent": 1870, "zip": "97055"}, "portland-vancouver-hillsboro-97056": {"city": "Portland-Vancouver-Hillsboro", "rent": 1970, "zip": "97056"}, "portland-vancouver-hillsboro-97060": {"city": "Portland-Vancouver-Hillsboro", "rent": 1800, "zip": "97060"}, "portland-vancouver-hillsboro-97062": {"city": "Portland-Vancouver-Hillsboro", "rent": 2090, "zip": "97062"}, "portland-vancouver-hillsboro-97064": {"city": "Portland-Vancouver-Hillsboro", "rent": 1800, "zip": "97064"}, "portland-vancouver-hillsboro-97067": {"city": "Portland-Vancouver-Hillsboro", "rent": 1850, "zip": "97067"}, "portland-vancouver-hillsboro-97068": {"city": "Portland-Vancouver-Hillsboro", "rent": 2330, "zip": "97068"}, "portland-vancouver-hillsboro-97070": {"city": "Portland-Vancouver-Hillsboro", "rent": 2150, "zip": "97070"}, "portland-vancouver-hillsboro-97071": {"city": "Portland-Vancouver-Hillsboro", "rent": 1800, "zip": "97071"}, "portland-vancouver-hillsboro-97075": {"city": "Portland-Vancouver-Hillsboro", "rent": 2040, "zip": "97075"}, "portland-vancouver-hillsboro-97078": {"city": "Portland-Vancouver-Hillsboro", "rent": 2080, "zip": "97078"}, "portland-vancouver-hillsboro-97080": {"city": "Portland-Vancouver-Hillsboro", "rent": 1830, "zip": "97080"}, "portland-vancouver-hillsboro-97086": {"city": "Portland-Vancouver-Hillsboro", "rent": 1910, "zip": "97086"}, "portland-vancouver-hillsboro-97089": {"city": "Portland-Vancouver-Hillsboro", "rent": 2780, "zip": "97089"}, "portland-vancouver-hillsboro-97101": {"city": "Portland-Vancouver-Hillsboro", "rent": 1800, "zip": "97101"}, "portland-vancouver-hillsboro-97106": {"city": "Portland-Vancouver-Hillsboro", "rent": 1850, "zip": "97106"}, "portland-vancouver-hillsboro-97109": {"city": "Portland-Vancouver-Hillsboro", "rent": 1960, "zip": "97109"}, "portland-vancouver-hillsboro-97111": {"city": "Portland-Vancouver-Hillsboro", "rent": 1870, "zip": "97111"}, "portland-vancouver-hillsboro-97113": {"city": "Portland-Vancouver-Hillsboro", "rent": 1800, "zip": "97113"}, "portland-vancouver-hillsboro-97114": {"city": "Portland-Vancouver-Hillsboro", "rent": 1920, "zip": "97114"}, "portland-vancouver-hillsboro-97115": {"city": "Portland-Vancouver-Hillsboro", "rent": 2260, "zip": "97115"}, "portland-vancouver-hillsboro-97116": {"city": "Portland-Vancouver-Hillsboro", "rent": 1800, "zip": "97116"}, "portland-vancouver-hillsboro-97117": {"city": "Portland-Vancouver-Hillsboro", "rent": 1800, "zip": "97117"}, "portland-vancouver-hillsboro-97119": {"city": "Portland-Vancouver-Hillsboro", "rent": 1800, "zip": "97119"}, "portland-vancouver-hillsboro-97123": {"city": "Portland-Vancouver-Hillsboro", "rent": 1980, "zip": "97123"}, "portland-vancouver-hillsboro-97124": {"city": "Portland-Vancouver-Hillsboro", "rent": 2260, "zip": "97124"}, "portland-vancouver-hillsboro-97125": {"city": "Portland-Vancouver-Hillsboro", "rent": 1800, "zip": "97125"}, "portland-vancouver-hillsboro-97127": {"city": "Portland-Vancouver-Hillsboro", "rent": 1800, "zip": "97127"}, "portland-vancouver-hillsboro-97128": {"city": "Portland-Vancouver-Hillsboro", "rent": 1800, "zip": "97128"}, "portland-vancouver-hillsboro-97129": {"city": "Portland-Vancouver-Hillsboro", "rent": 2040, "zip": "97129"}, "portland-vancouver-hillsboro-97132": {"city": "Portland-Vancouver-Hillsboro", "rent": 1800, "zip": "97132"}, "portland-vancouver-hillsboro-97133": {"city": "Portland-Vancouver-Hillsboro", "rent": 2280, "zip": "97133"}, "portland-vancouver-hillsboro-97140": {"city": "Portland-Vancouver-Hillsboro", "rent": 2420, "zip": "97140"}, "portland-vancouver-hillsboro-97144": {"city": "Portland-Vancouver-Hillsboro", "rent": 2040, "zip": "97144"}, "portland-vancouver-hillsboro-97148": {"city": "Portland-Vancouver-Hillsboro", "rent": 1920, "zip": "97148"}, "portland-vancouver-hillsboro-97201": {"city": "Portland-Vancouver-Hillsboro", "rent": 2280, "zip": "97201"}, "portland-vancouver-hillsboro-97202": {"city": "Portland-Vancouver-Hillsboro", "rent": 2050, "zip": "97202"}, "portland-vancouver-hillsboro-97203": {"city": "Portland-Vancouver-Hillsboro", "rent": 1850, "zip": "97203"}, "portland-vancouver-hillsboro-97204": {"city": "Portland-Vancouver-Hillsboro", "rent": 1800, "zip": "97204"}, "portland-vancouver-hillsboro-97205": {"city": "Portland-Vancouver-Hillsboro", "rent": 1800, "zip": "97205"}, "portland-vancouver-hillsboro-97206": {"city": "Portland-Vancouver-Hillsboro", "rent": 1870, "zip": "97206"}, "portland-vancouver-hillsboro-97207": {"city": "Portland-Vancouver-Hillsboro", "rent": 1870, "zip": "97207"}, "portland-vancouver-hillsboro-97208": {"city": "Portland-Vancouver-Hillsboro", "rent": 2330, "zip": "97208"}, "portland-vancouver-hillsboro-97209": {"city": "Portland-Vancouver-Hillsboro", "rent": 2330, "zip": "97209"}, "portland-vancouver-hillsboro-97210": {"city": "Portland-Vancouver-Hillsboro", "rent": 1850, "zip": "97210"}, "portland-vancouver-hillsboro-97211": {"city": "Portland-Vancouver-Hillsboro", "rent": 2180, "zip": "97211"}, "portland-vancouver-hillsboro-97212": {"city": "Portland-Vancouver-Hillsboro", "rent": 2110, "zip": "97212"}, "portland-vancouver-hillsboro-97213": {"city": "Portland-Vancouver-Hillsboro", "rent": 2020, "zip": "97213"}, "portland-vancouver-hillsboro-97214": {"city": "Portland-Vancouver-Hillsboro", "rent": 2300, "zip": "97214"}, "portland-vancouver-hillsboro-97215": {"city": "Portland-Vancouver-Hillsboro", "rent": 1820, "zip": "97215"}, "portland-vancouver-hillsboro-97216": {"city": "Portland-Vancouver-Hillsboro", "rent": 1800, "zip": "97216"}, "portland-vancouver-hillsboro-97217": {"city": "Portland-Vancouver-Hillsboro", "rent": 2320, "zip": "97217"}, "portland-vancouver-hillsboro-97218": {"city": "Portland-Vancouver-Hillsboro", "rent": 1840, "zip": "97218"}, "portland-vancouver-hillsboro-97219": {"city": "Portland-Vancouver-Hillsboro", "rent": 2050, "zip": "97219"}, "portland-vancouver-hillsboro-97220": {"city": "Portland-Vancouver-Hillsboro", "rent": 1800, "zip": "97220"}, "portland-vancouver-hillsboro-97221": {"city": "Portland-Vancouver-Hillsboro", "rent": 1960, "zip": "97221"}, "portland-vancouver-hillsboro-97222": {"city": "Portland-Vancouver-Hillsboro", "rent": 1870, "zip": "97222"}, "portland-vancouver-hillsboro-97223": {"city": "Portland-Vancouver-Hillsboro", "rent": 2030, "zip": "97223"}, "portland-vancouver-hillsboro-97224": {"city": "Portland-Vancouver-Hillsboro", "rent": 1950, "zip": "97224"}, "portland-vancouver-hillsboro-97225": {"city": "Portland-Vancouver-Hillsboro", "rent": 1970, "zip": "97225"}, "portland-vancouver-hillsboro-97227": {"city": "Portland-Vancouver-Hillsboro", "rent": 1930, "zip": "97227"}, "portland-vancouver-hillsboro-97228": {"city": "Portland-Vancouver-Hillsboro", "rent": 1870, "zip": "97228"}, "portland-vancouver-hillsboro-97229": {"city": "Portland-Vancouver-Hillsboro", "rent": 2150, "zip": "97229"}, "portland-vancouver-hillsboro-97230": {"city": "Portland-Vancouver-Hillsboro", "rent": 1810, "zip": "97230"}, "portland-vancouver-hillsboro-97231": {"city": "Portland-Vancouver-Hillsboro", "rent": 1800, "zip": "97231"}, "portland-vancouver-hillsboro-97232": {"city": "Portland-Vancouver-Hillsboro", "rent": 1970, "zip": "97232"}, "portland-vancouver-hillsboro-97233": {"city": "Portland-Vancouver-Hillsboro", "rent": 1800, "zip": "97233"}, "portland-vancouver-hillsboro-97236": {"city": "Portland-Vancouver-Hillsboro", "rent": 1800, "zip": "97236"}, "portland-vancouver-hillsboro-97238": {"city": "Portland-Vancouver-Hillsboro", "rent": 1870, "zip": "97238"}, "portland-vancouver-hillsboro-97239": {"city": "Portland-Vancouver-Hillsboro", "rent": 2220, "zip": "97239"}, "portland-vancouver-hillsboro-97240": {"city": "Portland-Vancouver-Hillsboro", "rent": 1870, "zip": "97240"}, "portland-vancouver-hillsboro-97242": {"city": "Portland-Vancouver-Hillsboro", "rent": 1870, "zip": "97242"}, "portland-vancouver-hillsboro-97250": {"city": "Portland-Vancouver-Hillsboro", "rent": 1870, "zip": "97250"}, "portland-vancouver-hillsboro-97251": {"city": "Portland-Vancouver-Hillsboro", "rent": 1870, "zip": "97251"}, "portland-vancouver-hillsboro-97252": {"city": "Portland-Vancouver-Hillsboro", "rent": 1870, "zip": "97252"}, "portland-vancouver-hillsboro-97253": {"city": "Portland-Vancouver-Hillsboro", "rent": 1870, "zip": "97253"}, "portland-vancouver-hillsboro-97254": {"city": "Portland-Vancouver-Hillsboro", "rent": 1870, "zip": "97254"}, "portland-vancouver-hillsboro-97258": {"city": "Portland-Vancouver-Hillsboro", "rent": 1870, "zip": "97258"}, "portland-vancouver-hillsboro-97266": {"city": "Portland-Vancouver-Hillsboro", "rent": 1850, "zip": "97266"}, "portland-vancouver-hillsboro-97267": {"city": "Portland-Vancouver-Hillsboro", "rent": 1800, "zip": "97267"}, "portland-vancouver-hillsboro-97268": {"city": "Portland-Vancouver-Hillsboro", "rent": 1950, "zip": "97268"}, "portland-vancouver-hillsboro-97269": {"city": "Portland-Vancouver-Hillsboro", "rent": 1950, "zip": "97269"}, "portland-vancouver-hillsboro-97280": {"city": "Portland-Vancouver-Hillsboro", "rent": 1870, "zip": "97280"}, "portland-vancouver-hillsboro-97281": {"city": "Portland-Vancouver-Hillsboro", "rent": 2040, "zip": "97281"}, "portland-vancouver-hillsboro-97282": {"city": "Portland-Vancouver-Hillsboro", "rent": 1870, "zip": "97282"}, "portland-vancouver-hillsboro-97283": {"city": "Portland-Vancouver-Hillsboro", "rent": 1870, "zip": "97283"}, "portland-vancouver-hillsboro-97286": {"city": "Portland-Vancouver-Hillsboro", "rent": 1870, "zip": "97286"}, "portland-vancouver-hillsboro-97290": {"city": "Portland-Vancouver-Hillsboro", "rent": 1870, "zip": "97290"}, "portland-vancouver-hillsboro-97292": {"city": "Portland-Vancouver-Hillsboro", "rent": 1870, "zip": "97292"}, "portland-vancouver-hillsboro-97293": {"city": "Portland-Vancouver-Hillsboro", "rent": 1870, "zip": "97293"}, "portland-vancouver-hillsboro-97294": {"city": "Portland-Vancouver-Hillsboro", "rent": 1870, "zip": "97294"}, "portland-vancouver-hillsboro-97296": {"city": "Portland-Vancouver-Hillsboro", "rent": 1870, "zip": "97296"}, "portland-vancouver-hillsboro-97298": {"city": "Portland-Vancouver-Hillsboro", "rent": 2040, "zip": "97298"}, "portland-vancouver-hillsboro-97304": {"city": "Portland-Vancouver-Hillsboro", "rent": 1800, "zip": "97304"}, "portland-vancouver-hillsboro-97347": {"city": "Portland-Vancouver-Hillsboro", "rent": 1800, "zip": "97347"}, "portland-vancouver-hillsboro-97362": {"city": "Portland-Vancouver-Hillsboro", "rent": 1800, "zip": "97362"}, "portland-vancouver-hillsboro-97375": {"city": "Portland-Vancouver-Hillsboro", "rent": 1800, "zip": "97375"}, "portland-vancouver-hillsboro-97378": {"city": "Portland-Vancouver-Hillsboro", "rent": 1800, "zip": "97378"}, "portland-vancouver-hillsboro-97396": {"city": "Portland-Vancouver-Hillsboro", "rent": 1800, "zip": "97396"}, "portland-vancouver-hillsboro-98601": {"city": "Portland-Vancouver-Hillsboro", "rent": 1800, "zip": "98601"}, "portland-vancouver-hillsboro-98604": {"city": "Portland-Vancouver-Hillsboro", "rent": 1800, "zip": "98604"}, "portland-vancouver-hillsboro-98605": {"city": "Portland-Vancouver-Hillsboro", "rent": 1800, "zip": "98605"}, "portland-vancouver-hillsboro-98606": {"city": "Portland-Vancouver-Hillsboro", "rent": 1910, "zip": "98606"}, "portland-vancouver-hillsboro-98607": {"city": "Portland-Vancouver-Hillsboro", "rent": 2110, "zip": "98607"}, "portland-vancouver-hillsboro-98610": {"city": "Portland-Vancouver-Hillsboro", "rent": 1800, "zip": "98610"}, "portland-vancouver-hillsboro-98616": {"city": "Portland-Vancouver-Hillsboro", "rent": 2110, "zip": "98616"}, "portland-vancouver-hillsboro-98622": {"city": "Portland-Vancouver-Hillsboro", "rent": 1920, "zip": "98622"}, "portland-vancouver-hillsboro-98629": {"city": "Portland-Vancouver-Hillsboro", "rent": 2320, "zip": "98629"}, "portland-vancouver-hillsboro-98639": {"city": "Portland-Vancouver-Hillsboro", "rent": 1800, "zip": "98639"}, "portland-vancouver-hillsboro-98642": {"city": "Portland-Vancouver-Hillsboro", "rent": 2310, "zip": "98642"}, "portland-vancouver-hillsboro-98648": {"city": "Portland-Vancouver-Hillsboro", "rent": 1800, "zip": "98648"}, "portland-vancouver-hillsboro-98651": {"city": "Portland-Vancouver-Hillsboro", "rent": 1800, "zip": "98651"}, "portland-vancouver-hillsboro-98660": {"city": "Portland-Vancouver-Hillsboro", "rent": 1800, "zip": "98660"}, "portland-vancouver-hillsboro-98661": {"city": "Portland-Vancouver-Hillsboro", "rent": 1800, "zip": "98661"}, "portland-vancouver-hillsboro-98662": {"city": "Portland-Vancouver-Hillsboro", "rent": 1980, "zip": "98662"}, "portland-vancouver-hillsboro-98663": {"city": "Portland-Vancouver-Hillsboro", "rent": 1800, "zip": "98663"}, "portland-vancouver-hillsboro-98664": {"city": "Portland-Vancouver-Hillsboro", "rent": 1860, "zip": "98664"}, "portland-vancouver-hillsboro-98665": {"city": "Portland-Vancouver-Hillsboro", "rent": 1910, "zip": "98665"}, "portland-vancouver-hillsboro-98666": {"city": "Portland-Vancouver-Hillsboro", "rent": 1920, "zip": "98666"}, "portland-vancouver-hillsboro-98668": {"city": "Portland-Vancouver-Hillsboro", "rent": 1920, "zip": "98668"}, "portland-vancouver-hillsboro-98671": {"city": "Portland-Vancouver-Hillsboro", "rent": 1800, "zip": "98671"}, "portland-vancouver-hillsboro-98672": {"city": "Portland-Vancouver-Hillsboro", "rent": 1800, "zip": "98672"}, "portland-vancouver-hillsboro-98674": {"city": "Portland-Vancouver-Hillsboro", "rent": 1800, "zip": "98674"}, "portland-vancouver-hillsboro-98675": {"city": "Portland-Vancouver-Hillsboro", "rent": 2110, "zip": "98675"}, "portland-vancouver-hillsboro-98682": {"city": "Portland-Vancouver-Hillsboro", "rent": 1860, "zip": "98682"}, "portland-vancouver-hillsboro-98683": {"city": "Portland-Vancouver-Hillsboro", "rent": 2030, "zip": "98683"}, "portland-vancouver-hillsboro-98684": {"city": "Portland-Vancouver-Hillsboro", "rent": 2140, "zip": "98684"}, "portland-vancouver-hillsboro-98685": {"city": "Portland-Vancouver-Hillsboro", "rent": 2160, "zip": "98685"}, "portland-vancouver-hillsboro-98686": {"city": "Portland-Vancouver-Hillsboro", "rent": 2080, "zip": "98686"}, "portland-vancouver-hillsboro-98687": {"city": "Portland-Vancouver-Hillsboro", "rent": 1920, "zip": "98687"}, "salem-97002": {"city": "Salem", "rent": 1800, "zip": "97002"}, "salem-97020": {"city": "Salem", "rent": 1760, "zip": "97020"}, "salem-97026": {"city": "Salem", "rent": 1810, "zip": "97026"}, "salem-97032": {"city": "Salem", "rent": 1800, "zip": "97032"}, "salem-97071": {"city": "Salem", "rent": 1800, "zip": "97071"}, "salem-97101": {"city": "Salem", "rent": 1800, "zip": "97101"}, "salem-97137": {"city": "Salem", "rent": 1690, "zip": "97137"}, "salem-97301": {"city": "Salem", "rent": 1490, "zip": "97301"}, "salem-97302": {"city": "Salem", "rent": 1500, "zip": "97302"}, "salem-97303": {"city": "Salem", "rent": 1540, "zip": "97303"}, "salem-97304": {"city": "Salem", "rent": 1800, "zip": "97304"}, "salem-97305": {"city": "Salem", "rent": 1640, "zip": "97305"}, "salem-97306": {"city": "Salem", "rent": 1650, "zip": "97306"}, "salem-97307": {"city": "Salem", "rent": 1560, "zip": "97307"}, "salem-97308": {"city": "Salem", "rent": 1560, "zip": "97308"}, "salem-97309": {"city": "Salem", "rent": 1560, "zip": "97309"}, "salem-97310": {"city": "Salem", "rent": 1600, "zip": "97310"}, "salem-97317": {"city": "Salem", "rent": 1670, "zip": "97317"}, "salem-97325": {"city": "Salem", "rent": 1860, "zip": "97325"}, "salem-97338": {"city": "Salem", "rent": 1450, "zip": "97338"}, "salem-97342": {"city": "Salem", "rent": 1920, "zip": "97342"}, "salem-97344": {"city": "Salem", "rent": 1400, "zip": "97344"}, "salem-97346": {"city": "Salem", "rent": 1400, "zip": "97346"}, "salem-97347": {"city": "Salem", "rent": 1800, "zip": "97347"}, "salem-97350": {"city": "Salem", "rent": 1950, "zip": "97350"}, "salem-97351": {"city": "Salem", "rent": 1810, "zip": "97351"}, "salem-97352": {"city": "Salem", "rent": 1450, "zip": "97352"}, "salem-97358": {"city": "Salem", "rent": 1390, "zip": "97358"}, "salem-97360": {"city": "Salem", "rent": 1390, "zip": "97360"}, "salem-97361": {"city": "Salem", "rent": 1480, "zip": "97361"}, "salem-97362": {"city": "Salem", "rent": 1800, "zip": "97362"}, "salem-97370": {"city": "Salem", "rent": 1590, "zip": "97370"}, "salem-97371": {"city": "Salem", "rent": 1630, "zip": "97371"}, "salem-97373": {"city": "Salem", "rent": 1390, "zip": "97373"}, "salem-97375": {"city": "Salem", "rent": 1800, "zip": "97375"}, "salem-97378": {"city": "Salem", "rent": 1800, "zip": "97378"}, "salem-97381": {"city": "Salem", "rent": 1740, "zip": "97381"}, "salem-97383": {"city": "Salem", "rent": 1390, "zip": "97383"}, "salem-97384": {"city": "Salem", "rent": 1390, "zip": "97384"}, "salem-97385": {"city": "Salem", "rent": 1680, "zip": "97385"}, "salem-97392": {"city": "Salem", "rent": 1390, "zip": "97392"}, "salem-97396": {"city": "Salem", "rent": 1800, "zip": "97396"}, "baker-county-97814": {"city": "Baker County", "rent": 1030, "zip": "97814"}, "baker-county-97819": {"city": "Baker County", "rent": 1050, "zip": "97819"}, "baker-county-97833": {"city": "Baker County", "rent": 1010, "zip": "97833"}, "baker-county-97834": {"city": "Baker County", "rent": 1350, "zip": "97834"}, "baker-county-97837": {"city": "Baker County", "rent": 1050, "zip": "97837"}, "baker-county-97840": {"city": "Baker County", "rent": 1270, "zip": "97840"}, "baker-county-97867": {"city": "Baker County", "rent": 990, "zip": "97867"}, "baker-county-97870": {"city": "Baker County", "rent": 970, "zip": "97870"}, "baker-county-97877": {"city": "Baker County", "rent": 1080, "zip": "97877"}, "baker-county-97883": {"city": "Baker County", "rent": 1180, "zip": "97883"}, "baker-county-97884": {"city": "Baker County", "rent": 1050, "zip": "97884"}, "baker-county-97905": {"city": "Baker County", "rent": 1000, "zip": "97905"}, "baker-county-97907": {"city": "Baker County", "rent": 970, "zip": "97907"}, "clatsop-county-97016": {"city": "Clatsop County", "rent": 1800, "zip": "97016"}, "clatsop-county-97102": {"city": "Clatsop County", "rent": 1610, "zip": "97102"}, "clatsop-county-97103": {"city": "Clatsop County", "rent": 1500, "zip": "97103"}, "clatsop-county-97110": {"city": "Clatsop County", "rent": 1430, "zip": "97110"}, "clatsop-county-97121": {"city": "Clatsop County", "rent": 1580, "zip": "97121"}, "clatsop-county-97131": {"city": "Clatsop County", "rent": 1630, "zip": "97131"}, "clatsop-county-97138": {"city": "Clatsop County", "rent": 1300, "zip": "97138"}, "clatsop-county-97145": {"city": "Clatsop County", "rent": 1430, "zip": "97145"}, "clatsop-county-97146": {"city": "Clatsop County", "rent": 1600, "zip": "97146"}, "coos-county-97406": {"city": "Coos County", "rent": 1330, "zip": "97406"}, "coos-county-97407": {"city": "Coos County", "rent": 1270, "zip": "97407"}, "coos-county-97411": {"city": "Coos County", "rent": 1480, "zip": "97411"}, "coos-county-97414": {"city": "Coos County", "rent": 1120, "zip": "97414"}, "coos-county-97420": {"city": "Coos County", "rent": 1210, "zip": "97420"}, "coos-county-97423": {"city": "Coos County", "rent": 1530, "zip": "97423"}, "coos-county-97449": {"city": "Coos County", "rent": 1680, "zip": "97449"}, "coos-county-97450": {"city": "Coos County", "rent": 1480, "zip": "97450"}, "coos-county-97458": {"city": "Coos County", "rent": 1120, "zip": "97458"}, "coos-county-97459": {"city": "Coos County", "rent": 1300, "zip": "97459"}, "coos-county-97466": {"city": "Coos County", "rent": 1040, "zip": "97466"}, "curry-county-97406": {"city": "Curry County", "rent": 1330, "zip": "97406"}, "curry-county-97415": {"city": "Curry County", "rent": 1450, "zip": "97415"}, "curry-county-97444": {"city": "Curry County", "rent": 1330, "zip": "97444"}, "curry-county-97450": {"city": "Curry County", "rent": 1480, "zip": "97450"}, "curry-county-97464": {"city": "Curry County", "rent": 1400, "zip": "97464"}, "curry-county-97465": {"city": "Curry County", "rent": 1310, "zip": "97465"}, "curry-county-97476": {"city": "Curry County", "rent": 1310, "zip": "97476"}, "curry-county-97491": {"city": "Curry County", "rent": 1400, "zip": "97491"}, "douglas-county-97410": {"city": "Douglas County", "rent": 1150, "zip": "97410"}, "douglas-county-97416": {"city": "Douglas County", "rent": 1100, "zip": "97416"}, "douglas-county-97417": {"city": "Douglas County", "rent": 1210, "zip": "97417"}, "douglas-county-97424": {"city": "Douglas County", "rent": 1490, "zip": "97424"}, "douglas-county-97429": {"city": "Douglas County", "rent": 1210, "zip": "97429"}, "douglas-county-97432": {"city": "Douglas County", "rent": 1270, "zip": "97432"}, "douglas-county-97435": {"city": "Douglas County", "rent": 1260, "zip": "97435"}, "douglas-county-97436": {"city": "Douglas County", "rent": 1250, "zip": "97436"}, "douglas-county-97441": {"city": "Douglas County", "rent": 1060, "zip": "97441"}, "douglas-county-97442": {"city": "Douglas County", "rent": 1160, "zip": "97442"}, "douglas-county-97443": {"city": "Douglas County", "rent": 1060, "zip": "97443"}, "douglas-county-97447": {"city": "Douglas County", "rent": 1060, "zip": "97447"}, "douglas-county-97457": {"city": "Douglas County", "rent": 1210, "zip": "97457"}, "douglas-county-97459": {"city": "Douglas County", "rent": 1300, "zip": "97459"}, "douglas-county-97462": {"city": "Douglas County", "rent": 1330, "zip": "97462"}, "douglas-county-97467": {"city": "Douglas County", "rent": 1060, "zip": "97467"}, "douglas-county-97469": {"city": "Douglas County", "rent": 1120, "zip": "97469"}, "douglas-county-97470": {"city": "Douglas County", "rent": 1270, "zip": "97470"}, "douglas-county-97471": {"city": "Douglas County", "rent": 1470, "zip": "97471"}, "douglas-county-97473": {"city": "Douglas County", "rent": 1060, "zip": "97473"}, "douglas-county-97479": {"city": "Douglas County", "rent": 1510, "zip": "97479"}, "douglas-county-97481": {"city": "Douglas County", "rent": 1400, "zip": "97481"}, "douglas-county-97484": {"city": "Douglas County", "rent": 1270, "zip": "97484"}, "douglas-county-97486": {"city": "Douglas County", "rent": 1380, "zip": "97486"}, "douglas-county-97493": {"city": "Douglas County", "rent": 1430, "zip": "97493"}, "douglas-county-97494": {"city": "Douglas County", "rent": 1350, "zip": "97494"}, "douglas-county-97495": {"city": "Douglas County", "rent": 1240, "zip": "97495"}, "douglas-county-97496": {"city": "Douglas County", "rent": 1270, "zip": "97496"}, "douglas-county-97499": {"city": "Douglas County", "rent": 1470, "zip": "97499"}, "douglas-county-97731": {"city": "Douglas County", "rent": 1250, "zip": "97731"}, "gilliam-county-97812": {"city": "Gilliam County", "rent": 1160, "zip": "97812"}, "gilliam-county-97823": {"city": "Gilliam County", "rent": 970, "zip": "97823"}, "gilliam-county-97830": {"city": "Gilliam County", "rent": 970, "zip": "97830"}, "gilliam-county-97843": {"city": "Gilliam County", "rent": 1130, "zip": "97843"}, "grant-county-97817": {"city": "Grant County", "rent": 1130, "zip": "97817"}, "grant-county-97820": {"city": "Grant County", "rent": 990, "zip": "97820"}, "grant-county-97825": {"city": "Grant County", "rent": 1200, "zip": "97825"}, "grant-county-97845": {"city": "Grant County", "rent": 1200, "zip": "97845"}, "grant-county-97848": {"city": "Grant County", "rent": 1100, "zip": "97848"}, "grant-county-97856": {"city": "Grant County", "rent": 1130, "zip": "97856"}, "grant-county-97864": {"city": "Grant County", "rent": 1130, "zip": "97864"}, "grant-county-97865": {"city": "Grant County", "rent": 970, "zip": "97865"}, "grant-county-97869": {"city": "Grant County", "rent": 1210, "zip": "97869"}, "grant-county-97873": {"city": "Grant County", "rent": 990, "zip": "97873"}, "grant-county-97877": {"city": "Grant County", "rent": 1080, "zip": "97877"}, "grant-county-97880": {"city": "Grant County", "rent": 1240, "zip": "97880"}, "harney-county-97710": {"city": "Harney County", "rent": 1010, "zip": "97710"}, "harney-county-97720": {"city": "Harney County", "rent": 1020, "zip": "97720"}, "harney-county-97721": {"city": "Harney County", "rent": 1010, "zip": "97721"}, "harney-county-97722": {"city": "Harney County", "rent": 1010, "zip": "97722"}, "harney-county-97732": {"city": "Harney County", "rent": 1020, "zip": "97732"}, "harney-county-97736": {"city": "Harney County", "rent": 1010, "zip": "97736"}, "harney-county-97738": {"city": "Harney County", "rent": 970, "zip": "97738"}, "harney-county-97754": {"city": "Harney County", "rent": 1380, "zip": "97754"}, "harney-county-97758": {"city": "Harney County", "rent": 1090, "zip": "97758"}, "harney-county-97904": {"city": "Harney County", "rent": 1010, "zip": "97904"}, "hood-river-county-97014": {"city": "Hood River County", "rent": 1830, "zip": "97014"}, "hood-river-county-97031": {"city": "Hood River County", "rent": 1920, "zip": "97031"}, "hood-river-county-97041": {"city": "Hood River County", "rent": 1700, "zip": "97041"}, "hood-river-county-97044": {"city": "Hood River County", "rent": 1880, "zip": "97044"}, "klamath-county-97601": {"city": "Klamath County", "rent": 1200, "zip": "97601"}, "klamath-county-97602": {"city": "Klamath County", "rent": 1250, "zip": "97602"}, "klamath-county-97603": {"city": "Klamath County", "rent": 1310, "zip": "97603"}, "klamath-county-97604": {"city": "Klamath County", "rent": 1250, "zip": "97604"}, "klamath-county-97621": {"city": "Klamath County", "rent": 1250, "zip": "97621"}, "klamath-county-97622": {"city": "Klamath County", "rent": 1120, "zip": "97622"}, "klamath-county-97623": {"city": "Klamath County", "rent": 1120, "zip": "97623"}, "klamath-county-97624": {"city": "Klamath County", "rent": 1340, "zip": "97624"}, "klamath-county-97625": {"city": "Klamath County", "rent": 1240, "zip": "97625"}, "klamath-county-97626": {"city": "Klamath County", "rent": 1260, "zip": "97626"}, "klamath-county-97627": {"city": "Klamath County", "rent": 1150, "zip": "97627"}, "klamath-county-97632": {"city": "Klamath County", "rent": 1120, "zip": "97632"}, "klamath-county-97633": {"city": "Klamath County", "rent": 1110, "zip": "97633"}, "klamath-county-97634": {"city": "Klamath County", "rent": 1310, "zip": "97634"}, "klamath-county-97639": {"city": "Klamath County", "rent": 1230, "zip": "97639"}, "klamath-county-97731": {"city": "Klamath County", "rent": 1250, "zip": "97731"}, "klamath-county-97733": {"city": "Klamath County", "rent": 1250, "zip": "97733"}, "klamath-county-97737": {"city": "Klamath County", "rent": 1340, "zip": "97737"}, "klamath-county-97739": {"city": "Klamath County", "rent": 1510, "zip": "97739"}, "lake-county-97620": {"city": "Lake County", "rent": 1150, "zip": "97620"}, "lake-county-97630": {"city": "Lake County", "rent": 1070, "zip": "97630"}, "lake-county-97635": {"city": "Lake County", "rent": 1070, "zip": "97635"}, "lake-county-97636": {"city": "Lake County", "rent": 1460, "zip": "97636"}, "lake-county-97637": {"city": "Lake County", "rent": 1150, "zip": "97637"}, "lake-county-97638": {"city": "Lake County", "rent": 1150, "zip": "97638"}, "lake-county-97640": {"city": "Lake County", "rent": 1430, "zip": "97640"}, "lake-county-97641": {"city": "Lake County", "rent": 1130, "zip": "97641"}, "lake-county-97735": {"city": "Lake County", "rent": 1130, "zip": "97735"}, "lake-county-97758": {"city": "Lake County", "rent": 1090, "zip": "97758"}, "lincoln-county-97324": {"city": "Lincoln County", "rent": 1480, "zip": "97324"}, "lincoln-county-97326": {"city": "Lincoln County", "rent": 1550, "zip": "97326"}, "lincoln-county-97341": {"city": "Lincoln County", "rent": 1530, "zip": "97341"}, "lincoln-county-97343": {"city": "Lincoln County", "rent": 1330, "zip": "97343"}, "lincoln-county-97357": {"city": "Lincoln County", "rent": 1560, "zip": "97357"}, "lincoln-county-97364": {"city": "Lincoln County", "rent": 2030, "zip": "97364"}, "lincoln-county-97365": {"city": "Lincoln County", "rent": 1490, "zip": "97365"}, "lincoln-county-97366": {"city": "Lincoln County", "rent": 1820, "zip": "97366"}, "lincoln-county-97367": {"city": "Lincoln County", "rent": 1600, "zip": "97367"}, "lincoln-county-97368": {"city": "Lincoln County", "rent": 1410, "zip": "97368"}, "lincoln-county-97369": {"city": "Lincoln County", "rent": 1510, "zip": "97369"}, "lincoln-county-97376": {"city": "Lincoln County", "rent": 1210, "zip": "97376"}, "lincoln-county-97380": {"city": "Lincoln County", "rent": 1780, "zip": "97380"}, "lincoln-county-97388": {"city": "Lincoln County", "rent": 1610, "zip": "97388"}, "lincoln-county-97390": {"city": "Lincoln County", "rent": 1350, "zip": "97390"}, "lincoln-county-97391": {"city": "Lincoln County", "rent": 1320, "zip": "97391"}, "lincoln-county-97394": {"city": "Lincoln County", "rent": 1340, "zip": "97394"}, "lincoln-county-97498": {"city": "Lincoln County", "rent": 1740, "zip": "97498"}, "malheur-county-89421": {"city": "Malheur County", "rent": 1290, "zip": "89421"}, "malheur-county-97901": {"city": "Malheur County", "rent": 1150, "zip": "97901"}, "malheur-county-97902": {"city": "Malheur County", "rent": 1260, "zip": "97902"}, "malheur-county-97903": {"city": "Malheur County", "rent": 1080, "zip": "97903"}, "malheur-county-97906": {"city": "Malheur County", "rent": 1080, "zip": "97906"}, "malheur-county-97907": {"city": "Malheur County", "rent": 970, "zip": "97907"}, "malheur-county-97908": {"city": "Malheur County", "rent": 1080, "zip": "97908"}, "malheur-county-97909": {"city": "Malheur County", "rent": 1050, "zip": "97909"}, "malheur-county-97910": {"city": "Malheur County", "rent": 1660, "zip": "97910"}, "malheur-county-97911": {"city": "Malheur County", "rent": 1080, "zip": "97911"}, "malheur-county-97913": {"city": "Malheur County", "rent": 1030, "zip": "97913"}, "malheur-county-97914": {"city": "Malheur County", "rent": 1090, "zip": "97914"}, "malheur-county-97917": {"city": "Malheur County", "rent": 1080, "zip": "97917"}, "malheur-county-97918": {"city": "Malheur County", "rent": 1090, "zip": "97918"}, "malheur-county-97920": {"city": "Malheur County", "rent": 1080, "zip": "97920"}, "morrow-county-97818": {"city": "Morrow County", "rent": 1010, "zip": "97818"}, "morrow-county-97823": {"city": "Morrow County", "rent": 970, "zip": "97823"}, "morrow-county-97826": {"city": "Morrow County", "rent": 1200, "zip": "97826"}, "morrow-county-97836": {"city": "Morrow County", "rent": 1120, "zip": "97836"}, "morrow-county-97838": {"city": "Morrow County", "rent": 1320, "zip": "97838"}, "morrow-county-97839": {"city": "Morrow County", "rent": 1180, "zip": "97839"}, "morrow-county-97843": {"city": "Morrow County", "rent": 1130, "zip": "97843"}, "morrow-county-97844": {"city": "Morrow County", "rent": 1020, "zip": "97844"}, "morrow-county-97882": {"city": "Morrow County", "rent": 1290, "zip": "97882"}, "sherman-county-97029": {"city": "Sherman County", "rent": 1510, "zip": "97029"}, "sherman-county-97033": {"city": "Sherman County", "rent": 1160, "zip": "97033"}, "sherman-county-97039": {"city": "Sherman County", "rent": 1310, "zip": "97039"}, "sherman-county-97050": {"city": "Sherman County", "rent": 1120, "zip": "97050"}, "sherman-county-97065": {"city": "Sherman County", "rent": 1430, "zip": "97065"}, "tillamook-county-97102": {"city": "Tillamook County", "rent": 1610, "zip": "97102"}, "tillamook-county-97107": {"city": "Tillamook County", "rent": 1520, "zip": "97107"}, "tillamook-county-97108": {"city": "Tillamook County", "rent": 1620, "zip": "97108"}, "tillamook-county-97112": {"city": "Tillamook County", "rent": 1620, "zip": "97112"}, "tillamook-county-97118": {"city": "Tillamook County", "rent": 1360, "zip": "97118"}, "tillamook-county-97122": {"city": "Tillamook County", "rent": 1620, "zip": "97122"}, "tillamook-county-97130": {"city": "Tillamook County", "rent": 1750, "zip": "97130"}, "tillamook-county-97131": {"city": "Tillamook County", "rent": 1630, "zip": "97131"}, "tillamook-county-97134": {"city": "Tillamook County", "rent": 1340, "zip": "97134"}, "tillamook-county-97135": {"city": "Tillamook County", "rent": 1630, "zip": "97135"}, "tillamook-county-97136": {"city": "Tillamook County", "rent": 1380, "zip": "97136"}, "tillamook-county-97141": {"city": "Tillamook County", "rent": 1340, "zip": "97141"}, "tillamook-county-97143": {"city": "Tillamook County", "rent": 1410, "zip": "97143"}, "tillamook-county-97147": {"city": "Tillamook County", "rent": 1130, "zip": "97147"}, "tillamook-county-97149": {"city": "Tillamook County", "rent": 1540, "zip": "97149"}, "tillamook-county-97347": {"city": "Tillamook County", "rent": 1800, "zip": "97347"}, "tillamook-county-97368": {"city": "Tillamook County", "rent": 1410, "zip": "97368"}, "umatilla-county-97801": {"city": "Umatilla County", "rent": 1200, "zip": "97801"}, "umatilla-county-97810": {"city": "Umatilla County", "rent": 1270, "zip": "97810"}, "umatilla-county-97813": {"city": "Umatilla County", "rent": 1060, "zip": "97813"}, "umatilla-county-97826": {"city": "Umatilla County", "rent": 1200, "zip": "97826"}, "umatilla-county-97835": {"city": "Umatilla County", "rent": 1200, "zip": "97835"}, "umatilla-county-97838": {"city": "Umatilla County", "rent": 1320, "zip": "97838"}, "umatilla-county-97859": {"city": "Umatilla County", "rent": 1220, "zip": "97859"}, "umatilla-county-97862": {"city": "Umatilla County", "rent": 1100, "zip": "97862"}, "umatilla-county-97868": {"city": "Umatilla County", "rent": 1240, "zip": "97868"}, "umatilla-county-97875": {"city": "Umatilla County", "rent": 1330, "zip": "97875"}, "umatilla-county-97880": {"city": "Umatilla County", "rent": 1240, "zip": "97880"}, "umatilla-county-97882": {"city": "Umatilla County", "rent": 1290, "zip": "97882"}, "umatilla-county-97886": {"city": "Umatilla County", "rent": 1530, "zip": "97886"}, "umatilla-county-99362": {"city": "Umatilla County", "rent": 1610, "zip": "99362"}, "union-county-97814": {"city": "Union County", "rent": 1030, "zip": "97814"}, "union-county-97824": {"city": "Union County", "rent": 1500, "zip": "97824"}, "union-county-97827": {"city": "Union County", "rent": 1250, "zip": "97827"}, "union-county-97841": {"city": "Union County", "rent": 1380, "zip": "97841"}, "union-county-97850": {"city": "Union County", "rent": 1220, "zip": "97850"}, "union-county-97867": {"city": "Union County", "rent": 990, "zip": "97867"}, "union-county-97876": {"city": "Union County", "rent": 1490, "zip": "97876"}, "union-county-97883": {"city": "Union County", "rent": 1180, "zip": "97883"}, "union-county-97886": {"city": "Union County", "rent": 1530, "zip": "97886"}, "wallowa-county-97828": {"city": "Wallowa County", "rent": 1000, "zip": "97828"}, "wallowa-county-97842": {"city": "Wallowa County", "rent": 1190, "zip": "97842"}, "wallowa-county-97846": {"city": "Wallowa County", "rent": 1470, "zip": "97846"}, "wallowa-county-97857": {"city": "Wallowa County", "rent": 1280, "zip": "97857"}, "wallowa-county-97885": {"city": "Wallowa County", "rent": 1080, "zip": "97885"}, "wasco-county-97001": {"city": "Wasco County", "rent": 1600, "zip": "97001"}, "wasco-county-97021": {"city": "Wasco County", "rent": 1970, "zip": "97021"}, "wasco-county-97037": {"city": "Wasco County", "rent": 2400, "zip": "97037"}, "wasco-county-97040": {"city": "Wasco County", "rent": 2120, "zip": "97040"}, "wasco-county-97057": {"city": "Wasco County", "rent": 2400, "zip": "97057"}, "wasco-county-97058": {"city": "Wasco County", "rent": 1550, "zip": "97058"}, "wasco-county-97063": {"city": "Wasco County", "rent": 2230, "zip": "97063"}, "wasco-county-97741": {"city": "Wasco County", "rent": 1440, "zip": "97741"}, "wasco-county-97761": {"city": "Wasco County", "rent": 1440, "zip": "97761"}, "wheeler-county-97750": {"city": "Wheeler County", "rent": 1010, "zip": "97750"}, "wheeler-county-97823": {"city": "Wheeler County", "rent": 970, "zip": "97823"}, "wheeler-county-97830": {"city": "Wheeler County", "rent": 970, "zip": "97830"}, "wheeler-county-97848": {"city": "Wheeler County", "rent": 1100, "zip": "97848"}, "wheeler-county-97874": {"city": "Wheeler County", "rent": 970, "zip": "97874"}}