{"charleston-north-charleston-29018": {"city": "Charleston-North Charleston", "rent": 1300, "zip": "29018"}, "charleston-north-charleston-29059": {"city": "Charleston-North Charleston", "rent": 1300, "zip": "29059"}, "charleston-north-charleston-29401": {"city": "Charleston-North Charleston", "rent": 2320, "zip": "29401"}, "charleston-north-charleston-29402": {"city": "Charleston-North Charleston", "rent": 1820, "zip": "29402"}, "charleston-north-charleston-29403": {"city": "Charleston-North Charleston", "rent": 2190, "zip": "29403"}, "charleston-north-charleston-29404": {"city": "Charleston-North Charleston", "rent": 2160, "zip": "29404"}, "charleston-north-charleston-29405": {"city": "Charleston-North Charleston", "rent": 1540, "zip": "29405"}, "charleston-north-charleston-29406": {"city": "Charleston-North Charleston", "rent": 1690, "zip": "29406"}, "charleston-north-charleston-29407": {"city": "Charleston-North Charleston", "rent": 1880, "zip": "29407"}, "charleston-north-charleston-29409": {"city": "Charleston-North Charleston", "rent": 2190, "zip": "29409"}, "charleston-north-charleston-29410": {"city": "Charleston-North Charleston", "rent": 1660, "zip": "29410"}, "charleston-north-charleston-29412": {"city": "Charleston-North Charleston", "rent": 2130, "zip": "29412"}, "charleston-north-charleston-29413": {"city": "Charleston-North Charleston", "rent": 1820, "zip": "29413"}, "charleston-north-charleston-29414": {"city": "Charleston-North Charleston", "rent": 2110, "zip": "29414"}, "charleston-north-charleston-29415": {"city": "Charleston-North Charleston", "rent": 1820, "zip": "29415"}, "charleston-north-charleston-29416": {"city": "Charleston-North Charleston", "rent": 1820, "zip": "29416"}, "charleston-north-charleston-29417": {"city": "Charleston-North Charleston", "rent": 1820, "zip": "29417"}, "charleston-north-charleston-29418": {"city": "Charleston-North Charleston", "rent": 1560, "zip": "29418"}, "charleston-north-charleston-29419": {"city": "Charleston-North Charleston", "rent": 1820, "zip": "29419"}, "charleston-north-charleston-29420": {"city": "Charleston-North Charleston", "rent": 1790, "zip": "29420"}, "charleston-north-charleston-29422": {"city": "Charleston-North Charleston", "rent": 1820, "zip": "29422"}, "charleston-north-charleston-29423": {"city": "Charleston-North Charleston", "rent": 1820, "zip": "29423"}, "charleston-north-charleston-29424": {"city": "Charleston-North Charleston", "rent": 2270, "zip": "29424"}, "charleston-north-charleston-29425": {"city": "Charleston-North Charleston", "rent": 1820, "zip": "29425"}, "charleston-north-charleston-29426": {"city": "Charleston-North Charleston", "rent": 1520, "zip": "29426"}, "charleston-north-charleston-29429": {"city": "Charleston-North Charleston", "rent": 2080, "zip": "29429"}, "charleston-north-charleston-29431": {"city": "Charleston-North Charleston", "rent": 1320, "zip": "29431"}, "charleston-north-charleston-29432": {"city": "Charleston-North Charleston", "rent": 1300, "zip": "29432"}, "charleston-north-charleston-29434": {"city": "Charleston-North Charleston", "rent": 1410, "zip": "29434"}, "charleston-north-charleston-29436": {"city": "Charleston-North Charleston", "rent": 1300, "zip": "29436"}, "charleston-north-charleston-29437": {"city": "Charleston-North Charleston", "rent": 1300, "zip": "29437"}, "charleston-north-charleston-29438": {"city": "Charleston-North Charleston", "rent": 1370, "zip": "29438"}, "charleston-north-charleston-29439": {"city": "Charleston-North Charleston", "rent": 2530, "zip": "29439"}, "charleston-north-charleston-29445": {"city": "Charleston-North Charleston", "rent": 1770, "zip": "29445"}, "charleston-north-charleston-29448": {"city": "Charleston-North Charleston", "rent": 1300, "zip": "29448"}, "charleston-north-charleston-29449": {"city": "Charleston-North Charleston", "rent": 1300, "zip": "29449"}, "charleston-north-charleston-29450": {"city": "Charleston-North Charleston", "rent": 1810, "zip": "29450"}, "charleston-north-charleston-29451": {"city": "Charleston-North Charleston", "rent": 2680, "zip": "29451"}, "charleston-north-charleston-29453": {"city": "Charleston-North Charleston", "rent": 1430, "zip": "29453"}, "charleston-north-charleston-29455": {"city": "Charleston-North Charleston", "rent": 1800, "zip": "29455"}, "charleston-north-charleston-29456": {"city": "Charleston-North Charleston", "rent": 1780, "zip": "29456"}, "charleston-north-charleston-29457": {"city": "Charleston-North Charleston", "rent": 1820, "zip": "29457"}, "charleston-north-charleston-29458": {"city": "Charleston-North Charleston", "rent": 2130, "zip": "29458"}, "charleston-north-charleston-29461": {"city": "Charleston-North Charleston", "rent": 1460, "zip": "29461"}, "charleston-north-charleston-29464": {"city": "Charleston-North Charleston", "rent": 2530, "zip": "29464"}, "charleston-north-charleston-29465": {"city": "Charleston-North Charleston", "rent": 1820, "zip": "29465"}, "charleston-north-charleston-29466": {"city": "Charleston-North Charleston", "rent": 2540, "zip": "29466"}, "charleston-north-charleston-29468": {"city": "Charleston-North Charleston", "rent": 1300, "zip": "29468"}, "charleston-north-charleston-29469": {"city": "Charleston-North Charleston", "rent": 1350, "zip": "29469"}, "charleston-north-charleston-29470": {"city": "Charleston-North Charleston", "rent": 1300, "zip": "29470"}, "charleston-north-charleston-29471": {"city": "Charleston-North Charleston", "rent": 1300, "zip": "29471"}, "charleston-north-charleston-29472": {"city": "Charleston-North Charleston", "rent": 1370, "zip": "29472"}, "charleston-north-charleston-29477": {"city": "Charleston-North Charleston", "rent": 1300, "zip": "29477"}, "charleston-north-charleston-29479": {"city": "Charleston-North Charleston", "rent": 1300, "zip": "29479"}, "charleston-north-charleston-29481": {"city": "Charleston-North Charleston", "rent": 1300, "zip": "29481"}, "charleston-north-charleston-29482": {"city": "Charleston-North Charleston", "rent": 2540, "zip": "29482"}, "charleston-north-charleston-29483": {"city": "Charleston-North Charleston", "rent": 1510, "zip": "29483"}, "charleston-north-charleston-29484": {"city": "Charleston-North Charleston", "rent": 1650, "zip": "29484"}, "charleston-north-charleston-29485": {"city": "Charleston-North Charleston", "rent": 1760, "zip": "29485"}, "charleston-north-charleston-29486": {"city": "Charleston-North Charleston", "rent": 1850, "zip": "29486"}, "charleston-north-charleston-29487": {"city": "Charleston-North Charleston", "rent": 1690, "zip": "29487"}, "charleston-north-charleston-29492": {"city": "Charleston-North Charleston", "rent": 2250, "zip": "29492"}, "chester-county-29014": {"city": "Chester County", "rent": 1170, "zip": "29014"}, "chester-county-29031": {"city": "Chester County", "rent": 1170, "zip": "29031"}, "chester-county-29055": {"city": "Chester County", "rent": 1170, "zip": "29055"}, "chester-county-29704": {"city": "Chester County", "rent": 1120, "zip": "29704"}, "chester-county-29706": {"city": "Chester County", "rent": 990, "zip": "29706"}, "chester-county-29712": {"city": "Chester County", "rent": 1330, "zip": "29712"}, "chester-county-29714": {"city": "Chester County", "rent": 1380, "zip": "29714"}, "chester-county-29724": {"city": "Chester County", "rent": 1180, "zip": "29724"}, "chester-county-29729": {"city": "Chester County", "rent": 1340, "zip": "29729"}, "chester-county-29730": {"city": "Chester County", "rent": 1510, "zip": "29730"}, "chester-county-29742": {"city": "Chester County", "rent": 1330, "zip": "29742"}, "lancaster-county-29058": {"city": "Lancaster County", "rent": 1000, "zip": "29058"}, "lancaster-county-29067": {"city": "Lancaster County", "rent": 1000, "zip": "29067"}, "lancaster-county-29707": {"city": "Lancaster County", "rent": 1520, "zip": "29707"}, "lancaster-county-29718": {"city": "Lancaster County", "rent": 1000, "zip": "29718"}, "lancaster-county-29720": {"city": "Lancaster County", "rent": 1000, "zip": "29720"}, "lancaster-county-29721": {"city": "Lancaster County", "rent": 1010, "zip": "29721"}, "columbia-29002": {"city": "Columbia", "rent": 1320, "zip": "29002"}, "columbia-29006": {"city": "Columbia", "rent": 1020, "zip": "29006"}, "columbia-29014": {"city": "Columbia", "rent": 1170, "zip": "29014"}, "columbia-29015": {"city": "Columbia", "rent": 1170, "zip": "29015"}, "columbia-29016": {"city": "Columbia", "rent": 1410, "zip": "29016"}, "columbia-29030": {"city": "Columbia", "rent": 1170, "zip": "29030"}, "columbia-29031": {"city": "Columbia", "rent": 1170, "zip": "29031"}, "columbia-29033": {"city": "Columbia", "rent": 1430, "zip": "29033"}, "columbia-29036": {"city": "Columbia", "rent": 1880, "zip": "29036"}, "columbia-29037": {"city": "Columbia", "rent": 1170, "zip": "29037"}, "columbia-29044": {"city": "Columbia", "rent": 1170, "zip": "29044"}, "columbia-29045": {"city": "Columbia", "rent": 1430, "zip": "29045"}, "columbia-29047": {"city": "Columbia", "rent": 1170, "zip": "29047"}, "columbia-29052": {"city": "Columbia", "rent": 1170, "zip": "29052"}, "columbia-29053": {"city": "Columbia", "rent": 1170, "zip": "29053"}, "columbia-29054": {"city": "Columbia", "rent": 1170, "zip": "29054"}, "columbia-29055": {"city": "Columbia", "rent": 1170, "zip": "29055"}, "columbia-29061": {"city": "Columbia", "rent": 1460, "zip": "29061"}, "columbia-29063": {"city": "Columbia", "rent": 1730, "zip": "29063"}, "columbia-29065": {"city": "Columbia", "rent": 1170, "zip": "29065"}, "columbia-29070": {"city": "Columbia", "rent": 1170, "zip": "29070"}, "columbia-29071": {"city": "Columbia", "rent": 1220, "zip": "29071"}, "columbia-29072": {"city": "Columbia", "rent": 1430, "zip": "29072"}, "columbia-29073": {"city": "Columbia", "rent": 1170, "zip": "29073"}, "columbia-29075": {"city": "Columbia", "rent": 1170, "zip": "29075"}, "columbia-29078": {"city": "Columbia", "rent": 1170, "zip": "29078"}, "columbia-29105": {"city": "Columbia", "rent": 1110, "zip": "29105"}, "columbia-29112": {"city": "Columbia", "rent": 1170, "zip": "29112"}, "columbia-29118": {"city": "Columbia", "rent": 1170, "zip": "29118"}, "columbia-29123": {"city": "Columbia", "rent": 1170, "zip": "29123"}, "columbia-29127": {"city": "Columbia", "rent": 1170, "zip": "29127"}, "columbia-29129": {"city": "Columbia", "rent": 1020, "zip": "29129"}, "columbia-29130": {"city": "Columbia", "rent": 1170, "zip": "29130"}, "columbia-29135": {"city": "Columbia", "rent": 1170, "zip": "29135"}, "columbia-29138": {"city": "Columbia", "rent": 1020, "zip": "29138"}, "columbia-29160": {"city": "Columbia", "rent": 1170, "zip": "29160"}, "columbia-29166": {"city": "Columbia", "rent": 1170, "zip": "29166"}, "columbia-29169": {"city": "Columbia", "rent": 1220, "zip": "29169"}, "columbia-29170": {"city": "Columbia", "rent": 1170, "zip": "29170"}, "columbia-29171": {"city": "Columbia", "rent": 1220, "zip": "29171"}, "columbia-29172": {"city": "Columbia", "rent": 1170, "zip": "29172"}, "columbia-29177": {"city": "Columbia", "rent": 1840, "zip": "29177"}, "columbia-29180": {"city": "Columbia", "rent": 1170, "zip": "29180"}, "columbia-29201": {"city": "Columbia", "rent": 1720, "zip": "29201"}, "columbia-29202": {"city": "Columbia", "rent": 1320, "zip": "29202"}, "columbia-29203": {"city": "Columbia", "rent": 1250, "zip": "29203"}, "columbia-29204": {"city": "Columbia", "rent": 1170, "zip": "29204"}, "columbia-29205": {"city": "Columbia", "rent": 1340, "zip": "29205"}, "columbia-29206": {"city": "Columbia", "rent": 1490, "zip": "29206"}, "columbia-29207": {"city": "Columbia", "rent": 1330, "zip": "29207"}, "columbia-29208": {"city": "Columbia", "rent": 1720, "zip": "29208"}, "columbia-29209": {"city": "Columbia", "rent": 1390, "zip": "29209"}, "columbia-29210": {"city": "Columbia", "rent": 1360, "zip": "29210"}, "columbia-29211": {"city": "Columbia", "rent": 1320, "zip": "29211"}, "columbia-29212": {"city": "Columbia", "rent": 1460, "zip": "29212"}, "columbia-29214": {"city": "Columbia", "rent": 1270, "zip": "29214"}, "columbia-29215": {"city": "Columbia", "rent": 1320, "zip": "29215"}, "columbia-29216": {"city": "Columbia", "rent": 1320, "zip": "29216"}, "columbia-29217": {"city": "Columbia", "rent": 1320, "zip": "29217"}, "columbia-29218": {"city": "Columbia", "rent": 1320, "zip": "29218"}, "columbia-29220": {"city": "Columbia", "rent": 1320, "zip": "29220"}, "columbia-29221": {"city": "Columbia", "rent": 1320, "zip": "29221"}, "columbia-29222": {"city": "Columbia", "rent": 1320, "zip": "29222"}, "columbia-29223": {"city": "Columbia", "rent": 1390, "zip": "29223"}, "columbia-29224": {"city": "Columbia", "rent": 1320, "zip": "29224"}, "columbia-29225": {"city": "Columbia", "rent": 1720, "zip": "29225"}, "columbia-29226": {"city": "Columbia", "rent": 1320, "zip": "29226"}, "columbia-29227": {"city": "Columbia", "rent": 1320, "zip": "29227"}, "columbia-29229": {"city": "Columbia", "rent": 1770, "zip": "29229"}, "columbia-29230": {"city": "Columbia", "rent": 1320, "zip": "29230"}, "columbia-29240": {"city": "Columbia", "rent": 1320, "zip": "29240"}, "columbia-29250": {"city": "Columbia", "rent": 1320, "zip": "29250"}, "columbia-29260": {"city": "Columbia", "rent": 1320, "zip": "29260"}, "columbia-29290": {"city": "Columbia", "rent": 1320, "zip": "29290"}, "columbia-29666": {"city": "Columbia", "rent": 1170, "zip": "29666"}, "columbia-29824": {"city": "Columbia", "rent": 1020, "zip": "29824"}, "columbia-29832": {"city": "Columbia", "rent": 1020, "zip": "29832"}, "columbia-29848": {"city": "Columbia", "rent": 1170, "zip": "29848"}, "kershaw-county-29009": {"city": "Kershaw County", "rent": 1310, "zip": "29009"}, "kershaw-county-29010": {"city": "Kershaw County", "rent": 920, "zip": "29010"}, "kershaw-county-29020": {"city": "Kershaw County", "rent": 970, "zip": "29020"}, "kershaw-county-29021": {"city": "Kershaw County", "rent": 1010, "zip": "29021"}, "kershaw-county-29032": {"city": "Kershaw County", "rent": 970, "zip": "29032"}, "kershaw-county-29045": {"city": "Kershaw County", "rent": 1430, "zip": "29045"}, "kershaw-county-29058": {"city": "Kershaw County", "rent": 1000, "zip": "29058"}, "kershaw-county-29067": {"city": "Kershaw County", "rent": 1000, "zip": "29067"}, "kershaw-county-29074": {"city": "Kershaw County", "rent": 940, "zip": "29074"}, "kershaw-county-29078": {"city": "Kershaw County", "rent": 1170, "zip": "29078"}, "kershaw-county-29128": {"city": "Kershaw County", "rent": 1170, "zip": "29128"}, "kershaw-county-29130": {"city": "Kershaw County", "rent": 1170, "zip": "29130"}, "kershaw-county-29175": {"city": "Kershaw County", "rent": 960, "zip": "29175"}, "kershaw-county-29718": {"city": "Kershaw County", "rent": 1000, "zip": "29718"}, "florence-29114": {"city": "Florence", "rent": 1030, "zip": "29114"}, "florence-29161": {"city": "Florence", "rent": 1100, "zip": "29161"}, "florence-29501": {"city": "Florence", "rent": 1250, "zip": "29501"}, "florence-29502": {"city": "Florence", "rent": 1120, "zip": "29502"}, "florence-29503": {"city": "Florence", "rent": 1120, "zip": "29503"}, "florence-29505": {"city": "Florence", "rent": 1380, "zip": "29505"}, "florence-29506": {"city": "Florence", "rent": 980, "zip": "29506"}, "florence-29530": {"city": "Florence", "rent": 960, "zip": "29530"}, "florence-29541": {"city": "Florence", "rent": 1230, "zip": "29541"}, "florence-29554": {"city": "Florence", "rent": 1080, "zip": "29554"}, "florence-29555": {"city": "Florence", "rent": 1080, "zip": "29555"}, "florence-29560": {"city": "Florence", "rent": 960, "zip": "29560"}, "florence-29583": {"city": "Florence", "rent": 960, "zip": "29583"}, "florence-29591": {"city": "Florence", "rent": 960, "zip": "29591"}, "darlington-county-29069": {"city": "Darlington County", "rent": 1030, "zip": "29069"}, "darlington-county-29079": {"city": "Darlington County", "rent": 1090, "zip": "29079"}, "darlington-county-29101": {"city": "Darlington County", "rent": 950, "zip": "29101"}, "darlington-county-29161": {"city": "Darlington County", "rent": 1100, "zip": "29161"}, "darlington-county-29501": {"city": "Darlington County", "rent": 1250, "zip": "29501"}, "darlington-county-29506": {"city": "Darlington County", "rent": 980, "zip": "29506"}, "darlington-county-29532": {"city": "Darlington County", "rent": 1110, "zip": "29532"}, "darlington-county-29540": {"city": "Darlington County", "rent": 1040, "zip": "29540"}, "darlington-county-29550": {"city": "Darlington County", "rent": 1090, "zip": "29550"}, "darlington-county-29551": {"city": "Darlington County", "rent": 1100, "zip": "29551"}, "darlington-county-29593": {"city": "Darlington County", "rent": 1110, "zip": "29593"}, "anderson-29611": {"city": "Anderson", "rent": 1270, "zip": "29611"}, "anderson-29620": {"city": "Anderson", "rent": 930, "zip": "29620"}, "anderson-29621": {"city": "Anderson", "rent": 1240, "zip": "29621"}, "anderson-29622": {"city": "Anderson", "rent": 1170, "zip": "29622"}, "anderson-29623": {"city": "Anderson", "rent": 1170, "zip": "29623"}, "anderson-29624": {"city": "Anderson", "rent": 980, "zip": "29624"}, "anderson-29625": {"city": "Anderson", "rent": 1210, "zip": "29625"}, "anderson-29626": {"city": "Anderson", "rent": 1140, "zip": "29626"}, "anderson-29627": {"city": "Anderson", "rent": 1180, "zip": "29627"}, "anderson-29630": {"city": "Anderson", "rent": 1180, "zip": "29630"}, "anderson-29631": {"city": "Anderson", "rent": 1200, "zip": "29631"}, "anderson-29642": {"city": "Anderson", "rent": 1180, "zip": "29642"}, "anderson-29643": {"city": "Anderson", "rent": 990, "zip": "29643"}, "anderson-29654": {"city": "Anderson", "rent": 1180, "zip": "29654"}, "anderson-29655": {"city": "Anderson", "rent": 940, "zip": "29655"}, "anderson-29657": {"city": "Anderson", "rent": 1180, "zip": "29657"}, "anderson-29669": {"city": "Anderson", "rent": 1180, "zip": "29669"}, "anderson-29670": {"city": "Anderson", "rent": 1310, "zip": "29670"}, "anderson-29673": {"city": "Anderson", "rent": 1200, "zip": "29673"}, "anderson-29677": {"city": "Anderson", "rent": 1170, "zip": "29677"}, "anderson-29684": {"city": "Anderson", "rent": 1100, "zip": "29684"}, "anderson-29689": {"city": "Anderson", "rent": 1000, "zip": "29689"}, "anderson-29697": {"city": "Anderson", "rent": 1170, "zip": "29697"}, "greenville-mauldin-easley-29322": {"city": "Greenville-Mauldin-Easley", "rent": 1180, "zip": "29322"}, "greenville-mauldin-easley-29356": {"city": "Greenville-Mauldin-Easley", "rent": 1180, "zip": "29356"}, "greenville-mauldin-easley-29601": {"city": "Greenville-Mauldin-Easley", "rent": 1930, "zip": "29601"}, "greenville-mauldin-easley-29602": {"city": "Greenville-Mauldin-Easley", "rent": 1380, "zip": "29602"}, "greenville-mauldin-easley-29603": {"city": "Greenville-Mauldin-Easley", "rent": 1380, "zip": "29603"}, "greenville-mauldin-easley-29604": {"city": "Greenville-Mauldin-Easley", "rent": 1380, "zip": "29604"}, "greenville-mauldin-easley-29605": {"city": "Greenville-Mauldin-Easley", "rent": 1210, "zip": "29605"}, "greenville-mauldin-easley-29606": {"city": "Greenville-Mauldin-Easley", "rent": 1380, "zip": "29606"}, "greenville-mauldin-easley-29607": {"city": "Greenville-Mauldin-Easley", "rent": 1610, "zip": "29607"}, "greenville-mauldin-easley-29608": {"city": "Greenville-Mauldin-Easley", "rent": 1380, "zip": "29608"}, "greenville-mauldin-easley-29609": {"city": "Greenville-Mauldin-Easley", "rent": 1240, "zip": "29609"}, "greenville-mauldin-easley-29610": {"city": "Greenville-Mauldin-Easley", "rent": 1380, "zip": "29610"}, "greenville-mauldin-easley-29611": {"city": "Greenville-Mauldin-Easley", "rent": 1270, "zip": "29611"}, "greenville-mauldin-easley-29612": {"city": "Greenville-Mauldin-Easley", "rent": 1380, "zip": "29612"}, "greenville-mauldin-easley-29613": {"city": "Greenville-Mauldin-Easley", "rent": 1210, "zip": "29613"}, "greenville-mauldin-easley-29614": {"city": "Greenville-Mauldin-Easley", "rent": 1380, "zip": "29614"}, "greenville-mauldin-easley-29615": {"city": "Greenville-Mauldin-Easley", "rent": 1560, "zip": "29615"}, "greenville-mauldin-easley-29616": {"city": "Greenville-Mauldin-Easley", "rent": 1380, "zip": "29616"}, "greenville-mauldin-easley-29617": {"city": "Greenville-Mauldin-Easley", "rent": 1190, "zip": "29617"}, "greenville-mauldin-easley-29627": {"city": "Greenville-Mauldin-Easley", "rent": 1180, "zip": "29627"}, "greenville-mauldin-easley-29630": {"city": "Greenville-Mauldin-Easley", "rent": 1180, "zip": "29630"}, "greenville-mauldin-easley-29631": {"city": "Greenville-Mauldin-Easley", "rent": 1200, "zip": "29631"}, "greenville-mauldin-easley-29633": {"city": "Greenville-Mauldin-Easley", "rent": 1180, "zip": "29633"}, "greenville-mauldin-easley-29634": {"city": "Greenville-Mauldin-Easley", "rent": 1180, "zip": "29634"}, "greenville-mauldin-easley-29635": {"city": "Greenville-Mauldin-Easley", "rent": 1180, "zip": "29635"}, "greenville-mauldin-easley-29636": {"city": "Greenville-Mauldin-Easley", "rent": 1380, "zip": "29636"}, "greenville-mauldin-easley-29640": {"city": "Greenville-Mauldin-Easley", "rent": 1180, "zip": "29640"}, "greenville-mauldin-easley-29641": {"city": "Greenville-Mauldin-Easley", "rent": 1180, "zip": "29641"}, "greenville-mauldin-easley-29642": {"city": "Greenville-Mauldin-Easley", "rent": 1180, "zip": "29642"}, "greenville-mauldin-easley-29644": {"city": "Greenville-Mauldin-Easley", "rent": 1270, "zip": "29644"}, "greenville-mauldin-easley-29645": {"city": "Greenville-Mauldin-Easley", "rent": 1190, "zip": "29645"}, "greenville-mauldin-easley-29650": {"city": "Greenville-Mauldin-Easley", "rent": 1600, "zip": "29650"}, "greenville-mauldin-easley-29651": {"city": "Greenville-Mauldin-Easley", "rent": 1190, "zip": "29651"}, "greenville-mauldin-easley-29652": {"city": "Greenville-Mauldin-Easley", "rent": 1380, "zip": "29652"}, "greenville-mauldin-easley-29654": {"city": "Greenville-Mauldin-Easley", "rent": 1180, "zip": "29654"}, "greenville-mauldin-easley-29657": {"city": "Greenville-Mauldin-Easley", "rent": 1180, "zip": "29657"}, "greenville-mauldin-easley-29661": {"city": "Greenville-Mauldin-Easley", "rent": 1180, "zip": "29661"}, "greenville-mauldin-easley-29662": {"city": "Greenville-Mauldin-Easley", "rent": 1560, "zip": "29662"}, "greenville-mauldin-easley-29667": {"city": "Greenville-Mauldin-Easley", "rent": 1180, "zip": "29667"}, "greenville-mauldin-easley-29669": {"city": "Greenville-Mauldin-Easley", "rent": 1180, "zip": "29669"}, "greenville-mauldin-easley-29670": {"city": "Greenville-Mauldin-Easley", "rent": 1310, "zip": "29670"}, "greenville-mauldin-easley-29671": {"city": "Greenville-Mauldin-Easley", "rent": 1180, "zip": "29671"}, "greenville-mauldin-easley-29673": {"city": "Greenville-Mauldin-Easley", "rent": 1200, "zip": "29673"}, "greenville-mauldin-easley-29678": {"city": "Greenville-Mauldin-Easley", "rent": 1180, "zip": "29678"}, "greenville-mauldin-easley-29680": {"city": "Greenville-Mauldin-Easley", "rent": 1650, "zip": "29680"}, "greenville-mauldin-easley-29681": {"city": "Greenville-Mauldin-Easley", "rent": 1800, "zip": "29681"}, "greenville-mauldin-easley-29682": {"city": "Greenville-Mauldin-Easley", "rent": 1180, "zip": "29682"}, "greenville-mauldin-easley-29683": {"city": "Greenville-Mauldin-Easley", "rent": 1180, "zip": "29683"}, "greenville-mauldin-easley-29685": {"city": "Greenville-Mauldin-Easley", "rent": 1180, "zip": "29685"}, "greenville-mauldin-easley-29687": {"city": "Greenville-Mauldin-Easley", "rent": 1360, "zip": "29687"}, "greenville-mauldin-easley-29688": {"city": "Greenville-Mauldin-Easley", "rent": 1380, "zip": "29688"}, "greenville-mauldin-easley-29690": {"city": "Greenville-Mauldin-Easley", "rent": 1180, "zip": "29690"}, "laurens-county-29037": {"city": "Laurens County", "rent": 1170, "zip": "29037"}, "laurens-county-29178": {"city": "Laurens County", "rent": 910, "zip": "29178"}, "laurens-county-29325": {"city": "Laurens County", "rent": 1150, "zip": "29325"}, "laurens-county-29332": {"city": "Laurens County", "rent": 1200, "zip": "29332"}, "laurens-county-29335": {"city": "Laurens County", "rent": 1090, "zip": "29335"}, "laurens-county-29351": {"city": "Laurens County", "rent": 900, "zip": "29351"}, "laurens-county-29355": {"city": "Laurens County", "rent": 910, "zip": "29355"}, "laurens-county-29360": {"city": "Laurens County", "rent": 1090, "zip": "29360"}, "laurens-county-29370": {"city": "Laurens County", "rent": 1110, "zip": "29370"}, "laurens-county-29384": {"city": "Laurens County", "rent": 930, "zip": "29384"}, "laurens-county-29388": {"city": "Laurens County", "rent": 1090, "zip": "29388"}, "laurens-county-29644": {"city": "Laurens County", "rent": 1270, "zip": "29644"}, "laurens-county-29645": {"city": "Laurens County", "rent": 1190, "zip": "29645"}, "laurens-county-29654": {"city": "Laurens County", "rent": 1180, "zip": "29654"}, "laurens-county-29681": {"city": "Laurens County", "rent": 1800, "zip": "29681"}, "laurens-county-29692": {"city": "Laurens County", "rent": 900, "zip": "29692"}, "beaufort-county-29901": {"city": "Beaufort County", "rent": 1820, "zip": "29901"}, "beaufort-county-29902": {"city": "Beaufort County", "rent": 1640, "zip": "29902"}, "beaufort-county-29903": {"city": "Beaufort County", "rent": 1820, "zip": "29903"}, "beaufort-county-29904": {"city": "Beaufort County", "rent": 1650, "zip": "29904"}, "beaufort-county-29905": {"city": "Beaufort County", "rent": 1640, "zip": "29905"}, "beaufort-county-29906": {"city": "Beaufort County", "rent": 1650, "zip": "29906"}, "beaufort-county-29907": {"city": "Beaufort County", "rent": 2040, "zip": "29907"}, "beaufort-county-29909": {"city": "Beaufort County", "rent": 2570, "zip": "29909"}, "beaufort-county-29910": {"city": "Beaufort County", "rent": 2250, "zip": "29910"}, "beaufort-county-29915": {"city": "Beaufort County", "rent": 1970, "zip": "29915"}, "beaufort-county-29920": {"city": "Beaufort County", "rent": 1640, "zip": "29920"}, "beaufort-county-29925": {"city": "Beaufort County", "rent": 1820, "zip": "29925"}, "beaufort-county-29926": {"city": "Beaufort County", "rent": 1920, "zip": "29926"}, "beaufort-county-29928": {"city": "Beaufort County", "rent": 1900, "zip": "29928"}, "beaufort-county-29935": {"city": "Beaufort County", "rent": 1670, "zip": "29935"}, "beaufort-county-29936": {"city": "Beaufort County", "rent": 1640, "zip": "29936"}, "beaufort-county-29938": {"city": "Beaufort County", "rent": 1820, "zip": "29938"}, "beaufort-county-29940": {"city": "Beaufort County", "rent": 1640, "zip": "29940"}, "beaufort-county-29941": {"city": "Beaufort County", "rent": 1640, "zip": "29941"}, "beaufort-county-29945": {"city": "Beaufort County", "rent": 1640, "zip": "29945"}, "jasper-county-29909": {"city": "Jasper County", "rent": 2570, "zip": "29909"}, "jasper-county-29912": {"city": "Jasper County", "rent": 1400, "zip": "29912"}, "jasper-county-29916": {"city": "Jasper County", "rent": 1140, "zip": "29916"}, "jasper-county-29922": {"city": "Jasper County", "rent": 1140, "zip": "29922"}, "jasper-county-29927": {"city": "Jasper County", "rent": 1660, "zip": "29927"}, "jasper-county-29934": {"city": "Jasper County", "rent": 1260, "zip": "29934"}, "jasper-county-29936": {"city": "Jasper County", "rent": 1640, "zip": "29936"}, "jasper-county-29943": {"city": "Jasper County", "rent": 1510, "zip": "29943"}, "jasper-county-29944": {"city": "Jasper County", "rent": 1140, "zip": "29944"}, "jasper-county-29945": {"city": "Jasper County", "rent": 1640, "zip": "29945"}, "myrtle-beach-north-myrtle-beach-conway-29511": {"city": "Myrtle Beach-North Myrtle Beach-Conway", "rent": 1270, "zip": "29511"}, "myrtle-beach-north-myrtle-beach-conway-29526": {"city": "Myrtle Beach-North Myrtle Beach-Conway", "rent": 1270, "zip": "29526"}, "myrtle-beach-north-myrtle-beach-conway-29527": {"city": "Myrtle Beach-North Myrtle Beach-Conway", "rent": 1270, "zip": "29527"}, "myrtle-beach-north-myrtle-beach-conway-29528": {"city": "Myrtle Beach-North Myrtle Beach-Conway", "rent": 1470, "zip": "29528"}, "myrtle-beach-north-myrtle-beach-conway-29544": {"city": "Myrtle Beach-North Myrtle Beach-Conway", "rent": 1270, "zip": "29544"}, "myrtle-beach-north-myrtle-beach-conway-29545": {"city": "Myrtle Beach-North Myrtle Beach-Conway", "rent": 1270, "zip": "29545"}, "myrtle-beach-north-myrtle-beach-conway-29566": {"city": "Myrtle Beach-North Myrtle Beach-Conway", "rent": 1590, "zip": "29566"}, "myrtle-beach-north-myrtle-beach-conway-29568": {"city": "Myrtle Beach-North Myrtle Beach-Conway", "rent": 1610, "zip": "29568"}, "myrtle-beach-north-myrtle-beach-conway-29569": {"city": "Myrtle Beach-North Myrtle Beach-Conway", "rent": 1270, "zip": "29569"}, "myrtle-beach-north-myrtle-beach-conway-29572": {"city": "Myrtle Beach-North Myrtle Beach-Conway", "rent": 1440, "zip": "29572"}, "myrtle-beach-north-myrtle-beach-conway-29575": {"city": "Myrtle Beach-North Myrtle Beach-Conway", "rent": 1600, "zip": "29575"}, "myrtle-beach-north-myrtle-beach-conway-29576": {"city": "Myrtle Beach-North Myrtle Beach-Conway", "rent": 1680, "zip": "29576"}, "myrtle-beach-north-myrtle-beach-conway-29577": {"city": "Myrtle Beach-North Myrtle Beach-Conway", "rent": 1420, "zip": "29577"}, "myrtle-beach-north-myrtle-beach-conway-29578": {"city": "Myrtle Beach-North Myrtle Beach-Conway", "rent": 1470, "zip": "29578"}, "myrtle-beach-north-myrtle-beach-conway-29579": {"city": "Myrtle Beach-North Myrtle Beach-Conway", "rent": 1730, "zip": "29579"}, "myrtle-beach-north-myrtle-beach-conway-29581": {"city": "Myrtle Beach-North Myrtle Beach-Conway", "rent": 1270, "zip": "29581"}, "myrtle-beach-north-myrtle-beach-conway-29582": {"city": "Myrtle Beach-North Myrtle Beach-Conway", "rent": 1550, "zip": "29582"}, "myrtle-beach-north-myrtle-beach-conway-29587": {"city": "Myrtle Beach-North Myrtle Beach-Conway", "rent": 1470, "zip": "29587"}, "myrtle-beach-north-myrtle-beach-conway-29588": {"city": "Myrtle Beach-North Myrtle Beach-Conway", "rent": 1520, "zip": "29588"}, "myrtle-beach-north-myrtle-beach-conway-29597": {"city": "Myrtle Beach-North Myrtle Beach-Conway", "rent": 1470, "zip": "29597"}, "myrtle-beach-north-myrtle-beach-conway-29598": {"city": "Myrtle Beach-North Myrtle Beach-Conway", "rent": 1470, "zip": "29598"}, "spartanburg-29301": {"city": "Spartanburg", "rent": 1350, "zip": "29301"}, "spartanburg-29302": {"city": "Spartanburg", "rent": 1190, "zip": "29302"}, "spartanburg-29303": {"city": "Spartanburg", "rent": 1140, "zip": "29303"}, "spartanburg-29304": {"city": "Spartanburg", "rent": 1190, "zip": "29304"}, "spartanburg-29305": {"city": "Spartanburg", "rent": 1190, "zip": "29305"}, "spartanburg-29306": {"city": "Spartanburg", "rent": 1180, "zip": "29306"}, "spartanburg-29307": {"city": "Spartanburg", "rent": 1160, "zip": "29307"}, "spartanburg-29316": {"city": "Spartanburg", "rent": 1250, "zip": "29316"}, "spartanburg-29320": {"city": "Spartanburg", "rent": 1350, "zip": "29320"}, "spartanburg-29322": {"city": "Spartanburg", "rent": 1180, "zip": "29322"}, "spartanburg-29323": {"city": "Spartanburg", "rent": 1090, "zip": "29323"}, "spartanburg-29324": {"city": "Spartanburg", "rent": 1160, "zip": "29324"}, "spartanburg-29329": {"city": "Spartanburg", "rent": 1160, "zip": "29329"}, "spartanburg-29330": {"city": "Spartanburg", "rent": 1090, "zip": "29330"}, "spartanburg-29331": {"city": "Spartanburg", "rent": 1190, "zip": "29331"}, "spartanburg-29333": {"city": "Spartanburg", "rent": 1150, "zip": "29333"}, "spartanburg-29334": {"city": "Spartanburg", "rent": 1420, "zip": "29334"}, "spartanburg-29335": {"city": "Spartanburg", "rent": 1090, "zip": "29335"}, "spartanburg-29336": {"city": "Spartanburg", "rent": 1190, "zip": "29336"}, "spartanburg-29338": {"city": "Spartanburg", "rent": 1120, "zip": "29338"}, "spartanburg-29346": {"city": "Spartanburg", "rent": 1170, "zip": "29346"}, "spartanburg-29349": {"city": "Spartanburg", "rent": 1120, "zip": "29349"}, "spartanburg-29356": {"city": "Spartanburg", "rent": 1180, "zip": "29356"}, "spartanburg-29365": {"city": "Spartanburg", "rent": 1480, "zip": "29365"}, "spartanburg-29368": {"city": "Spartanburg", "rent": 1090, "zip": "29368"}, "spartanburg-29369": {"city": "Spartanburg", "rent": 1580, "zip": "29369"}, "spartanburg-29372": {"city": "Spartanburg", "rent": 1090, "zip": "29372"}, "spartanburg-29373": {"city": "Spartanburg", "rent": 1090, "zip": "29373"}, "spartanburg-29374": {"city": "Spartanburg", "rent": 1090, "zip": "29374"}, "spartanburg-29375": {"city": "Spartanburg", "rent": 1150, "zip": "29375"}, "spartanburg-29376": {"city": "Spartanburg", "rent": 1160, "zip": "29376"}, "spartanburg-29377": {"city": "Spartanburg", "rent": 1090, "zip": "29377"}, "spartanburg-29378": {"city": "Spartanburg", "rent": 1200, "zip": "29378"}, "spartanburg-29385": {"city": "Spartanburg", "rent": 1180, "zip": "29385"}, "spartanburg-29388": {"city": "Spartanburg", "rent": 1090, "zip": "29388"}, "spartanburg-29644": {"city": "Spartanburg", "rent": 1270, "zip": "29644"}, "spartanburg-29645": {"city": "Spartanburg", "rent": 1190, "zip": "29645"}, "spartanburg-29650": {"city": "Spartanburg", "rent": 1600, "zip": "29650"}, "spartanburg-29651": {"city": "Spartanburg", "rent": 1190, "zip": "29651"}, "union-county-29031": {"city": "Union County", "rent": 1170, "zip": "29031"}, "union-county-29178": {"city": "Union County", "rent": 910, "zip": "29178"}, "union-county-29321": {"city": "Union County", "rent": 1000, "zip": "29321"}, "union-county-29335": {"city": "Union County", "rent": 1090, "zip": "29335"}, "union-county-29353": {"city": "Union County", "rent": 900, "zip": "29353"}, "union-county-29364": {"city": "Union County", "rent": 1050, "zip": "29364"}, "union-county-29372": {"city": "Union County", "rent": 1090, "zip": "29372"}, "union-county-29374": {"city": "Union County", "rent": 1090, "zip": "29374"}, "union-county-29379": {"city": "Union County", "rent": 1040, "zip": "29379"}, "sumter-29001": {"city": "Sumter", "rent": 950, "zip": "29001"}, "sumter-29040": {"city": "Sumter", "rent": 1200, "zip": "29040"}, "sumter-29051": {"city": "Sumter", "rent": 950, "zip": "29051"}, "sumter-29062": {"city": "Sumter", "rent": 1120, "zip": "29062"}, "sumter-29080": {"city": "Sumter", "rent": 950, "zip": "29080"}, "sumter-29102": {"city": "Sumter", "rent": 950, "zip": "29102"}, "sumter-29104": {"city": "Sumter", "rent": 950, "zip": "29104"}, "sumter-29114": {"city": "Sumter", "rent": 1030, "zip": "29114"}, "sumter-29125": {"city": "Sumter", "rent": 970, "zip": "29125"}, "sumter-29128": {"city": "Sumter", "rent": 1170, "zip": "29128"}, "sumter-29150": {"city": "Sumter", "rent": 1310, "zip": "29150"}, "sumter-29151": {"city": "Sumter", "rent": 1280, "zip": "29151"}, "sumter-29152": {"city": "Sumter", "rent": 1650, "zip": "29152"}, "sumter-29153": {"city": "Sumter", "rent": 1230, "zip": "29153"}, "sumter-29154": {"city": "Sumter", "rent": 1370, "zip": "29154"}, "sumter-29162": {"city": "Sumter", "rent": 950, "zip": "29162"}, "sumter-29168": {"city": "Sumter", "rent": 1230, "zip": "29168"}, "abbeville-county-29620": {"city": "Abbeville County", "rent": 930, "zip": "29620"}, "abbeville-county-29627": {"city": "Abbeville County", "rent": 1180, "zip": "29627"}, "abbeville-county-29628": {"city": "Abbeville County", "rent": 900, "zip": "29628"}, "abbeville-county-29638": {"city": "Abbeville County", "rent": 910, "zip": "29638"}, "abbeville-county-29639": {"city": "Abbeville County", "rent": 950, "zip": "29639"}, "abbeville-county-29646": {"city": "Abbeville County", "rent": 900, "zip": "29646"}, "abbeville-county-29649": {"city": "Abbeville County", "rent": 980, "zip": "29649"}, "abbeville-county-29653": {"city": "Abbeville County", "rent": 1070, "zip": "29653"}, "abbeville-county-29654": {"city": "Abbeville County", "rent": 1180, "zip": "29654"}, "abbeville-county-29655": {"city": "Abbeville County", "rent": 940, "zip": "29655"}, "abbeville-county-29659": {"city": "Abbeville County", "rent": 940, "zip": "29659"}, "abbeville-county-29692": {"city": "Abbeville County", "rent": 900, "zip": "29692"}, "abbeville-county-29819": {"city": "Abbeville County", "rent": 900, "zip": "29819"}, "allendale-county-29810": {"city": "Allendale County", "rent": 900, "zip": "29810"}, "allendale-county-29812": {"city": "Allendale County", "rent": 900, "zip": "29812"}, "allendale-county-29827": {"city": "Allendale County", "rent": 920, "zip": "29827"}, "allendale-county-29836": {"city": "Allendale County", "rent": 900, "zip": "29836"}, "allendale-county-29849": {"city": "Allendale County", "rent": 930, "zip": "29849"}, "allendale-county-29932": {"city": "Allendale County", "rent": 940, "zip": "29932"}, "bamberg-county-29003": {"city": "Bamberg County", "rent": 920, "zip": "29003"}, "bamberg-county-29038": {"city": "Bamberg County", "rent": 900, "zip": "29038"}, "bamberg-county-29042": {"city": "Bamberg County", "rent": 930, "zip": "29042"}, "bamberg-county-29081": {"city": "Bamberg County", "rent": 900, "zip": "29081"}, "bamberg-county-29082": {"city": "Bamberg County", "rent": 990, "zip": "29082"}, "bamberg-county-29432": {"city": "Bamberg County", "rent": 1300, "zip": "29432"}, "bamberg-county-29481": {"city": "Bamberg County", "rent": 1300, "zip": "29481"}, "bamberg-county-29817": {"city": "Bamberg County", "rent": 1010, "zip": "29817"}, "bamberg-county-29843": {"city": "Bamberg County", "rent": 1010, "zip": "29843"}, "barnwell-county-29812": {"city": "Barnwell County", "rent": 900, "zip": "29812"}, "barnwell-county-29817": {"city": "Barnwell County", "rent": 1010, "zip": "29817"}, "barnwell-county-29826": {"city": "Barnwell County", "rent": 980, "zip": "29826"}, "barnwell-county-29836": {"city": "Barnwell County", "rent": 900, "zip": "29836"}, "barnwell-county-29843": {"city": "Barnwell County", "rent": 1010, "zip": "29843"}, "barnwell-county-29849": {"city": "Barnwell County", "rent": 930, "zip": "29849"}, "barnwell-county-29853": {"city": "Barnwell County", "rent": 970, "zip": "29853"}, "cherokee-county-29306": {"city": "Cherokee County", "rent": 1180, "zip": "29306"}, "cherokee-county-29307": {"city": "Cherokee County", "rent": 1160, "zip": "29307"}, "cherokee-county-29323": {"city": "Cherokee County", "rent": 1090, "zip": "29323"}, "cherokee-county-29330": {"city": "Cherokee County", "rent": 1090, "zip": "29330"}, "cherokee-county-29340": {"city": "Cherokee County", "rent": 900, "zip": "29340"}, "cherokee-county-29341": {"city": "Cherokee County", "rent": 940, "zip": "29341"}, "cherokee-county-29372": {"city": "Cherokee County", "rent": 1090, "zip": "29372"}, "cherokee-county-29702": {"city": "Cherokee County", "rent": 930, "zip": "29702"}, "cherokee-county-29743": {"city": "Cherokee County", "rent": 970, "zip": "29743"}, "chesterfield-county-29009": {"city": "Chesterfield County", "rent": 1310, "zip": "29009"}, "chesterfield-county-29101": {"city": "Chesterfield County", "rent": 950, "zip": "29101"}, "chesterfield-county-29520": {"city": "Chesterfield County", "rent": 980, "zip": "29520"}, "chesterfield-county-29550": {"city": "Chesterfield County", "rent": 1090, "zip": "29550"}, "chesterfield-county-29584": {"city": "Chesterfield County", "rent": 1010, "zip": "29584"}, "chesterfield-county-29593": {"city": "Chesterfield County", "rent": 1110, "zip": "29593"}, "chesterfield-county-29709": {"city": "Chesterfield County", "rent": 900, "zip": "29709"}, "chesterfield-county-29718": {"city": "Chesterfield County", "rent": 1000, "zip": "29718"}, "chesterfield-county-29727": {"city": "Chesterfield County", "rent": 900, "zip": "29727"}, "chesterfield-county-29728": {"city": "Chesterfield County", "rent": 900, "zip": "29728"}, "chesterfield-county-29741": {"city": "Chesterfield County", "rent": 1000, "zip": "29741"}, "clarendon-county-29001": {"city": "Clarendon County", "rent": 950, "zip": "29001"}, "clarendon-county-29041": {"city": "Clarendon County", "rent": 900, "zip": "29041"}, "clarendon-county-29051": {"city": "Clarendon County", "rent": 950, "zip": "29051"}, "clarendon-county-29056": {"city": "Clarendon County", "rent": 910, "zip": "29056"}, "clarendon-county-29102": {"city": "Clarendon County", "rent": 950, "zip": "29102"}, "clarendon-county-29111": {"city": "Clarendon County", "rent": 980, "zip": "29111"}, "clarendon-county-29114": {"city": "Clarendon County", "rent": 1030, "zip": "29114"}, "clarendon-county-29125": {"city": "Clarendon County", "rent": 970, "zip": "29125"}, "clarendon-county-29148": {"city": "Clarendon County", "rent": 900, "zip": "29148"}, "clarendon-county-29162": {"city": "Clarendon County", "rent": 950, "zip": "29162"}, "clarendon-county-29518": {"city": "Clarendon County", "rent": 940, "zip": "29518"}, "clarendon-county-29560": {"city": "Clarendon County", "rent": 960, "zip": "29560"}, "colleton-county-29081": {"city": "Colleton County", "rent": 900, "zip": "29081"}, "colleton-county-29082": {"city": "Colleton County", "rent": 990, "zip": "29082"}, "colleton-county-29432": {"city": "Colleton County", "rent": 1300, "zip": "29432"}, "colleton-county-29435": {"city": "Colleton County", "rent": 960, "zip": "29435"}, "colleton-county-29438": {"city": "Colleton County", "rent": 1370, "zip": "29438"}, "colleton-county-29446": {"city": "Colleton County", "rent": 1160, "zip": "29446"}, "colleton-county-29452": {"city": "Colleton County", "rent": 1160, "zip": "29452"}, "colleton-county-29472": {"city": "Colleton County", "rent": 1370, "zip": "29472"}, "colleton-county-29474": {"city": "Colleton County", "rent": 900, "zip": "29474"}, "colleton-county-29475": {"city": "Colleton County", "rent": 940, "zip": "29475"}, "colleton-county-29481": {"city": "Colleton County", "rent": 1300, "zip": "29481"}, "colleton-county-29488": {"city": "Colleton County", "rent": 900, "zip": "29488"}, "colleton-county-29493": {"city": "Colleton County", "rent": 1000, "zip": "29493"}, "colleton-county-29929": {"city": "Colleton County", "rent": 1170, "zip": "29929"}, "colleton-county-29945": {"city": "Colleton County", "rent": 1640, "zip": "29945"}, "dillon-county-29525": {"city": "Dillon County", "rent": 900, "zip": "29525"}, "dillon-county-29536": {"city": "Dillon County", "rent": 900, "zip": "29536"}, "dillon-county-29543": {"city": "Dillon County", "rent": 900, "zip": "29543"}, "dillon-county-29547": {"city": "Dillon County", "rent": 940, "zip": "29547"}, "dillon-county-29563": {"city": "Dillon County", "rent": 900, "zip": "29563"}, "dillon-county-29565": {"city": "Dillon County", "rent": 980, "zip": "29565"}, "dillon-county-29567": {"city": "Dillon County", "rent": 900, "zip": "29567"}, "dillon-county-29571": {"city": "Dillon County", "rent": 900, "zip": "29571"}, "dillon-county-29574": {"city": "Dillon County", "rent": 900, "zip": "29574"}, "dillon-county-29581": {"city": "Dillon County", "rent": 1270, "zip": "29581"}, "dillon-county-29592": {"city": "Dillon County", "rent": 950, "zip": "29592"}, "georgetown-county-29440": {"city": "Georgetown County", "rent": 1080, "zip": "29440"}, "georgetown-county-29442": {"city": "Georgetown County", "rent": 1200, "zip": "29442"}, "georgetown-county-29510": {"city": "Georgetown County", "rent": 1080, "zip": "29510"}, "georgetown-county-29554": {"city": "Georgetown County", "rent": 1080, "zip": "29554"}, "georgetown-county-29555": {"city": "Georgetown County", "rent": 1080, "zip": "29555"}, "georgetown-county-29576": {"city": "Georgetown County", "rent": 1680, "zip": "29576"}, "georgetown-county-29585": {"city": "Georgetown County", "rent": 1580, "zip": "29585"}, "greenwood-county-29138": {"city": "Greenwood County", "rent": 1020, "zip": "29138"}, "greenwood-county-29620": {"city": "Greenwood County", "rent": 930, "zip": "29620"}, "greenwood-county-29638": {"city": "Greenwood County", "rent": 910, "zip": "29638"}, "greenwood-county-29646": {"city": "Greenwood County", "rent": 900, "zip": "29646"}, "greenwood-county-29648": {"city": "Greenwood County", "rent": 930, "zip": "29648"}, "greenwood-county-29649": {"city": "Greenwood County", "rent": 980, "zip": "29649"}, "greenwood-county-29653": {"city": "Greenwood County", "rent": 1070, "zip": "29653"}, "greenwood-county-29666": {"city": "Greenwood County", "rent": 1170, "zip": "29666"}, "greenwood-county-29692": {"city": "Greenwood County", "rent": 900, "zip": "29692"}, "greenwood-county-29819": {"city": "Greenwood County", "rent": 900, "zip": "29819"}, "greenwood-county-29848": {"city": "Greenwood County", "rent": 1170, "zip": "29848"}, "hampton-county-29827": {"city": "Hampton County", "rent": 920, "zip": "29827"}, "hampton-county-29911": {"city": "Hampton County", "rent": 1140, "zip": "29911"}, "hampton-county-29916": {"city": "Hampton County", "rent": 1140, "zip": "29916"}, "hampton-county-29918": {"city": "Hampton County", "rent": 900, "zip": "29918"}, "hampton-county-29921": {"city": "Hampton County", "rent": 900, "zip": "29921"}, "hampton-county-29922": {"city": "Hampton County", "rent": 1140, "zip": "29922"}, "hampton-county-29923": {"city": "Hampton County", "rent": 900, "zip": "29923"}, "hampton-county-29924": {"city": "Hampton County", "rent": 900, "zip": "29924"}, "hampton-county-29932": {"city": "Hampton County", "rent": 940, "zip": "29932"}, "hampton-county-29934": {"city": "Hampton County", "rent": 1260, "zip": "29934"}, "hampton-county-29939": {"city": "Hampton County", "rent": 900, "zip": "29939"}, "hampton-county-29944": {"city": "Hampton County", "rent": 1140, "zip": "29944"}, "hampton-county-29945": {"city": "Hampton County", "rent": 1640, "zip": "29945"}, "lee-county-29009": {"city": "Lee County", "rent": 1310, "zip": "29009"}, "lee-county-29010": {"city": "Lee County", "rent": 920, "zip": "29010"}, "lee-county-29020": {"city": "Lee County", "rent": 970, "zip": "29020"}, "lee-county-29032": {"city": "Lee County", "rent": 970, "zip": "29032"}, "lee-county-29040": {"city": "Lee County", "rent": 1200, "zip": "29040"}, "lee-county-29046": {"city": "Lee County", "rent": 910, "zip": "29046"}, "lee-county-29069": {"city": "Lee County", "rent": 1030, "zip": "29069"}, "lee-county-29080": {"city": "Lee County", "rent": 950, "zip": "29080"}, "lee-county-29104": {"city": "Lee County", "rent": 950, "zip": "29104"}, "lee-county-29128": {"city": "Lee County", "rent": 1170, "zip": "29128"}, "lee-county-29153": {"city": "Lee County", "rent": 1230, "zip": "29153"}, "lee-county-29550": {"city": "Lee County", "rent": 1090, "zip": "29550"}, "mccormick-county-29620": {"city": "McCormick County", "rent": 930, "zip": "29620"}, "mccormick-county-29628": {"city": "McCormick County", "rent": 900, "zip": "29628"}, "mccormick-county-29819": {"city": "McCormick County", "rent": 900, "zip": "29819"}, "mccormick-county-29821": {"city": "McCormick County", "rent": 1130, "zip": "29821"}, "mccormick-county-29835": {"city": "McCormick County", "rent": 970, "zip": "29835"}, "mccormick-county-29838": {"city": "McCormick County", "rent": 1080, "zip": "29838"}, "mccormick-county-29840": {"city": "McCormick County", "rent": 950, "zip": "29840"}, "mccormick-county-29844": {"city": "McCormick County", "rent": 1070, "zip": "29844"}, "mccormick-county-29845": {"city": "McCormick County", "rent": 1070, "zip": "29845"}, "mccormick-county-29848": {"city": "McCormick County", "rent": 1170, "zip": "29848"}, "mccormick-county-29899": {"city": "McCormick County", "rent": 970, "zip": "29899"}, "marion-county-29519": {"city": "Marion County", "rent": 900, "zip": "29519"}, "marion-county-29546": {"city": "Marion County", "rent": 900, "zip": "29546"}, "marion-county-29565": {"city": "Marion County", "rent": 980, "zip": "29565"}, "marion-county-29571": {"city": "Marion County", "rent": 900, "zip": "29571"}, "marion-county-29574": {"city": "Marion County", "rent": 900, "zip": "29574"}, "marion-county-29581": {"city": "Marion County", "rent": 1270, "zip": "29581"}, "marion-county-29589": {"city": "Marion County", "rent": 900, "zip": "29589"}, "marion-county-29592": {"city": "Marion County", "rent": 950, "zip": "29592"}, "marlboro-county-29512": {"city": "Marlboro County", "rent": 900, "zip": "29512"}, "marlboro-county-29516": {"city": "Marlboro County", "rent": 1060, "zip": "29516"}, "marlboro-county-29525": {"city": "Marlboro County", "rent": 900, "zip": "29525"}, "marlboro-county-29565": {"city": "Marlboro County", "rent": 980, "zip": "29565"}, "marlboro-county-29570": {"city": "Marlboro County", "rent": 900, "zip": "29570"}, "marlboro-county-29594": {"city": "Marlboro County", "rent": 900, "zip": "29594"}, "marlboro-county-29596": {"city": "Marlboro County", "rent": 1050, "zip": "29596"}, "newberry-county-29036": {"city": "Newberry County", "rent": 1880, "zip": "29036"}, "newberry-county-29037": {"city": "Newberry County", "rent": 1170, "zip": "29037"}, "newberry-county-29070": {"city": "Newberry County", "rent": 1170, "zip": "29070"}, "newberry-county-29075": {"city": "Newberry County", "rent": 1170, "zip": "29075"}, "newberry-county-29108": {"city": "Newberry County", "rent": 1010, "zip": "29108"}, "newberry-county-29122": {"city": "Newberry County", "rent": 990, "zip": "29122"}, "newberry-county-29126": {"city": "Newberry County", "rent": 970, "zip": "29126"}, "newberry-county-29127": {"city": "Newberry County", "rent": 1170, "zip": "29127"}, "newberry-county-29145": {"city": "Newberry County", "rent": 980, "zip": "29145"}, "newberry-county-29178": {"city": "Newberry County", "rent": 910, "zip": "29178"}, "newberry-county-29332": {"city": "Newberry County", "rent": 1200, "zip": "29332"}, "newberry-county-29355": {"city": "Newberry County", "rent": 910, "zip": "29355"}, "newberry-county-29370": {"city": "Newberry County", "rent": 1110, "zip": "29370"}, "oconee-county-29634": {"city": "Oconee County", "rent": 1180, "zip": "29634"}, "oconee-county-29643": {"city": "Oconee County", "rent": 990, "zip": "29643"}, "oconee-county-29658": {"city": "Oconee County", "rent": 1030, "zip": "29658"}, "oconee-county-29664": {"city": "Oconee County", "rent": 1040, "zip": "29664"}, "oconee-county-29665": {"city": "Oconee County", "rent": 1000, "zip": "29665"}, "oconee-county-29672": {"city": "Oconee County", "rent": 1000, "zip": "29672"}, "oconee-county-29676": {"city": "Oconee County", "rent": 1130, "zip": "29676"}, "oconee-county-29678": {"city": "Oconee County", "rent": 1180, "zip": "29678"}, "oconee-county-29679": {"city": "Oconee County", "rent": 940, "zip": "29679"}, "oconee-county-29686": {"city": "Oconee County", "rent": 1000, "zip": "29686"}, "oconee-county-29689": {"city": "Oconee County", "rent": 1000, "zip": "29689"}, "oconee-county-29691": {"city": "Oconee County", "rent": 900, "zip": "29691"}, "oconee-county-29693": {"city": "Oconee County", "rent": 910, "zip": "29693"}, "oconee-county-29696": {"city": "Oconee County", "rent": 900, "zip": "29696"}, "orangeburg-county-29018": {"city": "Orangeburg County", "rent": 1300, "zip": "29018"}, "orangeburg-county-29030": {"city": "Orangeburg County", "rent": 1170, "zip": "29030"}, "orangeburg-county-29038": {"city": "Orangeburg County", "rent": 900, "zip": "29038"}, "orangeburg-county-29039": {"city": "Orangeburg County", "rent": 1210, "zip": "29039"}, "orangeburg-county-29047": {"city": "Orangeburg County", "rent": 1170, "zip": "29047"}, "orangeburg-county-29048": {"city": "Orangeburg County", "rent": 900, "zip": "29048"}, "orangeburg-county-29059": {"city": "Orangeburg County", "rent": 1300, "zip": "29059"}, "orangeburg-county-29107": {"city": "Orangeburg County", "rent": 900, "zip": "29107"}, "orangeburg-county-29112": {"city": "Orangeburg County", "rent": 1170, "zip": "29112"}, "orangeburg-county-29113": {"city": "Orangeburg County", "rent": 970, "zip": "29113"}, "orangeburg-county-29115": {"city": "Orangeburg County", "rent": 900, "zip": "29115"}, "orangeburg-county-29116": {"city": "Orangeburg County", "rent": 910, "zip": "29116"}, "orangeburg-county-29117": {"city": "Orangeburg County", "rent": 900, "zip": "29117"}, "orangeburg-county-29118": {"city": "Orangeburg County", "rent": 1170, "zip": "29118"}, "orangeburg-county-29133": {"city": "Orangeburg County", "rent": 900, "zip": "29133"}, "orangeburg-county-29135": {"city": "Orangeburg County", "rent": 1170, "zip": "29135"}, "orangeburg-county-29137": {"city": "Orangeburg County", "rent": 970, "zip": "29137"}, "orangeburg-county-29142": {"city": "Orangeburg County", "rent": 910, "zip": "29142"}, "orangeburg-county-29146": {"city": "Orangeburg County", "rent": 970, "zip": "29146"}, "orangeburg-county-29160": {"city": "Orangeburg County", "rent": 1170, "zip": "29160"}, "orangeburg-county-29163": {"city": "Orangeburg County", "rent": 900, "zip": "29163"}, "orangeburg-county-29432": {"city": "Orangeburg County", "rent": 1300, "zip": "29432"}, "orangeburg-county-29436": {"city": "Orangeburg County", "rent": 1300, "zip": "29436"}, "orangeburg-county-29471": {"city": "Orangeburg County", "rent": 1300, "zip": "29471"}, "orangeburg-county-29477": {"city": "Orangeburg County", "rent": 1300, "zip": "29477"}, "williamsburg-county-29056": {"city": "Williamsburg County", "rent": 910, "zip": "29056"}, "williamsburg-county-29111": {"city": "Williamsburg County", "rent": 980, "zip": "29111"}, "williamsburg-county-29440": {"city": "Williamsburg County", "rent": 1080, "zip": "29440"}, "williamsburg-county-29510": {"city": "Williamsburg County", "rent": 1080, "zip": "29510"}, "williamsburg-county-29518": {"city": "Williamsburg County", "rent": 940, "zip": "29518"}, "williamsburg-county-29554": {"city": "Williamsburg County", "rent": 1080, "zip": "29554"}, "williamsburg-county-29555": {"city": "Williamsburg County", "rent": 1080, "zip": "29555"}, "williamsburg-county-29556": {"city": "Williamsburg County", "rent": 900, "zip": "29556"}, "williamsburg-county-29560": {"city": "Williamsburg County", "rent": 960, "zip": "29560"}, "williamsburg-county-29564": {"city": "Williamsburg County", "rent": 900, "zip": "29564"}, "williamsburg-county-29580": {"city": "Williamsburg County", "rent": 940, "zip": "29580"}, "williamsburg-county-29590": {"city": "Williamsburg County", "rent": 900, "zip": "29590"}}