{"logan-83228": {"city": "Logan", "rent": 1060, "zip": "83228"}, "logan-83232": {"city": "Logan", "rent": 1080, "zip": "83232"}, "logan-83237": {"city": "Logan", "rent": 1320, "zip": "83237"}, "logan-83241": {"city": "Logan", "rent": 1190, "zip": "83241"}, "logan-83263": {"city": "Logan", "rent": 1060, "zip": "83263"}, "logan-83283": {"city": "Logan", "rent": 1060, "zip": "83283"}, "logan-83286": {"city": "Logan", "rent": 1450, "zip": "83286"}, "logan-84304": {"city": "Logan", "rent": 1120, "zip": "84304"}, "logan-84305": {"city": "Logan", "rent": 1190, "zip": "84305"}, "logan-84308": {"city": "Logan", "rent": 1060, "zip": "84308"}, "logan-84312": {"city": "Logan", "rent": 1060, "zip": "84312"}, "logan-84318": {"city": "Logan", "rent": 1280, "zip": "84318"}, "logan-84319": {"city": "Logan", "rent": 1400, "zip": "84319"}, "logan-84320": {"city": "Logan", "rent": 1060, "zip": "84320"}, "logan-84321": {"city": "Logan", "rent": 1180, "zip": "84321"}, "logan-84322": {"city": "Logan", "rent": 1250, "zip": "84322"}, "logan-84323": {"city": "Logan", "rent": 1250, "zip": "84323"}, "logan-84325": {"city": "Logan", "rent": 1060, "zip": "84325"}, "logan-84326": {"city": "Logan", "rent": 1290, "zip": "84326"}, "logan-84327": {"city": "Logan", "rent": 1180, "zip": "84327"}, "logan-84328": {"city": "Logan", "rent": 1400, "zip": "84328"}, "logan-84332": {"city": "Logan", "rent": 1550, "zip": "84332"}, "logan-84333": {"city": "Logan", "rent": 1080, "zip": "84333"}, "logan-84335": {"city": "Logan", "rent": 1320, "zip": "84335"}, "logan-84338": {"city": "Logan", "rent": 1150, "zip": "84338"}, "logan-84339": {"city": "Logan", "rent": 1070, "zip": "84339"}, "logan-84341": {"city": "Logan", "rent": 1300, "zip": "84341"}, "ogden-84010": {"city": "Ogden", "rent": 1680, "zip": "84010"}, "ogden-84011": {"city": "Ogden", "rent": 1740, "zip": "84011"}, "ogden-84014": {"city": "Ogden", "rent": 1800, "zip": "84014"}, "ogden-84015": {"city": "Ogden", "rent": 1660, "zip": "84015"}, "ogden-84016": {"city": "Ogden", "rent": 1740, "zip": "84016"}, "ogden-84017": {"city": "Ogden", "rent": 1630, "zip": "84017"}, "ogden-84018": {"city": "Ogden", "rent": 1380, "zip": "84018"}, "ogden-84025": {"city": "Ogden", "rent": 1800, "zip": "84025"}, "ogden-84037": {"city": "Ogden", "rent": 1750, "zip": "84037"}, "ogden-84040": {"city": "Ogden", "rent": 2070, "zip": "84040"}, "ogden-84041": {"city": "Ogden", "rent": 1590, "zip": "84041"}, "ogden-84050": {"city": "Ogden", "rent": 1600, "zip": "84050"}, "ogden-84054": {"city": "Ogden", "rent": 1850, "zip": "84054"}, "ogden-84056": {"city": "Ogden", "rent": 1960, "zip": "84056"}, "ogden-84067": {"city": "Ogden", "rent": 1680, "zip": "84067"}, "ogden-84075": {"city": "Ogden", "rent": 2420, "zip": "84075"}, "ogden-84087": {"city": "Ogden", "rent": 1970, "zip": "84087"}, "ogden-84089": {"city": "Ogden", "rent": 1740, "zip": "84089"}, "ogden-84098": {"city": "Ogden", "rent": 2780, "zip": "84098"}, "ogden-84116": {"city": "Ogden", "rent": 1580, "zip": "84116"}, "ogden-84310": {"city": "Ogden", "rent": 1580, "zip": "84310"}, "ogden-84315": {"city": "Ogden", "rent": 1790, "zip": "84315"}, "ogden-84317": {"city": "Ogden", "rent": 1550, "zip": "84317"}, "ogden-84401": {"city": "Ogden", "rent": 1610, "zip": "84401"}, "ogden-84402": {"city": "Ogden", "rent": 1480, "zip": "84402"}, "ogden-84403": {"city": "Ogden", "rent": 1380, "zip": "84403"}, "ogden-84404": {"city": "Ogden", "rent": 1470, "zip": "84404"}, "ogden-84405": {"city": "Ogden", "rent": 1530, "zip": "84405"}, "ogden-84408": {"city": "Ogden", "rent": 1380, "zip": "84408"}, "ogden-84409": {"city": "Ogden", "rent": 1480, "zip": "84409"}, "ogden-84412": {"city": "Ogden", "rent": 1480, "zip": "84412"}, "ogden-84414": {"city": "Ogden", "rent": 1630, "zip": "84414"}, "ogden-84415": {"city": "Ogden", "rent": 1480, "zip": "84415"}, "provo-orem-lehi-84003": {"city": "Provo-Orem-Lehi", "rent": 1700, "zip": "84003"}, "provo-orem-lehi-84004": {"city": "Provo-Orem-Lehi", "rent": 1640, "zip": "84004"}, "provo-orem-lehi-84005": {"city": "Provo-Orem-Lehi", "rent": 1940, "zip": "84005"}, "provo-orem-lehi-84013": {"city": "Provo-Orem-Lehi", "rent": 1940, "zip": "84013"}, "provo-orem-lehi-84020": {"city": "Provo-Orem-Lehi", "rent": 2080, "zip": "84020"}, "provo-orem-lehi-84022": {"city": "Provo-Orem-Lehi", "rent": 1220, "zip": "84022"}, "provo-orem-lehi-84034": {"city": "Provo-Orem-Lehi", "rent": 1240, "zip": "84034"}, "provo-orem-lehi-84042": {"city": "Provo-Orem-Lehi", "rent": 1510, "zip": "84042"}, "provo-orem-lehi-84043": {"city": "Provo-Orem-Lehi", "rent": 1840, "zip": "84043"}, "provo-orem-lehi-84045": {"city": "Provo-Orem-Lehi", "rent": 2110, "zip": "84045"}, "provo-orem-lehi-84057": {"city": "Provo-Orem-Lehi", "rent": 1380, "zip": "84057"}, "provo-orem-lehi-84058": {"city": "Provo-Orem-Lehi", "rent": 1470, "zip": "84058"}, "provo-orem-lehi-84059": {"city": "Provo-Orem-Lehi", "rent": 1860, "zip": "84059"}, "provo-orem-lehi-84062": {"city": "Provo-Orem-Lehi", "rent": 1580, "zip": "84062"}, "provo-orem-lehi-84097": {"city": "Provo-Orem-Lehi", "rent": 1410, "zip": "84097"}, "provo-orem-lehi-84601": {"city": "Provo-Orem-Lehi", "rent": 1330, "zip": "84601"}, "provo-orem-lehi-84602": {"city": "Provo-Orem-Lehi", "rent": 1270, "zip": "84602"}, "provo-orem-lehi-84603": {"city": "Provo-Orem-Lehi", "rent": 1470, "zip": "84603"}, "provo-orem-lehi-84604": {"city": "Provo-Orem-Lehi", "rent": 1320, "zip": "84604"}, "provo-orem-lehi-84605": {"city": "Provo-Orem-Lehi", "rent": 1470, "zip": "84605"}, "provo-orem-lehi-84606": {"city": "Provo-Orem-Lehi", "rent": 1400, "zip": "84606"}, "provo-orem-lehi-84626": {"city": "Provo-Orem-Lehi", "rent": 1230, "zip": "84626"}, "provo-orem-lehi-84628": {"city": "Provo-Orem-Lehi", "rent": 1220, "zip": "84628"}, "provo-orem-lehi-84629": {"city": "Provo-Orem-Lehi", "rent": 1240, "zip": "84629"}, "provo-orem-lehi-84633": {"city": "Provo-Orem-Lehi", "rent": 1240, "zip": "84633"}, "provo-orem-lehi-84639": {"city": "Provo-Orem-Lehi", "rent": 1220, "zip": "84639"}, "provo-orem-lehi-84645": {"city": "Provo-Orem-Lehi", "rent": 1230, "zip": "84645"}, "provo-orem-lehi-84648": {"city": "Provo-Orem-Lehi", "rent": 1220, "zip": "84648"}, "provo-orem-lehi-84651": {"city": "Provo-Orem-Lehi", "rent": 1500, "zip": "84651"}, "provo-orem-lehi-84653": {"city": "Provo-Orem-Lehi", "rent": 1550, "zip": "84653"}, "provo-orem-lehi-84655": {"city": "Provo-Orem-Lehi", "rent": 1290, "zip": "84655"}, "provo-orem-lehi-84660": {"city": "Provo-Orem-Lehi", "rent": 1410, "zip": "84660"}, "provo-orem-lehi-84663": {"city": "Provo-Orem-Lehi", "rent": 1480, "zip": "84663"}, "provo-orem-lehi-84664": {"city": "Provo-Orem-Lehi", "rent": 1290, "zip": "84664"}, "st.-george-84720": {"city": "St. George", "rent": 1340, "zip": "84720"}, "st.-george-84722": {"city": "St. George", "rent": 1580, "zip": "84722"}, "st.-george-84725": {"city": "St. George", "rent": 1420, "zip": "84725"}, "st.-george-84733": {"city": "St. George", "rent": 1580, "zip": "84733"}, "st.-george-84737": {"city": "St. George", "rent": 1430, "zip": "84737"}, "st.-george-84738": {"city": "St. George", "rent": 1770, "zip": "84738"}, "st.-george-84745": {"city": "St. George", "rent": 1380, "zip": "84745"}, "st.-george-84746": {"city": "St. George", "rent": 1430, "zip": "84746"}, "st.-george-84757": {"city": "St. George", "rent": 1820, "zip": "84757"}, "st.-george-84763": {"city": "St. George", "rent": 1340, "zip": "84763"}, "st.-george-84765": {"city": "St. George", "rent": 2080, "zip": "84765"}, "st.-george-84767": {"city": "St. George", "rent": 1340, "zip": "84767"}, "st.-george-84770": {"city": "St. George", "rent": 1500, "zip": "84770"}, "st.-george-84771": {"city": "St. George", "rent": 1580, "zip": "84771"}, "st.-george-84774": {"city": "St. George", "rent": 1340, "zip": "84774"}, "st.-george-84779": {"city": "St. George", "rent": 1340, "zip": "84779"}, "st.-george-84780": {"city": "St. George", "rent": 1620, "zip": "84780"}, "st.-george-84781": {"city": "St. George", "rent": 1580, "zip": "84781"}, "st.-george-84782": {"city": "St. George", "rent": 1580, "zip": "84782"}, "st.-george-84783": {"city": "St. George", "rent": 1670, "zip": "84783"}, "st.-george-84784": {"city": "St. George", "rent": 1360, "zip": "84784"}, "st.-george-84790": {"city": "St. George", "rent": 1720, "zip": "84790"}, "st.-george-84791": {"city": "St. George", "rent": 1580, "zip": "84791"}, "salt-lake-city-84006": {"city": "Salt Lake City", "rent": 1690, "zip": "84006"}, "salt-lake-city-84009": {"city": "Salt Lake City", "rent": 2280, "zip": "84009"}, "salt-lake-city-84020": {"city": "Salt Lake City", "rent": 2080, "zip": "84020"}, "salt-lake-city-84044": {"city": "Salt Lake City", "rent": 1810, "zip": "84044"}, "salt-lake-city-84047": {"city": "Salt Lake City", "rent": 1780, "zip": "84047"}, "salt-lake-city-84065": {"city": "Salt Lake City", "rent": 1990, "zip": "84065"}, "salt-lake-city-84070": {"city": "Salt Lake City", "rent": 1830, "zip": "84070"}, "salt-lake-city-84081": {"city": "Salt Lake City", "rent": 2010, "zip": "84081"}, "salt-lake-city-84084": {"city": "Salt Lake City", "rent": 1990, "zip": "84084"}, "salt-lake-city-84088": {"city": "Salt Lake City", "rent": 1770, "zip": "84088"}, "salt-lake-city-84090": {"city": "Salt Lake City", "rent": 1750, "zip": "84090"}, "salt-lake-city-84091": {"city": "Salt Lake City", "rent": 1750, "zip": "84091"}, "salt-lake-city-84092": {"city": "Salt Lake City", "rent": 2480, "zip": "84092"}, "salt-lake-city-84093": {"city": "Salt Lake City", "rent": 2420, "zip": "84093"}, "salt-lake-city-84094": {"city": "Salt Lake City", "rent": 2120, "zip": "84094"}, "salt-lake-city-84095": {"city": "Salt Lake City", "rent": 2070, "zip": "84095"}, "salt-lake-city-84096": {"city": "Salt Lake City", "rent": 2120, "zip": "84096"}, "salt-lake-city-84101": {"city": "Salt Lake City", "rent": 1630, "zip": "84101"}, "salt-lake-city-84102": {"city": "Salt Lake City", "rent": 1750, "zip": "84102"}, "salt-lake-city-84103": {"city": "Salt Lake City", "rent": 1810, "zip": "84103"}, "salt-lake-city-84104": {"city": "Salt Lake City", "rent": 1580, "zip": "84104"}, "salt-lake-city-84105": {"city": "Salt Lake City", "rent": 1750, "zip": "84105"}, "salt-lake-city-84106": {"city": "Salt Lake City", "rent": 1650, "zip": "84106"}, "salt-lake-city-84107": {"city": "Salt Lake City", "rent": 1680, "zip": "84107"}, "salt-lake-city-84108": {"city": "Salt Lake City", "rent": 1890, "zip": "84108"}, "salt-lake-city-84109": {"city": "Salt Lake City", "rent": 1960, "zip": "84109"}, "salt-lake-city-84110": {"city": "Salt Lake City", "rent": 1750, "zip": "84110"}, "salt-lake-city-84111": {"city": "Salt Lake City", "rent": 1750, "zip": "84111"}, "salt-lake-city-84112": {"city": "Salt Lake City", "rent": 1580, "zip": "84112"}, "salt-lake-city-84113": {"city": "Salt Lake City", "rent": 1580, "zip": "84113"}, "salt-lake-city-84114": {"city": "Salt Lake City", "rent": 1750, "zip": "84114"}, "salt-lake-city-84115": {"city": "Salt Lake City", "rent": 1580, "zip": "84115"}, "salt-lake-city-84116": {"city": "Salt Lake City", "rent": 1580, "zip": "84116"}, "salt-lake-city-84117": {"city": "Salt Lake City", "rent": 1940, "zip": "84117"}, "salt-lake-city-84118": {"city": "Salt Lake City", "rent": 2060, "zip": "84118"}, "salt-lake-city-84119": {"city": "Salt Lake City", "rent": 1610, "zip": "84119"}, "salt-lake-city-84120": {"city": "Salt Lake City", "rent": 1710, "zip": "84120"}, "salt-lake-city-84121": {"city": "Salt Lake City", "rent": 2020, "zip": "84121"}, "salt-lake-city-84122": {"city": "Salt Lake City", "rent": 1750, "zip": "84122"}, "salt-lake-city-84123": {"city": "Salt Lake City", "rent": 1670, "zip": "84123"}, "salt-lake-city-84124": {"city": "Salt Lake City", "rent": 1690, "zip": "84124"}, "salt-lake-city-84125": {"city": "Salt Lake City", "rent": 1750, "zip": "84125"}, "salt-lake-city-84126": {"city": "Salt Lake City", "rent": 1750, "zip": "84126"}, "salt-lake-city-84127": {"city": "Salt Lake City", "rent": 1750, "zip": "84127"}, "salt-lake-city-84128": {"city": "Salt Lake City", "rent": 2180, "zip": "84128"}, "salt-lake-city-84129": {"city": "Salt Lake City", "rent": 1730, "zip": "84129"}, "salt-lake-city-84133": {"city": "Salt Lake City", "rent": 1750, "zip": "84133"}, "salt-lake-city-84134": {"city": "Salt Lake City", "rent": 1750, "zip": "84134"}, "salt-lake-city-84138": {"city": "Salt Lake City", "rent": 1750, "zip": "84138"}, "salt-lake-city-84150": {"city": "Salt Lake City", "rent": 1800, "zip": "84150"}, "salt-lake-city-84151": {"city": "Salt Lake City", "rent": 1750, "zip": "84151"}, "salt-lake-city-84152": {"city": "Salt Lake City", "rent": 1750, "zip": "84152"}, "salt-lake-city-84157": {"city": "Salt Lake City", "rent": 1750, "zip": "84157"}, "salt-lake-city-84158": {"city": "Salt Lake City", "rent": 1750, "zip": "84158"}, "salt-lake-city-84165": {"city": "Salt Lake City", "rent": 1750, "zip": "84165"}, "salt-lake-city-84170": {"city": "Salt Lake City", "rent": 1750, "zip": "84170"}, "salt-lake-city-84171": {"city": "Salt Lake City", "rent": 1750, "zip": "84171"}, "salt-lake-city-84180": {"city": "Salt Lake City", "rent": 1750, "zip": "84180"}, "salt-lake-city-84199": {"city": "Salt Lake City", "rent": 1750, "zip": "84199"}, "tooele-county-84022": {"city": "Tooele County", "rent": 1220, "zip": "84022"}, "tooele-county-84029": {"city": "Tooele County", "rent": 1090, "zip": "84029"}, "tooele-county-84034": {"city": "Tooele County", "rent": 1240, "zip": "84034"}, "tooele-county-84069": {"city": "Tooele County", "rent": 1170, "zip": "84069"}, "tooele-county-84071": {"city": "Tooele County", "rent": 1090, "zip": "84071"}, "tooele-county-84074": {"city": "Tooele County", "rent": 1320, "zip": "84074"}, "tooele-county-84080": {"city": "Tooele County", "rent": 1160, "zip": "84080"}, "tooele-county-84083": {"city": "Tooele County", "rent": 1090, "zip": "84083"}, "beaver-county-84713": {"city": "Beaver County", "rent": 1210, "zip": "84713"}, "beaver-county-84731": {"city": "Beaver County", "rent": 1210, "zip": "84731"}, "beaver-county-84751": {"city": "Beaver County", "rent": 1130, "zip": "84751"}, "beaver-county-84752": {"city": "Beaver County", "rent": 1200, "zip": "84752"}, "box-elder-county-83342": {"city": "Box Elder County", "rent": 1050, "zip": "83342"}, "box-elder-county-84029": {"city": "Box Elder County", "rent": 1090, "zip": "84029"}, "box-elder-county-84301": {"city": "Box Elder County", "rent": 1110, "zip": "84301"}, "box-elder-county-84302": {"city": "Box Elder County", "rent": 1080, "zip": "84302"}, "box-elder-county-84306": {"city": "Box Elder County", "rent": 1030, "zip": "84306"}, "box-elder-county-84307": {"city": "Box Elder County", "rent": 1060, "zip": "84307"}, "box-elder-county-84309": {"city": "Box Elder County", "rent": 1140, "zip": "84309"}, "box-elder-county-84311": {"city": "Box Elder County", "rent": 1070, "zip": "84311"}, "box-elder-county-84312": {"city": "Box Elder County", "rent": 1060, "zip": "84312"}, "box-elder-county-84313": {"city": "Box Elder County", "rent": 1000, "zip": "84313"}, "box-elder-county-84314": {"city": "Box Elder County", "rent": 1220, "zip": "84314"}, "box-elder-county-84316": {"city": "Box Elder County", "rent": 1110, "zip": "84316"}, "box-elder-county-84324": {"city": "Box Elder County", "rent": 1290, "zip": "84324"}, "box-elder-county-84329": {"city": "Box Elder County", "rent": 1120, "zip": "84329"}, "box-elder-county-84330": {"city": "Box Elder County", "rent": 1280, "zip": "84330"}, "box-elder-county-84331": {"city": "Box Elder County", "rent": 1360, "zip": "84331"}, "box-elder-county-84334": {"city": "Box Elder County", "rent": 970, "zip": "84334"}, "box-elder-county-84336": {"city": "Box Elder County", "rent": 1110, "zip": "84336"}, "box-elder-county-84337": {"city": "Box Elder County", "rent": 1200, "zip": "84337"}, "box-elder-county-84340": {"city": "Box Elder County", "rent": 1680, "zip": "84340"}, "carbon-county-84501": {"city": "Carbon County", "rent": 1090, "zip": "84501"}, "carbon-county-84520": {"city": "Carbon County", "rent": 1260, "zip": "84520"}, "carbon-county-84526": {"city": "Carbon County", "rent": 1030, "zip": "84526"}, "carbon-county-84529": {"city": "Carbon County", "rent": 970, "zip": "84529"}, "carbon-county-84539": {"city": "Carbon County", "rent": 1260, "zip": "84539"}, "carbon-county-84542": {"city": "Carbon County", "rent": 1130, "zip": "84542"}, "daggett-county-84023": {"city": "Daggett County", "rent": 1020, "zip": "84023"}, "daggett-county-84046": {"city": "Daggett County", "rent": 1150, "zip": "84046"}, "duchesne-county-84001": {"city": "Duchesne County", "rent": 1130, "zip": "84001"}, "duchesne-county-84002": {"city": "Duchesne County", "rent": 1130, "zip": "84002"}, "duchesne-county-84007": {"city": "Duchesne County", "rent": 1130, "zip": "84007"}, "duchesne-county-84021": {"city": "Duchesne County", "rent": 1190, "zip": "84021"}, "duchesne-county-84027": {"city": "Duchesne County", "rent": 1230, "zip": "84027"}, "duchesne-county-84031": {"city": "Duchesne County", "rent": 1100, "zip": "84031"}, "duchesne-county-84051": {"city": "Duchesne County", "rent": 1130, "zip": "84051"}, "duchesne-county-84052": {"city": "Duchesne County", "rent": 1100, "zip": "84052"}, "duchesne-county-84053": {"city": "Duchesne County", "rent": 1130, "zip": "84053"}, "duchesne-county-84066": {"city": "Duchesne County", "rent": 1120, "zip": "84066"}, "duchesne-county-84072": {"city": "Duchesne County", "rent": 1180, "zip": "84072"}, "duchesne-county-84073": {"city": "Duchesne County", "rent": 1190, "zip": "84073"}, "emery-county-84501": {"city": "Emery County", "rent": 1090, "zip": "84501"}, "emery-county-84513": {"city": "Emery County", "rent": 1030, "zip": "84513"}, "emery-county-84516": {"city": "Emery County", "rent": 1030, "zip": "84516"}, "emery-county-84518": {"city": "Emery County", "rent": 1190, "zip": "84518"}, "emery-county-84521": {"city": "Emery County", "rent": 970, "zip": "84521"}, "emery-county-84522": {"city": "Emery County", "rent": 970, "zip": "84522"}, "emery-county-84523": {"city": "Emery County", "rent": 970, "zip": "84523"}, "emery-county-84525": {"city": "Emery County", "rent": 1270, "zip": "84525"}, "emery-county-84528": {"city": "Emery County", "rent": 980, "zip": "84528"}, "emery-county-84537": {"city": "Emery County", "rent": 1100, "zip": "84537"}, "garfield-county-84712": {"city": "Garfield County", "rent": 1080, "zip": "84712"}, "garfield-county-84716": {"city": "Garfield County", "rent": 1000, "zip": "84716"}, "garfield-county-84718": {"city": "Garfield County", "rent": 1070, "zip": "84718"}, "garfield-county-84726": {"city": "Garfield County", "rent": 1140, "zip": "84726"}, "garfield-county-84735": {"city": "Garfield County", "rent": 1030, "zip": "84735"}, "garfield-county-84736": {"city": "Garfield County", "rent": 1290, "zip": "84736"}, "garfield-county-84759": {"city": "Garfield County", "rent": 990, "zip": "84759"}, "garfield-county-84762": {"city": "Garfield County", "rent": 1660, "zip": "84762"}, "garfield-county-84764": {"city": "Garfield County", "rent": 970, "zip": "84764"}, "garfield-county-84775": {"city": "Garfield County", "rent": 970, "zip": "84775"}, "garfield-county-84776": {"city": "Garfield County", "rent": 1230, "zip": "84776"}, "grand-county-84515": {"city": "Grand County", "rent": 1560, "zip": "84515"}, "grand-county-84525": {"city": "Grand County", "rent": 1270, "zip": "84525"}, "grand-county-84532": {"city": "Grand County", "rent": 1560, "zip": "84532"}, "grand-county-84540": {"city": "Grand County", "rent": 1560, "zip": "84540"}, "iron-county-84714": {"city": "Iron County", "rent": 1120, "zip": "84714"}, "iron-county-84719": {"city": "Iron County", "rent": 1170, "zip": "84719"}, "iron-county-84720": {"city": "Iron County", "rent": 1340, "zip": "84720"}, "iron-county-84721": {"city": "Iron County", "rent": 1160, "zip": "84721"}, "iron-county-84722": {"city": "Iron County", "rent": 1580, "zip": "84722"}, "iron-county-84742": {"city": "Iron County", "rent": 1190, "zip": "84742"}, "iron-county-84753": {"city": "Iron County", "rent": 1120, "zip": "84753"}, "iron-county-84756": {"city": "Iron County", "rent": 1120, "zip": "84756"}, "iron-county-84757": {"city": "Iron County", "rent": 1820, "zip": "84757"}, "iron-county-84760": {"city": "Iron County", "rent": 1220, "zip": "84760"}, "iron-county-84761": {"city": "Iron County", "rent": 1120, "zip": "84761"}, "iron-county-84772": {"city": "Iron County", "rent": 1120, "zip": "84772"}, "kane-county-84533": {"city": "Kane County", "rent": 1270, "zip": "84533"}, "kane-county-84710": {"city": "Kane County", "rent": 1440, "zip": "84710"}, "kane-county-84729": {"city": "Kane County", "rent": 1540, "zip": "84729"}, "kane-county-84741": {"city": "Kane County", "rent": 1680, "zip": "84741"}, "kane-county-84755": {"city": "Kane County", "rent": 1560, "zip": "84755"}, "kane-county-84758": {"city": "Kane County", "rent": 1490, "zip": "84758"}, "kane-county-84762": {"city": "Kane County", "rent": 1660, "zip": "84762"}, "millard-county-84624": {"city": "Millard County", "rent": 1220, "zip": "84624"}, "millard-county-84631": {"city": "Millard County", "rent": 970, "zip": "84631"}, "millard-county-84635": {"city": "Millard County", "rent": 1130, "zip": "84635"}, "millard-county-84636": {"city": "Millard County", "rent": 1380, "zip": "84636"}, "millard-county-84637": {"city": "Millard County", "rent": 1120, "zip": "84637"}, "millard-county-84638": {"city": "Millard County", "rent": 1120, "zip": "84638"}, "millard-county-84640": {"city": "Millard County", "rent": 1120, "zip": "84640"}, "millard-county-84644": {"city": "Millard County", "rent": 970, "zip": "84644"}, "millard-county-84649": {"city": "Millard County", "rent": 1260, "zip": "84649"}, "millard-county-84656": {"city": "Millard County", "rent": 1020, "zip": "84656"}, "millard-county-84728": {"city": "Millard County", "rent": 1120, "zip": "84728"}, "piute-county-84712": {"city": "Piute County", "rent": 1080, "zip": "84712"}, "piute-county-84723": {"city": "Piute County", "rent": 1260, "zip": "84723"}, "piute-county-84732": {"city": "Piute County", "rent": 970, "zip": "84732"}, "piute-county-84740": {"city": "Piute County", "rent": 1230, "zip": "84740"}, "piute-county-84743": {"city": "Piute County", "rent": 1150, "zip": "84743"}, "piute-county-84744": {"city": "Piute County", "rent": 970, "zip": "84744"}, "piute-county-84750": {"city": "Piute County", "rent": 1150, "zip": "84750"}, "rich-county-84028": {"city": "Rich County", "rent": 1130, "zip": "84028"}, "rich-county-84038": {"city": "Rich County", "rent": 1130, "zip": "84038"}, "rich-county-84064": {"city": "Rich County", "rent": 1170, "zip": "84064"}, "rich-county-84086": {"city": "Rich County", "rent": 970, "zip": "84086"}, "san-juan-county-81324": {"city": "San Juan County", "rent": 1580, "zip": "81324"}, "san-juan-county-84510": {"city": "San Juan County", "rent": 1140, "zip": "84510"}, "san-juan-county-84511": {"city": "San Juan County", "rent": 1180, "zip": "84511"}, "san-juan-county-84512": {"city": "San Juan County", "rent": 1070, "zip": "84512"}, "san-juan-county-84530": {"city": "San Juan County", "rent": 1540, "zip": "84530"}, "san-juan-county-84531": {"city": "San Juan County", "rent": 1140, "zip": "84531"}, "san-juan-county-84532": {"city": "San Juan County", "rent": 1560, "zip": "84532"}, "san-juan-county-84533": {"city": "San Juan County", "rent": 1270, "zip": "84533"}, "san-juan-county-84534": {"city": "San Juan County", "rent": 970, "zip": "84534"}, "san-juan-county-84535": {"city": "San Juan County", "rent": 1490, "zip": "84535"}, "san-juan-county-84536": {"city": "San Juan County", "rent": 1250, "zip": "84536"}, "san-juan-county-86044": {"city": "San Juan County", "rent": 1750, "zip": "86044"}, "san-juan-county-86514": {"city": "San Juan County", "rent": 1370, "zip": "86514"}, "sanpete-county-84621": {"city": "Sanpete County", "rent": 1150, "zip": "84621"}, "sanpete-county-84622": {"city": "Sanpete County", "rent": 1060, "zip": "84622"}, "sanpete-county-84623": {"city": "Sanpete County", "rent": 1140, "zip": "84623"}, "sanpete-county-84627": {"city": "Sanpete County", "rent": 1130, "zip": "84627"}, "sanpete-county-84629": {"city": "Sanpete County", "rent": 1240, "zip": "84629"}, "sanpete-county-84630": {"city": "Sanpete County", "rent": 1350, "zip": "84630"}, "sanpete-county-84632": {"city": "Sanpete County", "rent": 1300, "zip": "84632"}, "sanpete-county-84634": {"city": "Sanpete County", "rent": 1350, "zip": "84634"}, "sanpete-county-84642": {"city": "Sanpete County", "rent": 1370, "zip": "84642"}, "sanpete-county-84643": {"city": "Sanpete County", "rent": 1310, "zip": "84643"}, "sanpete-county-84646": {"city": "Sanpete County", "rent": 970, "zip": "84646"}, "sanpete-county-84647": {"city": "Sanpete County", "rent": 1460, "zip": "84647"}, "sanpete-county-84662": {"city": "Sanpete County", "rent": 1370, "zip": "84662"}, "sanpete-county-84665": {"city": "Sanpete County", "rent": 1360, "zip": "84665"}, "sanpete-county-84667": {"city": "Sanpete County", "rent": 1090, "zip": "84667"}, "sevier-county-84620": {"city": "Sevier County", "rent": 970, "zip": "84620"}, "sevier-county-84652": {"city": "Sevier County", "rent": 1270, "zip": "84652"}, "sevier-county-84654": {"city": "Sevier County", "rent": 1170, "zip": "84654"}, "sevier-county-84657": {"city": "Sevier County", "rent": 1040, "zip": "84657"}, "sevier-county-84701": {"city": "Sevier County", "rent": 1050, "zip": "84701"}, "sevier-county-84711": {"city": "Sevier County", "rent": 1020, "zip": "84711"}, "sevier-county-84724": {"city": "Sevier County", "rent": 1110, "zip": "84724"}, "sevier-county-84730": {"city": "Sevier County", "rent": 1010, "zip": "84730"}, "sevier-county-84739": {"city": "Sevier County", "rent": 1230, "zip": "84739"}, "sevier-county-84744": {"city": "Sevier County", "rent": 970, "zip": "84744"}, "sevier-county-84754": {"city": "Sevier County", "rent": 1110, "zip": "84754"}, "sevier-county-84766": {"city": "Sevier County", "rent": 1090, "zip": "84766"}, "summit-county-82930": {"city": "Summit County", "rent": 1470, "zip": "82930"}, "summit-county-84017": {"city": "Summit County", "rent": 1630, "zip": "84017"}, "summit-county-84024": {"city": "Summit County", "rent": 1630, "zip": "84024"}, "summit-county-84033": {"city": "Summit County", "rent": 1630, "zip": "84033"}, "summit-county-84036": {"city": "Summit County", "rent": 1630, "zip": "84036"}, "summit-county-84055": {"city": "Summit County", "rent": 2760, "zip": "84055"}, "summit-county-84060": {"city": "Summit County", "rent": 2180, "zip": "84060"}, "summit-county-84061": {"city": "Summit County", "rent": 2020, "zip": "84061"}, "summit-county-84068": {"city": "Summit County", "rent": 2190, "zip": "84068"}, "summit-county-84098": {"city": "Summit County", "rent": 2780, "zip": "84098"}, "uintah-county-84008": {"city": "Uintah County", "rent": 1030, "zip": "84008"}, "uintah-county-84026": {"city": "Uintah County", "rent": 1110, "zip": "84026"}, "uintah-county-84035": {"city": "Uintah County", "rent": 1020, "zip": "84035"}, "uintah-county-84039": {"city": "Uintah County", "rent": 1030, "zip": "84039"}, "uintah-county-84052": {"city": "Uintah County", "rent": 1100, "zip": "84052"}, "uintah-county-84053": {"city": "Uintah County", "rent": 1130, "zip": "84053"}, "uintah-county-84063": {"city": "Uintah County", "rent": 1020, "zip": "84063"}, "uintah-county-84066": {"city": "Uintah County", "rent": 1120, "zip": "84066"}, "uintah-county-84076": {"city": "Uintah County", "rent": 1030, "zip": "84076"}, "uintah-county-84078": {"city": "Uintah County", "rent": 1020, "zip": "84078"}, "uintah-county-84079": {"city": "Uintah County", "rent": 1030, "zip": "84079"}, "uintah-county-84085": {"city": "Uintah County", "rent": 1030, "zip": "84085"}, "wasatch-county-84032": {"city": "Wasatch County", "rent": 1650, "zip": "84032"}, "wasatch-county-84036": {"city": "Wasatch County", "rent": 1630, "zip": "84036"}, "wasatch-county-84049": {"city": "Wasatch County", "rent": 2620, "zip": "84049"}, "wasatch-county-84060": {"city": "Wasatch County", "rent": 2180, "zip": "84060"}, "wasatch-county-84082": {"city": "Wasatch County", "rent": 1680, "zip": "84082"}, "wasatch-county-84604": {"city": "Wasatch County", "rent": 1320, "zip": "84604"}, "wayne-county-84715": {"city": "Wayne County", "rent": 1030, "zip": "84715"}, "wayne-county-84734": {"city": "Wayne County", "rent": 970, "zip": "84734"}, "wayne-county-84747": {"city": "Wayne County", "rent": 970, "zip": "84747"}, "wayne-county-84749": {"city": "Wayne County", "rent": 1000, "zip": "84749"}, "wayne-county-84773": {"city": "Wayne County", "rent": 970, "zip": "84773"}, "wayne-county-84775": {"city": "Wayne County", "rent": 970, "zip": "84775"}}