{"bellingham-98220": {"city": "Bellingham", "rent": 1580, "zip": "98220"}, "bellingham-98225": {"city": "Bellingham", "rent": 1820, "zip": "98225"}, "bellingham-98226": {"city": "Bellingham", "rent": 1760, "zip": "98226"}, "bellingham-98227": {"city": "Bellingham", "rent": 1790, "zip": "98227"}, "bellingham-98228": {"city": "Bellingham", "rent": 1790, "zip": "98228"}, "bellingham-98229": {"city": "Bellingham", "rent": 1890, "zip": "98229"}, "bellingham-98230": {"city": "Bellingham", "rent": 1710, "zip": "98230"}, "bellingham-98231": {"city": "Bellingham", "rent": 1790, "zip": "98231"}, "bellingham-98237": {"city": "Bellingham", "rent": 1680, "zip": "98237"}, "bellingham-98240": {"city": "Bellingham", "rent": 1750, "zip": "98240"}, "bellingham-98244": {"city": "Bellingham", "rent": 1480, "zip": "98244"}, "bellingham-98247": {"city": "Bellingham", "rent": 1770, "zip": "98247"}, "bellingham-98248": {"city": "Bellingham", "rent": 1770, "zip": "98248"}, "bellingham-98262": {"city": "Bellingham", "rent": 1950, "zip": "98262"}, "bellingham-98264": {"city": "Bellingham", "rent": 1940, "zip": "98264"}, "bellingham-98266": {"city": "Bellingham", "rent": 1580, "zip": "98266"}, "bellingham-98276": {"city": "Bellingham", "rent": 1980, "zip": "98276"}, "bellingham-98281": {"city": "Bellingham", "rent": 1480, "zip": "98281"}, "bellingham-98283": {"city": "Bellingham", "rent": 1680, "zip": "98283"}, "bellingham-98284": {"city": "Bellingham", "rent": 1770, "zip": "98284"}, "bellingham-98295": {"city": "Bellingham", "rent": 1540, "zip": "98295"}, "bremerton-silverdale-port-orchard-98061": {"city": "Bremerton-Silverdale-Port Orchard", "rent": 2030, "zip": "98061"}, "bremerton-silverdale-port-orchard-98110": {"city": "Bremerton-Silverdale-Port Orchard", "rent": 2460, "zip": "98110"}, "bremerton-silverdale-port-orchard-98310": {"city": "Bremerton-Silverdale-Port Orchard", "rent": 1860, "zip": "98310"}, "bremerton-silverdale-port-orchard-98311": {"city": "Bremerton-Silverdale-Port Orchard", "rent": 2080, "zip": "98311"}, "bremerton-silverdale-port-orchard-98312": {"city": "Bremerton-Silverdale-Port Orchard", "rent": 1910, "zip": "98312"}, "bremerton-silverdale-port-orchard-98314": {"city": "Bremerton-Silverdale-Port Orchard", "rent": 2870, "zip": "98314"}, "bremerton-silverdale-port-orchard-98315": {"city": "Bremerton-Silverdale-Port Orchard", "rent": 2630, "zip": "98315"}, "bremerton-silverdale-port-orchard-98322": {"city": "Bremerton-Silverdale-Port Orchard", "rent": 2030, "zip": "98322"}, "bremerton-silverdale-port-orchard-98329": {"city": "Bremerton-Silverdale-Port Orchard", "rent": 2020, "zip": "98329"}, "bremerton-silverdale-port-orchard-98337": {"city": "Bremerton-Silverdale-Port Orchard", "rent": 1860, "zip": "98337"}, "bremerton-silverdale-port-orchard-98340": {"city": "Bremerton-Silverdale-Port Orchard", "rent": 2530, "zip": "98340"}, "bremerton-silverdale-port-orchard-98342": {"city": "Bremerton-Silverdale-Port Orchard", "rent": 1860, "zip": "98342"}, "bremerton-silverdale-port-orchard-98345": {"city": "Bremerton-Silverdale-Port Orchard", "rent": 2010, "zip": "98345"}, "bremerton-silverdale-port-orchard-98346": {"city": "Bremerton-Silverdale-Port Orchard", "rent": 1880, "zip": "98346"}, "bremerton-silverdale-port-orchard-98353": {"city": "Bremerton-Silverdale-Port Orchard", "rent": 2030, "zip": "98353"}, "bremerton-silverdale-port-orchard-98359": {"city": "Bremerton-Silverdale-Port Orchard", "rent": 1860, "zip": "98359"}, "bremerton-silverdale-port-orchard-98364": {"city": "Bremerton-Silverdale-Port Orchard", "rent": 2030, "zip": "98364"}, "bremerton-silverdale-port-orchard-98366": {"city": "Bremerton-Silverdale-Port Orchard", "rent": 1950, "zip": "98366"}, "bremerton-silverdale-port-orchard-98367": {"city": "Bremerton-Silverdale-Port Orchard", "rent": 2110, "zip": "98367"}, "bremerton-silverdale-port-orchard-98370": {"city": "Bremerton-Silverdale-Port Orchard", "rent": 2140, "zip": "98370"}, "bremerton-silverdale-port-orchard-98380": {"city": "Bremerton-Silverdale-Port Orchard", "rent": 2820, "zip": "98380"}, "bremerton-silverdale-port-orchard-98383": {"city": "Bremerton-Silverdale-Port Orchard", "rent": 2380, "zip": "98383"}, "bremerton-silverdale-port-orchard-98384": {"city": "Bremerton-Silverdale-Port Orchard", "rent": 2030, "zip": "98384"}, "bremerton-silverdale-port-orchard-98386": {"city": "Bremerton-Silverdale-Port Orchard", "rent": 2030, "zip": "98386"}, "bremerton-silverdale-port-orchard-98392": {"city": "Bremerton-Silverdale-Port Orchard", "rent": 1860, "zip": "98392"}, "bremerton-silverdale-port-orchard-98393": {"city": "Bremerton-Silverdale-Port Orchard", "rent": 2030, "zip": "98393"}, "bremerton-silverdale-port-orchard-98528": {"city": "Bremerton-Silverdale-Port Orchard", "rent": 1860, "zip": "98528"}, "kennewick-richland-98930": {"city": "Kennewick-Richland", "rent": 1360, "zip": "98930"}, "kennewick-richland-98944": {"city": "Kennewick-Richland", "rent": 1430, "zip": "98944"}, "kennewick-richland-99301": {"city": "Kennewick-Richland", "rent": 1520, "zip": "99301"}, "kennewick-richland-99302": {"city": "Kennewick-Richland", "rent": 1510, "zip": "99302"}, "kennewick-richland-99320": {"city": "Kennewick-Richland", "rent": 1480, "zip": "99320"}, "kennewick-richland-99326": {"city": "Kennewick-Richland", "rent": 1430, "zip": "99326"}, "kennewick-richland-99330": {"city": "Kennewick-Richland", "rent": 1440, "zip": "99330"}, "kennewick-richland-99335": {"city": "Kennewick-Richland", "rent": 1360, "zip": "99335"}, "kennewick-richland-99336": {"city": "Kennewick-Richland", "rent": 1500, "zip": "99336"}, "kennewick-richland-99337": {"city": "Kennewick-Richland", "rent": 1690, "zip": "99337"}, "kennewick-richland-99338": {"city": "Kennewick-Richland", "rent": 1740, "zip": "99338"}, "kennewick-richland-99343": {"city": "Kennewick-Richland", "rent": 1360, "zip": "99343"}, "kennewick-richland-99344": {"city": "Kennewick-Richland", "rent": 1360, "zip": "99344"}, "kennewick-richland-99345": {"city": "Kennewick-Richland", "rent": 1360, "zip": "99345"}, "kennewick-richland-99346": {"city": "Kennewick-Richland", "rent": 1490, "zip": "99346"}, "kennewick-richland-99350": {"city": "Kennewick-Richland", "rent": 1360, "zip": "99350"}, "kennewick-richland-99352": {"city": "Kennewick-Richland", "rent": 1760, "zip": "99352"}, "kennewick-richland-99353": {"city": "Kennewick-Richland", "rent": 1950, "zip": "99353"}, "kennewick-richland-99354": {"city": "Kennewick-Richland", "rent": 1610, "zip": "99354"}, "kennewick-richland-99371": {"city": "Kennewick-Richland", "rent": 1360, "zip": "99371"}, "longview-kelso-98581": {"city": "Longview-Kelso", "rent": 1530, "zip": "98581"}, "longview-kelso-98601": {"city": "Longview-Kelso", "rent": 1800, "zip": "98601"}, "longview-kelso-98603": {"city": "Longview-Kelso", "rent": 1550, "zip": "98603"}, "longview-kelso-98609": {"city": "Longview-Kelso", "rent": 1450, "zip": "98609"}, "longview-kelso-98611": {"city": "Longview-Kelso", "rent": 1670, "zip": "98611"}, "longview-kelso-98616": {"city": "Longview-Kelso", "rent": 2110, "zip": "98616"}, "longview-kelso-98625": {"city": "Longview-Kelso", "rent": 1540, "zip": "98625"}, "longview-kelso-98626": {"city": "Longview-Kelso", "rent": 1440, "zip": "98626"}, "longview-kelso-98632": {"city": "Longview-Kelso", "rent": 1450, "zip": "98632"}, "longview-kelso-98645": {"city": "Longview-Kelso", "rent": 1670, "zip": "98645"}, "longview-kelso-98649": {"city": "Longview-Kelso", "rent": 1280, "zip": "98649"}, "longview-kelso-98674": {"city": "Longview-Kelso", "rent": 1800, "zip": "98674"}, "mount-vernon-anacortes-98221": {"city": "Mount Vernon-Anacortes", "rent": 1950, "zip": "98221"}, "mount-vernon-anacortes-98229": {"city": "Mount Vernon-Anacortes", "rent": 1890, "zip": "98229"}, "mount-vernon-anacortes-98232": {"city": "Mount Vernon-Anacortes", "rent": 2160, "zip": "98232"}, "mount-vernon-anacortes-98233": {"city": "Mount Vernon-Anacortes", "rent": 1810, "zip": "98233"}, "mount-vernon-anacortes-98235": {"city": "Mount Vernon-Anacortes", "rent": 1610, "zip": "98235"}, "mount-vernon-anacortes-98237": {"city": "Mount Vernon-Anacortes", "rent": 1680, "zip": "98237"}, "mount-vernon-anacortes-98238": {"city": "Mount Vernon-Anacortes", "rent": 1540, "zip": "98238"}, "mount-vernon-anacortes-98241": {"city": "Mount Vernon-Anacortes", "rent": 2160, "zip": "98241"}, "mount-vernon-anacortes-98255": {"city": "Mount Vernon-Anacortes", "rent": 1770, "zip": "98255"}, "mount-vernon-anacortes-98257": {"city": "Mount Vernon-Anacortes", "rent": 1540, "zip": "98257"}, "mount-vernon-anacortes-98263": {"city": "Mount Vernon-Anacortes", "rent": 1770, "zip": "98263"}, "mount-vernon-anacortes-98267": {"city": "Mount Vernon-Anacortes", "rent": 1540, "zip": "98267"}, "mount-vernon-anacortes-98273": {"city": "Mount Vernon-Anacortes", "rent": 1540, "zip": "98273"}, "mount-vernon-anacortes-98274": {"city": "Mount Vernon-Anacortes", "rent": 1990, "zip": "98274"}, "mount-vernon-anacortes-98283": {"city": "Mount Vernon-Anacortes", "rent": 1680, "zip": "98283"}, "mount-vernon-anacortes-98284": {"city": "Mount Vernon-Anacortes", "rent": 1770, "zip": "98284"}, "mount-vernon-anacortes-98292": {"city": "Mount Vernon-Anacortes", "rent": 2180, "zip": "98292"}, "olympia-lacey-tumwater-98501": {"city": "Olympia-Lacey-Tumwater", "rent": 1910, "zip": "98501"}, "olympia-lacey-tumwater-98502": {"city": "Olympia-Lacey-Tumwater", "rent": 1910, "zip": "98502"}, "olympia-lacey-tumwater-98503": {"city": "Olympia-Lacey-Tumwater", "rent": 1990, "zip": "98503"}, "olympia-lacey-tumwater-98505": {"city": "Olympia-Lacey-Tumwater", "rent": 1910, "zip": "98505"}, "olympia-lacey-tumwater-98506": {"city": "Olympia-Lacey-Tumwater", "rent": 1840, "zip": "98506"}, "olympia-lacey-tumwater-98507": {"city": "Olympia-Lacey-Tumwater", "rent": 1960, "zip": "98507"}, "olympia-lacey-tumwater-98508": {"city": "Olympia-Lacey-Tumwater", "rent": 1960, "zip": "98508"}, "olympia-lacey-tumwater-98509": {"city": "Olympia-Lacey-Tumwater", "rent": 1960, "zip": "98509"}, "olympia-lacey-tumwater-98511": {"city": "Olympia-Lacey-Tumwater", "rent": 1960, "zip": "98511"}, "olympia-lacey-tumwater-98512": {"city": "Olympia-Lacey-Tumwater", "rent": 1990, "zip": "98512"}, "olympia-lacey-tumwater-98513": {"city": "Olympia-Lacey-Tumwater", "rent": 2250, "zip": "98513"}, "olympia-lacey-tumwater-98516": {"city": "Olympia-Lacey-Tumwater", "rent": 2320, "zip": "98516"}, "olympia-lacey-tumwater-98530": {"city": "Olympia-Lacey-Tumwater", "rent": 1660, "zip": "98530"}, "olympia-lacey-tumwater-98531": {"city": "Olympia-Lacey-Tumwater", "rent": 1660, "zip": "98531"}, "olympia-lacey-tumwater-98540": {"city": "Olympia-Lacey-Tumwater", "rent": 1960, "zip": "98540"}, "olympia-lacey-tumwater-98556": {"city": "Olympia-Lacey-Tumwater", "rent": 1990, "zip": "98556"}, "olympia-lacey-tumwater-98568": {"city": "Olympia-Lacey-Tumwater", "rent": 1660, "zip": "98568"}, "olympia-lacey-tumwater-98576": {"city": "Olympia-Lacey-Tumwater", "rent": 1660, "zip": "98576"}, "olympia-lacey-tumwater-98579": {"city": "Olympia-Lacey-Tumwater", "rent": 1660, "zip": "98579"}, "olympia-lacey-tumwater-98589": {"city": "Olympia-Lacey-Tumwater", "rent": 1660, "zip": "98589"}, "olympia-lacey-tumwater-98597": {"city": "Olympia-Lacey-Tumwater", "rent": 1890, "zip": "98597"}, "seattle-bellevue-98001": {"city": "Seattle-Bellevue", "rent": 2490, "zip": "98001"}, "seattle-bellevue-98002": {"city": "Seattle-Bellevue", "rent": 2160, "zip": "98002"}, "seattle-bellevue-98003": {"city": "Seattle-Bellevue", "rent": 2190, "zip": "98003"}, "seattle-bellevue-98004": {"city": "Seattle-Bellevue", "rent": 3750, "zip": "98004"}, "seattle-bellevue-98005": {"city": "Seattle-Bellevue", "rent": 2930, "zip": "98005"}, "seattle-bellevue-98006": {"city": "Seattle-Bellevue", "rent": 3560, "zip": "98006"}, "seattle-bellevue-98007": {"city": "Seattle-Bellevue", "rent": 3030, "zip": "98007"}, "seattle-bellevue-98008": {"city": "Seattle-Bellevue", "rent": 3160, "zip": "98008"}, "seattle-bellevue-98009": {"city": "Seattle-Bellevue", "rent": 2550, "zip": "98009"}, "seattle-bellevue-98010": {"city": "Seattle-Bellevue", "rent": 2640, "zip": "98010"}, "seattle-bellevue-98011": {"city": "Seattle-Bellevue", "rent": 2700, "zip": "98011"}, "seattle-bellevue-98012": {"city": "Seattle-Bellevue", "rent": 2690, "zip": "98012"}, "seattle-bellevue-98014": {"city": "Seattle-Bellevue", "rent": 2340, "zip": "98014"}, "seattle-bellevue-98015": {"city": "Seattle-Bellevue", "rent": 2550, "zip": "98015"}, "seattle-bellevue-98019": {"city": "Seattle-Bellevue", "rent": 3420, "zip": "98019"}, "seattle-bellevue-98020": {"city": "Seattle-Bellevue", "rent": 2380, "zip": "98020"}, "seattle-bellevue-98021": {"city": "Seattle-Bellevue", "rent": 3030, "zip": "98021"}, "seattle-bellevue-98022": {"city": "Seattle-Bellevue", "rent": 2160, "zip": "98022"}, "seattle-bellevue-98023": {"city": "Seattle-Bellevue", "rent": 2320, "zip": "98023"}, "seattle-bellevue-98024": {"city": "Seattle-Bellevue", "rent": 2470, "zip": "98024"}, "seattle-bellevue-98025": {"city": "Seattle-Bellevue", "rent": 2870, "zip": "98025"}, "seattle-bellevue-98026": {"city": "Seattle-Bellevue", "rent": 2300, "zip": "98026"}, "seattle-bellevue-98027": {"city": "Seattle-Bellevue", "rent": 2920, "zip": "98027"}, "seattle-bellevue-98028": {"city": "Seattle-Bellevue", "rent": 2480, "zip": "98028"}, "seattle-bellevue-98029": {"city": "Seattle-Bellevue", "rent": 3310, "zip": "98029"}, "seattle-bellevue-98030": {"city": "Seattle-Bellevue", "rent": 2280, "zip": "98030"}, "seattle-bellevue-98031": {"city": "Seattle-Bellevue", "rent": 2310, "zip": "98031"}, "seattle-bellevue-98032": {"city": "Seattle-Bellevue", "rent": 2350, "zip": "98032"}, "seattle-bellevue-98033": {"city": "Seattle-Bellevue", "rent": 3260, "zip": "98033"}, "seattle-bellevue-98034": {"city": "Seattle-Bellevue", "rent": 2860, "zip": "98034"}, "seattle-bellevue-98035": {"city": "Seattle-Bellevue", "rent": 2550, "zip": "98035"}, "seattle-bellevue-98036": {"city": "Seattle-Bellevue", "rent": 2160, "zip": "98036"}, "seattle-bellevue-98037": {"city": "Seattle-Bellevue", "rent": 2310, "zip": "98037"}, "seattle-bellevue-98038": {"city": "Seattle-Bellevue", "rent": 2850, "zip": "98038"}, "seattle-bellevue-98039": {"city": "Seattle-Bellevue", "rent": 3240, "zip": "98039"}, "seattle-bellevue-98040": {"city": "Seattle-Bellevue", "rent": 3020, "zip": "98040"}, "seattle-bellevue-98041": {"city": "Seattle-Bellevue", "rent": 2550, "zip": "98041"}, "seattle-bellevue-98042": {"city": "Seattle-Bellevue", "rent": 2580, "zip": "98042"}, "seattle-bellevue-98043": {"city": "Seattle-Bellevue", "rent": 2400, "zip": "98043"}, "seattle-bellevue-98045": {"city": "Seattle-Bellevue", "rent": 2660, "zip": "98045"}, "seattle-bellevue-98046": {"city": "Seattle-Bellevue", "rent": 2320, "zip": "98046"}, "seattle-bellevue-98047": {"city": "Seattle-Bellevue", "rent": 2170, "zip": "98047"}, "seattle-bellevue-98050": {"city": "Seattle-Bellevue", "rent": 2720, "zip": "98050"}, "seattle-bellevue-98051": {"city": "Seattle-Bellevue", "rent": 2640, "zip": "98051"}, "seattle-bellevue-98052": {"city": "Seattle-Bellevue", "rent": 3110, "zip": "98052"}, "seattle-bellevue-98053": {"city": "Seattle-Bellevue", "rent": 3310, "zip": "98053"}, "seattle-bellevue-98055": {"city": "Seattle-Bellevue", "rent": 2580, "zip": "98055"}, "seattle-bellevue-98056": {"city": "Seattle-Bellevue", "rent": 2480, "zip": "98056"}, "seattle-bellevue-98057": {"city": "Seattle-Bellevue", "rent": 2210, "zip": "98057"}, "seattle-bellevue-98058": {"city": "Seattle-Bellevue", "rent": 2560, "zip": "98058"}, "seattle-bellevue-98059": {"city": "Seattle-Bellevue", "rent": 2690, "zip": "98059"}, "seattle-bellevue-98062": {"city": "Seattle-Bellevue", "rent": 2550, "zip": "98062"}, "seattle-bellevue-98063": {"city": "Seattle-Bellevue", "rent": 2550, "zip": "98063"}, "seattle-bellevue-98064": {"city": "Seattle-Bellevue", "rent": 2550, "zip": "98064"}, "seattle-bellevue-98065": {"city": "Seattle-Bellevue", "rent": 3570, "zip": "98065"}, "seattle-bellevue-98068": {"city": "Seattle-Bellevue", "rent": 2160, "zip": "98068"}, "seattle-bellevue-98070": {"city": "Seattle-Bellevue", "rent": 2160, "zip": "98070"}, "seattle-bellevue-98071": {"city": "Seattle-Bellevue", "rent": 2550, "zip": "98071"}, "seattle-bellevue-98072": {"city": "Seattle-Bellevue", "rent": 2820, "zip": "98072"}, "seattle-bellevue-98073": {"city": "Seattle-Bellevue", "rent": 2550, "zip": "98073"}, "seattle-bellevue-98074": {"city": "Seattle-Bellevue", "rent": 3440, "zip": "98074"}, "seattle-bellevue-98075": {"city": "Seattle-Bellevue", "rent": 3750, "zip": "98075"}, "seattle-bellevue-98077": {"city": "Seattle-Bellevue", "rent": 2990, "zip": "98077"}, "seattle-bellevue-98082": {"city": "Seattle-Bellevue", "rent": 2320, "zip": "98082"}, "seattle-bellevue-98083": {"city": "Seattle-Bellevue", "rent": 2550, "zip": "98083"}, "seattle-bellevue-98087": {"city": "Seattle-Bellevue", "rent": 2520, "zip": "98087"}, "seattle-bellevue-98089": {"city": "Seattle-Bellevue", "rent": 2550, "zip": "98089"}, "seattle-bellevue-98092": {"city": "Seattle-Bellevue", "rent": 2280, "zip": "98092"}, "seattle-bellevue-98093": {"city": "Seattle-Bellevue", "rent": 2550, "zip": "98093"}, "seattle-bellevue-98101": {"city": "Seattle-Bellevue", "rent": 3470, "zip": "98101"}, "seattle-bellevue-98102": {"city": "Seattle-Bellevue", "rent": 2910, "zip": "98102"}, "seattle-bellevue-98103": {"city": "Seattle-Bellevue", "rent": 2990, "zip": "98103"}, "seattle-bellevue-98104": {"city": "Seattle-Bellevue", "rent": 2240, "zip": "98104"}, "seattle-bellevue-98105": {"city": "Seattle-Bellevue", "rent": 2730, "zip": "98105"}, "seattle-bellevue-98106": {"city": "Seattle-Bellevue", "rent": 2390, "zip": "98106"}, "seattle-bellevue-98107": {"city": "Seattle-Bellevue", "rent": 2990, "zip": "98107"}, "seattle-bellevue-98108": {"city": "Seattle-Bellevue", "rent": 2160, "zip": "98108"}, "seattle-bellevue-98109": {"city": "Seattle-Bellevue", "rent": 3400, "zip": "98109"}, "seattle-bellevue-98110": {"city": "Seattle-Bellevue", "rent": 2460, "zip": "98110"}, "seattle-bellevue-98111": {"city": "Seattle-Bellevue", "rent": 2550, "zip": "98111"}, "seattle-bellevue-98112": {"city": "Seattle-Bellevue", "rent": 2630, "zip": "98112"}, "seattle-bellevue-98113": {"city": "Seattle-Bellevue", "rent": 2550, "zip": "98113"}, "seattle-bellevue-98114": {"city": "Seattle-Bellevue", "rent": 2550, "zip": "98114"}, "seattle-bellevue-98115": {"city": "Seattle-Bellevue", "rent": 2890, "zip": "98115"}, "seattle-bellevue-98116": {"city": "Seattle-Bellevue", "rent": 2600, "zip": "98116"}, "seattle-bellevue-98117": {"city": "Seattle-Bellevue", "rent": 2730, "zip": "98117"}, "seattle-bellevue-98118": {"city": "Seattle-Bellevue", "rent": 2430, "zip": "98118"}, "seattle-bellevue-98119": {"city": "Seattle-Bellevue", "rent": 2690, "zip": "98119"}, "seattle-bellevue-98121": {"city": "Seattle-Bellevue", "rent": 3740, "zip": "98121"}, "seattle-bellevue-98122": {"city": "Seattle-Bellevue", "rent": 3110, "zip": "98122"}, "seattle-bellevue-98124": {"city": "Seattle-Bellevue", "rent": 2550, "zip": "98124"}, "seattle-bellevue-98125": {"city": "Seattle-Bellevue", "rent": 2580, "zip": "98125"}, "seattle-bellevue-98126": {"city": "Seattle-Bellevue", "rent": 2210, "zip": "98126"}, "seattle-bellevue-98127": {"city": "Seattle-Bellevue", "rent": 2550, "zip": "98127"}, "seattle-bellevue-98131": {"city": "Seattle-Bellevue", "rent": 2550, "zip": "98131"}, "seattle-bellevue-98133": {"city": "Seattle-Bellevue", "rent": 2540, "zip": "98133"}, "seattle-bellevue-98134": {"city": "Seattle-Bellevue", "rent": 2410, "zip": "98134"}, "seattle-bellevue-98136": {"city": "Seattle-Bellevue", "rent": 2600, "zip": "98136"}, "seattle-bellevue-98138": {"city": "Seattle-Bellevue", "rent": 2550, "zip": "98138"}, "seattle-bellevue-98139": {"city": "Seattle-Bellevue", "rent": 2550, "zip": "98139"}, "seattle-bellevue-98144": {"city": "Seattle-Bellevue", "rent": 2560, "zip": "98144"}, "seattle-bellevue-98145": {"city": "Seattle-Bellevue", "rent": 2550, "zip": "98145"}, "seattle-bellevue-98146": {"city": "Seattle-Bellevue", "rent": 2180, "zip": "98146"}, "seattle-bellevue-98148": {"city": "Seattle-Bellevue", "rent": 2240, "zip": "98148"}, "seattle-bellevue-98154": {"city": "Seattle-Bellevue", "rent": 2550, "zip": "98154"}, "seattle-bellevue-98155": {"city": "Seattle-Bellevue", "rent": 2480, "zip": "98155"}, "seattle-bellevue-98158": {"city": "Seattle-Bellevue", "rent": 2550, "zip": "98158"}, "seattle-bellevue-98161": {"city": "Seattle-Bellevue", "rent": 2550, "zip": "98161"}, "seattle-bellevue-98164": {"city": "Seattle-Bellevue", "rent": 2240, "zip": "98164"}, "seattle-bellevue-98165": {"city": "Seattle-Bellevue", "rent": 2550, "zip": "98165"}, "seattle-bellevue-98166": {"city": "Seattle-Bellevue", "rent": 2190, "zip": "98166"}, "seattle-bellevue-98168": {"city": "Seattle-Bellevue", "rent": 2230, "zip": "98168"}, "seattle-bellevue-98170": {"city": "Seattle-Bellevue", "rent": 2550, "zip": "98170"}, "seattle-bellevue-98174": {"city": "Seattle-Bellevue", "rent": 2550, "zip": "98174"}, "seattle-bellevue-98175": {"city": "Seattle-Bellevue", "rent": 2550, "zip": "98175"}, "seattle-bellevue-98177": {"city": "Seattle-Bellevue", "rent": 2650, "zip": "98177"}, "seattle-bellevue-98178": {"city": "Seattle-Bellevue", "rent": 2360, "zip": "98178"}, "seattle-bellevue-98185": {"city": "Seattle-Bellevue", "rent": 2550, "zip": "98185"}, "seattle-bellevue-98188": {"city": "Seattle-Bellevue", "rent": 2160, "zip": "98188"}, "seattle-bellevue-98194": {"city": "Seattle-Bellevue", "rent": 2550, "zip": "98194"}, "seattle-bellevue-98195": {"city": "Seattle-Bellevue", "rent": 2730, "zip": "98195"}, "seattle-bellevue-98198": {"city": "Seattle-Bellevue", "rent": 2180, "zip": "98198"}, "seattle-bellevue-98199": {"city": "Seattle-Bellevue", "rent": 2960, "zip": "98199"}, "seattle-bellevue-98201": {"city": "Seattle-Bellevue", "rent": 2160, "zip": "98201"}, "seattle-bellevue-98203": {"city": "Seattle-Bellevue", "rent": 2160, "zip": "98203"}, "seattle-bellevue-98204": {"city": "Seattle-Bellevue", "rent": 2160, "zip": "98204"}, "seattle-bellevue-98206": {"city": "Seattle-Bellevue", "rent": 2320, "zip": "98206"}, "seattle-bellevue-98207": {"city": "Seattle-Bellevue", "rent": 2160, "zip": "98207"}, "seattle-bellevue-98208": {"city": "Seattle-Bellevue", "rent": 2310, "zip": "98208"}, "seattle-bellevue-98213": {"city": "Seattle-Bellevue", "rent": 2320, "zip": "98213"}, "seattle-bellevue-98223": {"city": "Seattle-Bellevue", "rent": 2260, "zip": "98223"}, "seattle-bellevue-98224": {"city": "Seattle-Bellevue", "rent": 2160, "zip": "98224"}, "seattle-bellevue-98241": {"city": "Seattle-Bellevue", "rent": 2160, "zip": "98241"}, "seattle-bellevue-98251": {"city": "Seattle-Bellevue", "rent": 2160, "zip": "98251"}, "seattle-bellevue-98252": {"city": "Seattle-Bellevue", "rent": 2160, "zip": "98252"}, "seattle-bellevue-98256": {"city": "Seattle-Bellevue", "rent": 2160, "zip": "98256"}, "seattle-bellevue-98258": {"city": "Seattle-Bellevue", "rent": 2640, "zip": "98258"}, "seattle-bellevue-98259": {"city": "Seattle-Bellevue", "rent": 2320, "zip": "98259"}, "seattle-bellevue-98270": {"city": "Seattle-Bellevue", "rent": 2160, "zip": "98270"}, "seattle-bellevue-98271": {"city": "Seattle-Bellevue", "rent": 2330, "zip": "98271"}, "seattle-bellevue-98272": {"city": "Seattle-Bellevue", "rent": 2360, "zip": "98272"}, "seattle-bellevue-98275": {"city": "Seattle-Bellevue", "rent": 2560, "zip": "98275"}, "seattle-bellevue-98282": {"city": "Seattle-Bellevue", "rent": 2160, "zip": "98282"}, "seattle-bellevue-98287": {"city": "Seattle-Bellevue", "rent": 2320, "zip": "98287"}, "seattle-bellevue-98288": {"city": "Seattle-Bellevue", "rent": 2160, "zip": "98288"}, "seattle-bellevue-98290": {"city": "Seattle-Bellevue", "rent": 2160, "zip": "98290"}, "seattle-bellevue-98291": {"city": "Seattle-Bellevue", "rent": 2320, "zip": "98291"}, "seattle-bellevue-98292": {"city": "Seattle-Bellevue", "rent": 2180, "zip": "98292"}, "seattle-bellevue-98293": {"city": "Seattle-Bellevue", "rent": 2320, "zip": "98293"}, "seattle-bellevue-98294": {"city": "Seattle-Bellevue", "rent": 2160, "zip": "98294"}, "seattle-bellevue-98296": {"city": "Seattle-Bellevue", "rent": 2930, "zip": "98296"}, "seattle-bellevue-98354": {"city": "Seattle-Bellevue", "rent": 2270, "zip": "98354"}, "seattle-bellevue-98422": {"city": "Seattle-Bellevue", "rent": 2420, "zip": "98422"}, "tacoma-98001": {"city": "Tacoma", "rent": 2490, "zip": "98001"}, "tacoma-98022": {"city": "Tacoma", "rent": 2160, "zip": "98022"}, "tacoma-98023": {"city": "Tacoma", "rent": 2320, "zip": "98023"}, "tacoma-98047": {"city": "Tacoma", "rent": 2170, "zip": "98047"}, "tacoma-98092": {"city": "Tacoma", "rent": 2280, "zip": "98092"}, "tacoma-98303": {"city": "Tacoma", "rent": 2100, "zip": "98303"}, "tacoma-98304": {"city": "Tacoma", "rent": 1860, "zip": "98304"}, "tacoma-98321": {"city": "Tacoma", "rent": 1990, "zip": "98321"}, "tacoma-98323": {"city": "Tacoma", "rent": 1860, "zip": "98323"}, "tacoma-98327": {"city": "Tacoma", "rent": 2560, "zip": "98327"}, "tacoma-98328": {"city": "Tacoma", "rent": 1860, "zip": "98328"}, "tacoma-98329": {"city": "Tacoma", "rent": 2020, "zip": "98329"}, "tacoma-98330": {"city": "Tacoma", "rent": 1970, "zip": "98330"}, "tacoma-98332": {"city": "Tacoma", "rent": 2680, "zip": "98332"}, "tacoma-98333": {"city": "Tacoma", "rent": 2290, "zip": "98333"}, "tacoma-98335": {"city": "Tacoma", "rent": 2210, "zip": "98335"}, "tacoma-98338": {"city": "Tacoma", "rent": 2140, "zip": "98338"}, "tacoma-98344": {"city": "Tacoma", "rent": 1970, "zip": "98344"}, "tacoma-98349": {"city": "Tacoma", "rent": 1860, "zip": "98349"}, "tacoma-98351": {"city": "Tacoma", "rent": 1860, "zip": "98351"}, "tacoma-98354": {"city": "Tacoma", "rent": 2270, "zip": "98354"}, "tacoma-98359": {"city": "Tacoma", "rent": 1860, "zip": "98359"}, "tacoma-98360": {"city": "Tacoma", "rent": 2540, "zip": "98360"}, "tacoma-98371": {"city": "Tacoma", "rent": 1880, "zip": "98371"}, "tacoma-98372": {"city": "Tacoma", "rent": 2090, "zip": "98372"}, "tacoma-98373": {"city": "Tacoma", "rent": 2120, "zip": "98373"}, "tacoma-98374": {"city": "Tacoma", "rent": 2230, "zip": "98374"}, "tacoma-98375": {"city": "Tacoma", "rent": 2460, "zip": "98375"}, "tacoma-98385": {"city": "Tacoma", "rent": 2090, "zip": "98385"}, "tacoma-98387": {"city": "Tacoma", "rent": 2110, "zip": "98387"}, "tacoma-98388": {"city": "Tacoma", "rent": 1890, "zip": "98388"}, "tacoma-98390": {"city": "Tacoma", "rent": 2190, "zip": "98390"}, "tacoma-98391": {"city": "Tacoma", "rent": 2470, "zip": "98391"}, "tacoma-98394": {"city": "Tacoma", "rent": 1860, "zip": "98394"}, "tacoma-98395": {"city": "Tacoma", "rent": 1970, "zip": "98395"}, "tacoma-98396": {"city": "Tacoma", "rent": 1860, "zip": "98396"}, "tacoma-98401": {"city": "Tacoma", "rent": 1970, "zip": "98401"}, "tacoma-98402": {"city": "Tacoma", "rent": 1900, "zip": "98402"}, "tacoma-98403": {"city": "Tacoma", "rent": 1860, "zip": "98403"}, "tacoma-98404": {"city": "Tacoma", "rent": 1860, "zip": "98404"}, "tacoma-98405": {"city": "Tacoma", "rent": 1860, "zip": "98405"}, "tacoma-98406": {"city": "Tacoma", "rent": 1950, "zip": "98406"}, "tacoma-98407": {"city": "Tacoma", "rent": 2130, "zip": "98407"}, "tacoma-98408": {"city": "Tacoma", "rent": 1860, "zip": "98408"}, "tacoma-98409": {"city": "Tacoma", "rent": 1910, "zip": "98409"}, "tacoma-98411": {"city": "Tacoma", "rent": 1970, "zip": "98411"}, "tacoma-98413": {"city": "Tacoma", "rent": 1970, "zip": "98413"}, "tacoma-98416": {"city": "Tacoma", "rent": 1950, "zip": "98416"}, "tacoma-98417": {"city": "Tacoma", "rent": 1970, "zip": "98417"}, "tacoma-98418": {"city": "Tacoma", "rent": 1860, "zip": "98418"}, "tacoma-98419": {"city": "Tacoma", "rent": 1970, "zip": "98419"}, "tacoma-98421": {"city": "Tacoma", "rent": 2070, "zip": "98421"}, "tacoma-98422": {"city": "Tacoma", "rent": 2420, "zip": "98422"}, "tacoma-98424": {"city": "Tacoma", "rent": 2090, "zip": "98424"}, "tacoma-98430": {"city": "Tacoma", "rent": 2020, "zip": "98430"}, "tacoma-98433": {"city": "Tacoma", "rent": 2120, "zip": "98433"}, "tacoma-98438": {"city": "Tacoma", "rent": 1860, "zip": "98438"}, "tacoma-98439": {"city": "Tacoma", "rent": 1860, "zip": "98439"}, "tacoma-98443": {"city": "Tacoma", "rent": 1900, "zip": "98443"}, "tacoma-98444": {"city": "Tacoma", "rent": 1860, "zip": "98444"}, "tacoma-98445": {"city": "Tacoma", "rent": 1970, "zip": "98445"}, "tacoma-98446": {"city": "Tacoma", "rent": 2200, "zip": "98446"}, "tacoma-98447": {"city": "Tacoma", "rent": 1860, "zip": "98447"}, "tacoma-98448": {"city": "Tacoma", "rent": 1970, "zip": "98448"}, "tacoma-98464": {"city": "Tacoma", "rent": 1970, "zip": "98464"}, "tacoma-98465": {"city": "Tacoma", "rent": 1860, "zip": "98465"}, "tacoma-98466": {"city": "Tacoma", "rent": 1950, "zip": "98466"}, "tacoma-98467": {"city": "Tacoma", "rent": 1860, "zip": "98467"}, "tacoma-98490": {"city": "Tacoma", "rent": 1970, "zip": "98490"}, "tacoma-98496": {"city": "Tacoma", "rent": 1970, "zip": "98496"}, "tacoma-98498": {"city": "Tacoma", "rent": 1860, "zip": "98498"}, "tacoma-98499": {"city": "Tacoma", "rent": 1860, "zip": "98499"}, "tacoma-98528": {"city": "Tacoma", "rent": 1860, "zip": "98528"}, "tacoma-98558": {"city": "Tacoma", "rent": 2190, "zip": "98558"}, "tacoma-98580": {"city": "Tacoma", "rent": 2260, "zip": "98580"}, "tacoma-98937": {"city": "Tacoma", "rent": 1860, "zip": "98937"}, "spokane-99001": {"city": "Spokane", "rent": 1650, "zip": "99001"}, "spokane-99003": {"city": "Spokane", "rent": 1470, "zip": "99003"}, "spokane-99004": {"city": "Spokane", "rent": 1430, "zip": "99004"}, "spokane-99005": {"city": "Spokane", "rent": 1710, "zip": "99005"}, "spokane-99006": {"city": "Spokane", "rent": 1300, "zip": "99006"}, "spokane-99008": {"city": "Spokane", "rent": 1300, "zip": "99008"}, "spokane-99009": {"city": "Spokane", "rent": 1440, "zip": "99009"}, "spokane-99011": {"city": "Spokane", "rent": 2070, "zip": "99011"}, "spokane-99012": {"city": "Spokane", "rent": 1360, "zip": "99012"}, "spokane-99013": {"city": "Spokane", "rent": 1300, "zip": "99013"}, "spokane-99014": {"city": "Spokane", "rent": 1430, "zip": "99014"}, "spokane-99016": {"city": "Spokane", "rent": 2110, "zip": "99016"}, "spokane-99018": {"city": "Spokane", "rent": 1370, "zip": "99018"}, "spokane-99019": {"city": "Spokane", "rent": 2220, "zip": "99019"}, "spokane-99020": {"city": "Spokane", "rent": 1450, "zip": "99020"}, "spokane-99021": {"city": "Spokane", "rent": 1630, "zip": "99021"}, "spokane-99022": {"city": "Spokane", "rent": 1300, "zip": "99022"}, "spokane-99023": {"city": "Spokane", "rent": 1980, "zip": "99023"}, "spokane-99025": {"city": "Spokane", "rent": 1570, "zip": "99025"}, "spokane-99026": {"city": "Spokane", "rent": 1390, "zip": "99026"}, "spokane-99027": {"city": "Spokane", "rent": 1570, "zip": "99027"}, "spokane-99029": {"city": "Spokane", "rent": 1300, "zip": "99029"}, "spokane-99030": {"city": "Spokane", "rent": 1530, "zip": "99030"}, "spokane-99031": {"city": "Spokane", "rent": 1340, "zip": "99031"}, "spokane-99032": {"city": "Spokane", "rent": 1300, "zip": "99032"}, "spokane-99033": {"city": "Spokane", "rent": 1300, "zip": "99033"}, "spokane-99036": {"city": "Spokane", "rent": 1510, "zip": "99036"}, "spokane-99037": {"city": "Spokane", "rent": 1640, "zip": "99037"}, "spokane-99039": {"city": "Spokane", "rent": 1360, "zip": "99039"}, "spokane-99110": {"city": "Spokane", "rent": 1300, "zip": "99110"}, "spokane-99156": {"city": "Spokane", "rent": 1300, "zip": "99156"}, "spokane-99170": {"city": "Spokane", "rent": 1300, "zip": "99170"}, "spokane-99201": {"city": "Spokane", "rent": 1340, "zip": "99201"}, "spokane-99202": {"city": "Spokane", "rent": 1420, "zip": "99202"}, "spokane-99203": {"city": "Spokane", "rent": 1560, "zip": "99203"}, "spokane-99204": {"city": "Spokane", "rent": 1310, "zip": "99204"}, "spokane-99205": {"city": "Spokane", "rent": 1560, "zip": "99205"}, "spokane-99206": {"city": "Spokane", "rent": 1400, "zip": "99206"}, "spokane-99207": {"city": "Spokane", "rent": 1480, "zip": "99207"}, "spokane-99208": {"city": "Spokane", "rent": 1570, "zip": "99208"}, "spokane-99209": {"city": "Spokane", "rent": 1530, "zip": "99209"}, "spokane-99210": {"city": "Spokane", "rent": 1530, "zip": "99210"}, "spokane-99211": {"city": "Spokane", "rent": 1530, "zip": "99211"}, "spokane-99212": {"city": "Spokane", "rent": 1510, "zip": "99212"}, "spokane-99213": {"city": "Spokane", "rent": 1530, "zip": "99213"}, "spokane-99214": {"city": "Spokane", "rent": 1530, "zip": "99214"}, "spokane-99216": {"city": "Spokane", "rent": 1550, "zip": "99216"}, "spokane-99217": {"city": "Spokane", "rent": 1620, "zip": "99217"}, "spokane-99218": {"city": "Spokane", "rent": 1440, "zip": "99218"}, "spokane-99219": {"city": "Spokane", "rent": 1530, "zip": "99219"}, "spokane-99220": {"city": "Spokane", "rent": 1530, "zip": "99220"}, "spokane-99223": {"city": "Spokane", "rent": 1590, "zip": "99223"}, "spokane-99224": {"city": "Spokane", "rent": 1600, "zip": "99224"}, "spokane-99228": {"city": "Spokane", "rent": 1530, "zip": "99228"}, "spokane-99251": {"city": "Spokane", "rent": 1440, "zip": "99251"}, "spokane-99258": {"city": "Spokane", "rent": 1420, "zip": "99258"}, "spokane-99260": {"city": "Spokane", "rent": 1530, "zip": "99260"}, "stevens-county-99006": {"city": "Stevens County", "rent": 1300, "zip": "99006"}, "stevens-county-99013": {"city": "Stevens County", "rent": 1300, "zip": "99013"}, "stevens-county-99026": {"city": "Stevens County", "rent": 1390, "zip": "99026"}, "stevens-county-99034": {"city": "Stevens County", "rent": 1350, "zip": "99034"}, "stevens-county-99040": {"city": "Stevens County", "rent": 1230, "zip": "99040"}, "stevens-county-99101": {"city": "Stevens County", "rent": 1100, "zip": "99101"}, "stevens-county-99109": {"city": "Stevens County", "rent": 1150, "zip": "99109"}, "stevens-county-99110": {"city": "Stevens County", "rent": 1300, "zip": "99110"}, "stevens-county-99114": {"city": "Stevens County", "rent": 1110, "zip": "99114"}, "stevens-county-99122": {"city": "Stevens County", "rent": 1010, "zip": "99122"}, "stevens-county-99126": {"city": "Stevens County", "rent": 1110, "zip": "99126"}, "stevens-county-99129": {"city": "Stevens County", "rent": 1110, "zip": "99129"}, "stevens-county-99131": {"city": "Stevens County", "rent": 1100, "zip": "99131"}, "stevens-county-99137": {"city": "Stevens County", "rent": 970, "zip": "99137"}, "stevens-county-99141": {"city": "Stevens County", "rent": 1130, "zip": "99141"}, "stevens-county-99148": {"city": "Stevens County", "rent": 1300, "zip": "99148"}, "stevens-county-99151": {"city": "Stevens County", "rent": 1130, "zip": "99151"}, "stevens-county-99157": {"city": "Stevens County", "rent": 990, "zip": "99157"}, "stevens-county-99160": {"city": "Stevens County", "rent": 1110, "zip": "99160"}, "stevens-county-99167": {"city": "Stevens County", "rent": 1130, "zip": "99167"}, "stevens-county-99173": {"city": "Stevens County", "rent": 1460, "zip": "99173"}, "stevens-county-99181": {"city": "Stevens County", "rent": 1280, "zip": "99181"}, "walla-walla-99323": {"city": "Walla Walla", "rent": 1430, "zip": "99323"}, "walla-walla-99324": {"city": "Walla Walla", "rent": 1460, "zip": "99324"}, "walla-walla-99328": {"city": "Walla Walla", "rent": 1340, "zip": "99328"}, "walla-walla-99329": {"city": "Walla Walla", "rent": 1460, "zip": "99329"}, "walla-walla-99348": {"city": "Walla Walla", "rent": 1340, "zip": "99348"}, "walla-walla-99360": {"city": "Walla Walla", "rent": 1450, "zip": "99360"}, "walla-walla-99361": {"city": "Walla Walla", "rent": 1440, "zip": "99361"}, "walla-walla-99362": {"city": "Walla Walla", "rent": 1610, "zip": "99362"}, "walla-walla-99363": {"city": "Walla Walla", "rent": 1490, "zip": "99363"}, "wenatchee-east-wenatchee-98801": {"city": "Wenatchee-East Wenatchee", "rent": 1510, "zip": "98801"}, "wenatchee-east-wenatchee-98802": {"city": "Wenatchee-East Wenatchee", "rent": 1580, "zip": "98802"}, "wenatchee-east-wenatchee-98807": {"city": "Wenatchee-East Wenatchee", "rent": 1510, "zip": "98807"}, "wenatchee-east-wenatchee-98811": {"city": "Wenatchee-East Wenatchee", "rent": 1580, "zip": "98811"}, "wenatchee-east-wenatchee-98812": {"city": "Wenatchee-East Wenatchee", "rent": 1340, "zip": "98812"}, "wenatchee-east-wenatchee-98813": {"city": "Wenatchee-East Wenatchee", "rent": 1340, "zip": "98813"}, "wenatchee-east-wenatchee-98815": {"city": "Wenatchee-East Wenatchee", "rent": 1340, "zip": "98815"}, "wenatchee-east-wenatchee-98816": {"city": "Wenatchee-East Wenatchee", "rent": 1720, "zip": "98816"}, "wenatchee-east-wenatchee-98817": {"city": "Wenatchee-East Wenatchee", "rent": 1510, "zip": "98817"}, "wenatchee-east-wenatchee-98821": {"city": "Wenatchee-East Wenatchee", "rent": 1340, "zip": "98821"}, "wenatchee-east-wenatchee-98822": {"city": "Wenatchee-East Wenatchee", "rent": 1580, "zip": "98822"}, "wenatchee-east-wenatchee-98823": {"city": "Wenatchee-East Wenatchee", "rent": 1340, "zip": "98823"}, "wenatchee-east-wenatchee-98826": {"city": "Wenatchee-East Wenatchee", "rent": 2160, "zip": "98826"}, "wenatchee-east-wenatchee-98828": {"city": "Wenatchee-East Wenatchee", "rent": 1750, "zip": "98828"}, "wenatchee-east-wenatchee-98830": {"city": "Wenatchee-East Wenatchee", "rent": 1340, "zip": "98830"}, "wenatchee-east-wenatchee-98831": {"city": "Wenatchee-East Wenatchee", "rent": 1750, "zip": "98831"}, "wenatchee-east-wenatchee-98836": {"city": "Wenatchee-East Wenatchee", "rent": 1340, "zip": "98836"}, "wenatchee-east-wenatchee-98843": {"city": "Wenatchee-East Wenatchee", "rent": 1340, "zip": "98843"}, "wenatchee-east-wenatchee-98845": {"city": "Wenatchee-East Wenatchee", "rent": 1350, "zip": "98845"}, "wenatchee-east-wenatchee-98846": {"city": "Wenatchee-East Wenatchee", "rent": 1500, "zip": "98846"}, "wenatchee-east-wenatchee-98847": {"city": "Wenatchee-East Wenatchee", "rent": 1390, "zip": "98847"}, "wenatchee-east-wenatchee-98848": {"city": "Wenatchee-East Wenatchee", "rent": 1340, "zip": "98848"}, "wenatchee-east-wenatchee-98850": {"city": "Wenatchee-East Wenatchee", "rent": 1410, "zip": "98850"}, "wenatchee-east-wenatchee-98852": {"city": "Wenatchee-East Wenatchee", "rent": 1340, "zip": "98852"}, "wenatchee-east-wenatchee-98858": {"city": "Wenatchee-East Wenatchee", "rent": 1730, "zip": "98858"}, "wenatchee-east-wenatchee-99115": {"city": "Wenatchee-East Wenatchee", "rent": 1340, "zip": "99115"}, "wenatchee-east-wenatchee-99116": {"city": "Wenatchee-East Wenatchee", "rent": 1340, "zip": "99116"}, "wenatchee-east-wenatchee-99133": {"city": "Wenatchee-East Wenatchee", "rent": 1340, "zip": "99133"}, "yakima-98901": {"city": "Yakima", "rent": 1260, "zip": "98901"}, "yakima-98902": {"city": "Yakima", "rent": 1390, "zip": "98902"}, "yakima-98903": {"city": "Yakima", "rent": 1500, "zip": "98903"}, "yakima-98907": {"city": "Yakima", "rent": 1370, "zip": "98907"}, "yakima-98908": {"city": "Yakima", "rent": 1590, "zip": "98908"}, "yakima-98909": {"city": "Yakima", "rent": 1370, "zip": "98909"}, "yakima-98921": {"city": "Yakima", "rent": 1510, "zip": "98921"}, "yakima-98923": {"city": "Yakima", "rent": 1210, "zip": "98923"}, "yakima-98930": {"city": "Yakima", "rent": 1360, "zip": "98930"}, "yakima-98932": {"city": "Yakima", "rent": 1380, "zip": "98932"}, "yakima-98933": {"city": "Yakima", "rent": 1380, "zip": "98933"}, "yakima-98935": {"city": "Yakima", "rent": 1510, "zip": "98935"}, "yakima-98936": {"city": "Yakima", "rent": 1720, "zip": "98936"}, "yakima-98937": {"city": "Yakima", "rent": 1860, "zip": "98937"}, "yakima-98938": {"city": "Yakima", "rent": 1440, "zip": "98938"}, "yakima-98939": {"city": "Yakima", "rent": 1210, "zip": "98939"}, "yakima-98942": {"city": "Yakima", "rent": 1640, "zip": "98942"}, "yakima-98944": {"city": "Yakima", "rent": 1430, "zip": "98944"}, "yakima-98947": {"city": "Yakima", "rent": 1310, "zip": "98947"}, "yakima-98948": {"city": "Yakima", "rent": 1300, "zip": "98948"}, "yakima-98951": {"city": "Yakima", "rent": 1210, "zip": "98951"}, "yakima-98952": {"city": "Yakima", "rent": 1400, "zip": "98952"}, "yakima-98953": {"city": "Yakima", "rent": 1510, "zip": "98953"}, "yakima-99322": {"city": "Yakima", "rent": 1210, "zip": "99322"}, "yakima-99350": {"city": "Yakima", "rent": 1360, "zip": "99350"}, "adams-county-98832": {"city": "Adams County", "rent": 1160, "zip": "98832"}, "adams-county-98857": {"city": "Adams County", "rent": 1140, "zip": "98857"}, "adams-county-99017": {"city": "Adams County", "rent": 1120, "zip": "99017"}, "adams-county-99032": {"city": "Adams County", "rent": 1300, "zip": "99032"}, "adams-county-99105": {"city": "Adams County", "rent": 1140, "zip": "99105"}, "adams-county-99125": {"city": "Adams County", "rent": 1210, "zip": "99125"}, "adams-county-99159": {"city": "Adams County", "rent": 1110, "zip": "99159"}, "adams-county-99169": {"city": "Adams County", "rent": 1010, "zip": "99169"}, "adams-county-99326": {"city": "Adams County", "rent": 1430, "zip": "99326"}, "adams-county-99333": {"city": "Adams County", "rent": 1160, "zip": "99333"}, "adams-county-99341": {"city": "Adams County", "rent": 1010, "zip": "99341"}, "adams-county-99344": {"city": "Adams County", "rent": 1360, "zip": "99344"}, "adams-county-99371": {"city": "Adams County", "rent": 1360, "zip": "99371"}, "clallam-county-98305": {"city": "Clallam County", "rent": 1150, "zip": "98305"}, "clallam-county-98324": {"city": "Clallam County", "rent": 1270, "zip": "98324"}, "clallam-county-98326": {"city": "Clallam County", "rent": 1130, "zip": "98326"}, "clallam-county-98331": {"city": "Clallam County", "rent": 1130, "zip": "98331"}, "clallam-county-98350": {"city": "Clallam County", "rent": 1130, "zip": "98350"}, "clallam-county-98357": {"city": "Clallam County", "rent": 1130, "zip": "98357"}, "clallam-county-98362": {"city": "Clallam County", "rent": 1200, "zip": "98362"}, "clallam-county-98363": {"city": "Clallam County", "rent": 1360, "zip": "98363"}, "clallam-county-98381": {"city": "Clallam County", "rent": 1130, "zip": "98381"}, "clallam-county-98382": {"city": "Clallam County", "rent": 1360, "zip": "98382"}, "columbia-county-99143": {"city": "Columbia County", "rent": 1390, "zip": "99143"}, "columbia-county-99328": {"city": "Columbia County", "rent": 1340, "zip": "99328"}, "columbia-county-99347": {"city": "Columbia County", "rent": 1090, "zip": "99347"}, "columbia-county-99348": {"city": "Columbia County", "rent": 1340, "zip": "99348"}, "columbia-county-99359": {"city": "Columbia County", "rent": 1210, "zip": "99359"}, "columbia-county-99361": {"city": "Columbia County", "rent": 1440, "zip": "99361"}, "ferry-county-99118": {"city": "Ferry County", "rent": 970, "zip": "99118"}, "ferry-county-99121": {"city": "Ferry County", "rent": 970, "zip": "99121"}, "ferry-county-99138": {"city": "Ferry County", "rent": 1250, "zip": "99138"}, "ferry-county-99140": {"city": "Ferry County", "rent": 1140, "zip": "99140"}, "ferry-county-99141": {"city": "Ferry County", "rent": 1130, "zip": "99141"}, "ferry-county-99146": {"city": "Ferry County", "rent": 970, "zip": "99146"}, "ferry-county-99150": {"city": "Ferry County", "rent": 970, "zip": "99150"}, "ferry-county-99160": {"city": "Ferry County", "rent": 1110, "zip": "99160"}, "ferry-county-99166": {"city": "Ferry County", "rent": 970, "zip": "99166"}, "garfield-county-99328": {"city": "Garfield County", "rent": 1340, "zip": "99328"}, "garfield-county-99347": {"city": "Garfield County", "rent": 1090, "zip": "99347"}, "garfield-county-99403": {"city": "Garfield County", "rent": 1270, "zip": "99403"}, "grant-county-98823": {"city": "Grant County", "rent": 1340, "zip": "98823"}, "grant-county-98824": {"city": "Grant County", "rent": 1250, "zip": "98824"}, "grant-county-98832": {"city": "Grant County", "rent": 1160, "zip": "98832"}, "grant-county-98837": {"city": "Grant County", "rent": 1260, "zip": "98837"}, "grant-county-98848": {"city": "Grant County", "rent": 1340, "zip": "98848"}, "grant-county-98851": {"city": "Grant County", "rent": 1060, "zip": "98851"}, "grant-county-98853": {"city": "Grant County", "rent": 1060, "zip": "98853"}, "grant-county-98857": {"city": "Grant County", "rent": 1140, "zip": "98857"}, "grant-county-98858": {"city": "Grant County", "rent": 1730, "zip": "98858"}, "grant-county-98860": {"city": "Grant County", "rent": 1060, "zip": "98860"}, "grant-county-99103": {"city": "Grant County", "rent": 1420, "zip": "99103"}, "grant-county-99115": {"city": "Grant County", "rent": 1340, "zip": "99115"}, "grant-county-99123": {"city": "Grant County", "rent": 1080, "zip": "99123"}, "grant-county-99133": {"city": "Grant County", "rent": 1340, "zip": "99133"}, "grant-county-99135": {"city": "Grant County", "rent": 1130, "zip": "99135"}, "grant-county-99321": {"city": "Grant County", "rent": 1160, "zip": "99321"}, "grant-county-99344": {"city": "Grant County", "rent": 1360, "zip": "99344"}, "grant-county-99349": {"city": "Grant County", "rent": 1310, "zip": "99349"}, "grant-county-99357": {"city": "Grant County", "rent": 1080, "zip": "99357"}, "grays-harbor-county-98520": {"city": "Grays Harbor County", "rent": 1210, "zip": "98520"}, "grays-harbor-county-98526": {"city": "Grays Harbor County", "rent": 1170, "zip": "98526"}, "grays-harbor-county-98535": {"city": "Grays Harbor County", "rent": 1270, "zip": "98535"}, "grays-harbor-county-98536": {"city": "Grays Harbor County", "rent": 1220, "zip": "98536"}, "grays-harbor-county-98537": {"city": "Grays Harbor County", "rent": 1400, "zip": "98537"}, "grays-harbor-county-98541": {"city": "Grays Harbor County", "rent": 1140, "zip": "98541"}, "grays-harbor-county-98547": {"city": "Grays Harbor County", "rent": 1050, "zip": "98547"}, "grays-harbor-county-98550": {"city": "Grays Harbor County", "rent": 1200, "zip": "98550"}, "grays-harbor-county-98552": {"city": "Grays Harbor County", "rent": 1220, "zip": "98552"}, "grays-harbor-county-98557": {"city": "Grays Harbor County", "rent": 1140, "zip": "98557"}, "grays-harbor-county-98559": {"city": "Grays Harbor County", "rent": 1220, "zip": "98559"}, "grays-harbor-county-98562": {"city": "Grays Harbor County", "rent": 1220, "zip": "98562"}, "grays-harbor-county-98563": {"city": "Grays Harbor County", "rent": 1450, "zip": "98563"}, "grays-harbor-county-98566": {"city": "Grays Harbor County", "rent": 1170, "zip": "98566"}, "grays-harbor-county-98568": {"city": "Grays Harbor County", "rent": 1660, "zip": "98568"}, "grays-harbor-county-98569": {"city": "Grays Harbor County", "rent": 1360, "zip": "98569"}, "grays-harbor-county-98571": {"city": "Grays Harbor County", "rent": 1220, "zip": "98571"}, "grays-harbor-county-98575": {"city": "Grays Harbor County", "rent": 1350, "zip": "98575"}, "grays-harbor-county-98579": {"city": "Grays Harbor County", "rent": 1660, "zip": "98579"}, "grays-harbor-county-98583": {"city": "Grays Harbor County", "rent": 1120, "zip": "98583"}, "grays-harbor-county-98587": {"city": "Grays Harbor County", "rent": 1220, "zip": "98587"}, "grays-harbor-county-98595": {"city": "Grays Harbor County", "rent": 1050, "zip": "98595"}, "island-county-98236": {"city": "Island County", "rent": 1590, "zip": "98236"}, "island-county-98239": {"city": "Island County", "rent": 1450, "zip": "98239"}, "island-county-98249": {"city": "Island County", "rent": 1620, "zip": "98249"}, "island-county-98253": {"city": "Island County", "rent": 1530, "zip": "98253"}, "island-county-98260": {"city": "Island County", "rent": 1750, "zip": "98260"}, "island-county-98277": {"city": "Island County", "rent": 1620, "zip": "98277"}, "island-county-98278": {"city": "Island County", "rent": 1620, "zip": "98278"}, "island-county-98282": {"city": "Island County", "rent": 2160, "zip": "98282"}, "jefferson-county-98320": {"city": "Jefferson County", "rent": 1110, "zip": "98320"}, "jefferson-county-98325": {"city": "Jefferson County", "rent": 1480, "zip": "98325"}, "jefferson-county-98331": {"city": "Jefferson County", "rent": 1130, "zip": "98331"}, "jefferson-county-98339": {"city": "Jefferson County", "rent": 1250, "zip": "98339"}, "jefferson-county-98358": {"city": "Jefferson County", "rent": 1800, "zip": "98358"}, "jefferson-county-98365": {"city": "Jefferson County", "rent": 2020, "zip": "98365"}, "jefferson-county-98368": {"city": "Jefferson County", "rent": 1400, "zip": "98368"}, "jefferson-county-98376": {"city": "Jefferson County", "rent": 1190, "zip": "98376"}, "jefferson-county-98382": {"city": "Jefferson County", "rent": 1360, "zip": "98382"}, "kittitas-county-98068": {"city": "Kittitas County", "rent": 2160, "zip": "98068"}, "kittitas-county-98812": {"city": "Kittitas County", "rent": 1340, "zip": "98812"}, "kittitas-county-98828": {"city": "Kittitas County", "rent": 1750, "zip": "98828"}, "kittitas-county-98901": {"city": "Kittitas County", "rent": 1260, "zip": "98901"}, "kittitas-county-98922": {"city": "Kittitas County", "rent": 1310, "zip": "98922"}, "kittitas-county-98925": {"city": "Kittitas County", "rent": 2180, "zip": "98925"}, "kittitas-county-98926": {"city": "Kittitas County", "rent": 1450, "zip": "98926"}, "kittitas-county-98934": {"city": "Kittitas County", "rent": 1390, "zip": "98934"}, "kittitas-county-98940": {"city": "Kittitas County", "rent": 1480, "zip": "98940"}, "kittitas-county-98941": {"city": "Kittitas County", "rent": 2180, "zip": "98941"}, "kittitas-county-98943": {"city": "Kittitas County", "rent": 1380, "zip": "98943"}, "kittitas-county-98946": {"city": "Kittitas County", "rent": 1660, "zip": "98946"}, "kittitas-county-98950": {"city": "Kittitas County", "rent": 1400, "zip": "98950"}, "klickitat-county-98602": {"city": "Klickitat County", "rent": 1280, "zip": "98602"}, "klickitat-county-98605": {"city": "Klickitat County", "rent": 1800, "zip": "98605"}, "klickitat-county-98613": {"city": "Klickitat County", "rent": 1490, "zip": "98613"}, "klickitat-county-98617": {"city": "Klickitat County", "rent": 1410, "zip": "98617"}, "klickitat-county-98619": {"city": "Klickitat County", "rent": 1180, "zip": "98619"}, "klickitat-county-98620": {"city": "Klickitat County", "rent": 1180, "zip": "98620"}, "klickitat-county-98623": {"city": "Klickitat County", "rent": 1510, "zip": "98623"}, "klickitat-county-98628": {"city": "Klickitat County", "rent": 1100, "zip": "98628"}, "klickitat-county-98635": {"city": "Klickitat County", "rent": 1240, "zip": "98635"}, "klickitat-county-98650": {"city": "Klickitat County", "rent": 1260, "zip": "98650"}, "klickitat-county-98651": {"city": "Klickitat County", "rent": 1800, "zip": "98651"}, "klickitat-county-98670": {"city": "Klickitat County", "rent": 1100, "zip": "98670"}, "klickitat-county-98672": {"city": "Klickitat County", "rent": 1800, "zip": "98672"}, "klickitat-county-98673": {"city": "Klickitat County", "rent": 1220, "zip": "98673"}, "klickitat-county-98935": {"city": "Klickitat County", "rent": 1510, "zip": "98935"}, "klickitat-county-99322": {"city": "Klickitat County", "rent": 1210, "zip": "99322"}, "klickitat-county-99350": {"city": "Klickitat County", "rent": 1360, "zip": "99350"}, "klickitat-county-99356": {"city": "Klickitat County", "rent": 1100, "zip": "99356"}, "lewis-county-98304": {"city": "Lewis County", "rent": 1860, "zip": "98304"}, "lewis-county-98330": {"city": "Lewis County", "rent": 1970, "zip": "98330"}, "lewis-county-98336": {"city": "Lewis County", "rent": 1280, "zip": "98336"}, "lewis-county-98355": {"city": "Lewis County", "rent": 1280, "zip": "98355"}, "lewis-county-98356": {"city": "Lewis County", "rent": 1280, "zip": "98356"}, "lewis-county-98361": {"city": "Lewis County", "rent": 1280, "zip": "98361"}, "lewis-county-98377": {"city": "Lewis County", "rent": 1280, "zip": "98377"}, "lewis-county-98531": {"city": "Lewis County", "rent": 1660, "zip": "98531"}, "lewis-county-98532": {"city": "Lewis County", "rent": 1270, "zip": "98532"}, "lewis-county-98533": {"city": "Lewis County", "rent": 1300, "zip": "98533"}, "lewis-county-98538": {"city": "Lewis County", "rent": 1470, "zip": "98538"}, "lewis-county-98539": {"city": "Lewis County", "rent": 1270, "zip": "98539"}, "lewis-county-98542": {"city": "Lewis County", "rent": 1290, "zip": "98542"}, "lewis-county-98544": {"city": "Lewis County", "rent": 1310, "zip": "98544"}, "lewis-county-98564": {"city": "Lewis County", "rent": 1140, "zip": "98564"}, "lewis-county-98565": {"city": "Lewis County", "rent": 1270, "zip": "98565"}, "lewis-county-98568": {"city": "Lewis County", "rent": 1660, "zip": "98568"}, "lewis-county-98570": {"city": "Lewis County", "rent": 1310, "zip": "98570"}, "lewis-county-98572": {"city": "Lewis County", "rent": 1380, "zip": "98572"}, "lewis-county-98579": {"city": "Lewis County", "rent": 1660, "zip": "98579"}, "lewis-county-98582": {"city": "Lewis County", "rent": 1210, "zip": "98582"}, "lewis-county-98585": {"city": "Lewis County", "rent": 1280, "zip": "98585"}, "lewis-county-98591": {"city": "Lewis County", "rent": 1230, "zip": "98591"}, "lewis-county-98593": {"city": "Lewis County", "rent": 1250, "zip": "98593"}, "lewis-county-98596": {"city": "Lewis County", "rent": 1380, "zip": "98596"}, "lincoln-county-98832": {"city": "Lincoln County", "rent": 1160, "zip": "98832"}, "lincoln-county-99004": {"city": "Lincoln County", "rent": 1430, "zip": "99004"}, "lincoln-county-99008": {"city": "Lincoln County", "rent": 1300, "zip": "99008"}, "lincoln-county-99013": {"city": "Lincoln County", "rent": 1300, "zip": "99013"}, "lincoln-county-99022": {"city": "Lincoln County", "rent": 1300, "zip": "99022"}, "lincoln-county-99029": {"city": "Lincoln County", "rent": 1300, "zip": "99029"}, "lincoln-county-99032": {"city": "Lincoln County", "rent": 1300, "zip": "99032"}, "lincoln-county-99103": {"city": "Lincoln County", "rent": 1420, "zip": "99103"}, "lincoln-county-99117": {"city": "Lincoln County", "rent": 1010, "zip": "99117"}, "lincoln-county-99122": {"city": "Lincoln County", "rent": 1010, "zip": "99122"}, "lincoln-county-99133": {"city": "Lincoln County", "rent": 1340, "zip": "99133"}, "lincoln-county-99134": {"city": "Lincoln County", "rent": 1150, "zip": "99134"}, "lincoln-county-99144": {"city": "Lincoln County", "rent": 1100, "zip": "99144"}, "lincoln-county-99147": {"city": "Lincoln County", "rent": 1210, "zip": "99147"}, "lincoln-county-99154": {"city": "Lincoln County", "rent": 1130, "zip": "99154"}, "lincoln-county-99159": {"city": "Lincoln County", "rent": 1110, "zip": "99159"}, "lincoln-county-99169": {"city": "Lincoln County", "rent": 1010, "zip": "99169"}, "lincoln-county-99185": {"city": "Lincoln County", "rent": 990, "zip": "99185"}, "mason-county-98312": {"city": "Mason County", "rent": 1910, "zip": "98312"}, "mason-county-98380": {"city": "Mason County", "rent": 2820, "zip": "98380"}, "mason-county-98502": {"city": "Mason County", "rent": 1910, "zip": "98502"}, "mason-county-98524": {"city": "Mason County", "rent": 1320, "zip": "98524"}, "mason-county-98528": {"city": "Mason County", "rent": 1860, "zip": "98528"}, "mason-county-98541": {"city": "Mason County", "rent": 1140, "zip": "98541"}, "mason-county-98546": {"city": "Mason County", "rent": 1340, "zip": "98546"}, "mason-county-98548": {"city": "Mason County", "rent": 1350, "zip": "98548"}, "mason-county-98555": {"city": "Mason County", "rent": 1350, "zip": "98555"}, "mason-county-98557": {"city": "Mason County", "rent": 1140, "zip": "98557"}, "mason-county-98560": {"city": "Mason County", "rent": 1260, "zip": "98560"}, "mason-county-98563": {"city": "Mason County", "rent": 1450, "zip": "98563"}, "mason-county-98584": {"city": "Mason County", "rent": 1380, "zip": "98584"}, "mason-county-98588": {"city": "Mason County", "rent": 1490, "zip": "98588"}, "mason-county-98592": {"city": "Mason County", "rent": 1340, "zip": "98592"}, "okanogan-county-98812": {"city": "Okanogan County", "rent": 1340, "zip": "98812"}, "okanogan-county-98813": {"city": "Okanogan County", "rent": 1340, "zip": "98813"}, "okanogan-county-98814": {"city": "Okanogan County", "rent": 1260, "zip": "98814"}, "okanogan-county-98816": {"city": "Okanogan County", "rent": 1720, "zip": "98816"}, "okanogan-county-98819": {"city": "Okanogan County", "rent": 970, "zip": "98819"}, "okanogan-county-98827": {"city": "Okanogan County", "rent": 1560, "zip": "98827"}, "okanogan-county-98829": {"city": "Okanogan County", "rent": 1060, "zip": "98829"}, "okanogan-county-98833": {"city": "Okanogan County", "rent": 1140, "zip": "98833"}, "okanogan-county-98834": {"city": "Okanogan County", "rent": 1490, "zip": "98834"}, "okanogan-county-98840": {"city": "Okanogan County", "rent": 1060, "zip": "98840"}, "okanogan-county-98841": {"city": "Okanogan County", "rent": 1060, "zip": "98841"}, "okanogan-county-98844": {"city": "Okanogan County", "rent": 970, "zip": "98844"}, "okanogan-county-98846": {"city": "Okanogan County", "rent": 1500, "zip": "98846"}, "okanogan-county-98849": {"city": "Okanogan County", "rent": 1220, "zip": "98849"}, "okanogan-county-98855": {"city": "Okanogan County", "rent": 990, "zip": "98855"}, "okanogan-county-98856": {"city": "Okanogan County", "rent": 1060, "zip": "98856"}, "okanogan-county-98859": {"city": "Okanogan County", "rent": 970, "zip": "98859"}, "okanogan-county-98862": {"city": "Okanogan County", "rent": 1280, "zip": "98862"}, "okanogan-county-99116": {"city": "Okanogan County", "rent": 1340, "zip": "99116"}, "okanogan-county-99124": {"city": "Okanogan County", "rent": 990, "zip": "99124"}, "okanogan-county-99155": {"city": "Okanogan County", "rent": 1180, "zip": "99155"}, "okanogan-county-99166": {"city": "Okanogan County", "rent": 970, "zip": "99166"}, "pacific-county-98527": {"city": "Pacific County", "rent": 1160, "zip": "98527"}, "pacific-county-98537": {"city": "Pacific County", "rent": 1400, "zip": "98537"}, "pacific-county-98547": {"city": "Pacific County", "rent": 1050, "zip": "98547"}, "pacific-county-98561": {"city": "Pacific County", "rent": 1130, "zip": "98561"}, "pacific-county-98572": {"city": "Pacific County", "rent": 1380, "zip": "98572"}, "pacific-county-98577": {"city": "Pacific County", "rent": 1240, "zip": "98577"}, "pacific-county-98586": {"city": "Pacific County", "rent": 1160, "zip": "98586"}, "pacific-county-98590": {"city": "Pacific County", "rent": 1170, "zip": "98590"}, "pacific-county-98614": {"city": "Pacific County", "rent": 1240, "zip": "98614"}, "pacific-county-98624": {"city": "Pacific County", "rent": 1240, "zip": "98624"}, "pacific-county-98631": {"city": "Pacific County", "rent": 1010, "zip": "98631"}, "pacific-county-98638": {"city": "Pacific County", "rent": 1230, "zip": "98638"}, "pacific-county-98640": {"city": "Pacific County", "rent": 1120, "zip": "98640"}, "pacific-county-98641": {"city": "Pacific County", "rent": 1120, "zip": "98641"}, "pacific-county-98644": {"city": "Pacific County", "rent": 1000, "zip": "98644"}, "pend-oreille-county-83856": {"city": "Pend Oreille County", "rent": 980, "zip": "83856"}, "pend-oreille-county-99006": {"city": "Pend Oreille County", "rent": 1300, "zip": "99006"}, "pend-oreille-county-99009": {"city": "Pend Oreille County", "rent": 1440, "zip": "99009"}, "pend-oreille-county-99119": {"city": "Pend Oreille County", "rent": 1160, "zip": "99119"}, "pend-oreille-county-99139": {"city": "Pend Oreille County", "rent": 1190, "zip": "99139"}, "pend-oreille-county-99152": {"city": "Pend Oreille County", "rent": 1000, "zip": "99152"}, "pend-oreille-county-99153": {"city": "Pend Oreille County", "rent": 970, "zip": "99153"}, "pend-oreille-county-99156": {"city": "Pend Oreille County", "rent": 1300, "zip": "99156"}, "pend-oreille-county-99180": {"city": "Pend Oreille County", "rent": 1090, "zip": "99180"}, "san-juan-county-98221": {"city": "San Juan County", "rent": 1950, "zip": "98221"}, "san-juan-county-98222": {"city": "San Juan County", "rent": 1920, "zip": "98222"}, "san-juan-county-98243": {"city": "San Juan County", "rent": 1670, "zip": "98243"}, "san-juan-county-98245": {"city": "San Juan County", "rent": 1610, "zip": "98245"}, "san-juan-county-98250": {"city": "San Juan County", "rent": 1810, "zip": "98250"}, "san-juan-county-98261": {"city": "San Juan County", "rent": 1560, "zip": "98261"}, "san-juan-county-98279": {"city": "San Juan County", "rent": 2340, "zip": "98279"}, "san-juan-county-98280": {"city": "San Juan County", "rent": 2120, "zip": "98280"}, "san-juan-county-98286": {"city": "San Juan County", "rent": 1790, "zip": "98286"}, "san-juan-county-98297": {"city": "San Juan County", "rent": 1760, "zip": "98297"}, "wahkiakum-county-98612": {"city": "Wahkiakum County", "rent": 1280, "zip": "98612"}, "wahkiakum-county-98621": {"city": "Wahkiakum County", "rent": 1230, "zip": "98621"}, "wahkiakum-county-98632": {"city": "Wahkiakum County", "rent": 1450, "zip": "98632"}, "wahkiakum-county-98638": {"city": "Wahkiakum County", "rent": 1230, "zip": "98638"}, "wahkiakum-county-98643": {"city": "Wahkiakum County", "rent": 1140, "zip": "98643"}, "wahkiakum-county-98647": {"city": "Wahkiakum County", "rent": 1140, "zip": "98647"}, "whitman-county-99004": {"city": "Whitman County", "rent": 1430, "zip": "99004"}, "whitman-county-99017": {"city": "Whitman County", "rent": 1120, "zip": "99017"}, "whitman-county-99033": {"city": "Whitman County", "rent": 1300, "zip": "99033"}, "whitman-county-99102": {"city": "Whitman County", "rent": 1220, "zip": "99102"}, "whitman-county-99104": {"city": "Whitman County", "rent": 1170, "zip": "99104"}, "whitman-county-99111": {"city": "Whitman County", "rent": 1060, "zip": "99111"}, "whitman-county-99113": {"city": "Whitman County", "rent": 1200, "zip": "99113"}, "whitman-county-99125": {"city": "Whitman County", "rent": 1210, "zip": "99125"}, "whitman-county-99128": {"city": "Whitman County", "rent": 1090, "zip": "99128"}, "whitman-county-99130": {"city": "Whitman County", "rent": 1160, "zip": "99130"}, "whitman-county-99136": {"city": "Whitman County", "rent": 1390, "zip": "99136"}, "whitman-county-99143": {"city": "Whitman County", "rent": 1390, "zip": "99143"}, "whitman-county-99149": {"city": "Whitman County", "rent": 1060, "zip": "99149"}, "whitman-county-99158": {"city": "Whitman County", "rent": 1160, "zip": "99158"}, "whitman-county-99161": {"city": "Whitman County", "rent": 1060, "zip": "99161"}, "whitman-county-99163": {"city": "Whitman County", "rent": 1200, "zip": "99163"}, "whitman-county-99170": {"city": "Whitman County", "rent": 1300, "zip": "99170"}, "whitman-county-99171": {"city": "Whitman County", "rent": 1120, "zip": "99171"}, "whitman-county-99174": {"city": "Whitman County", "rent": 1060, "zip": "99174"}, "whitman-county-99176": {"city": "Whitman County", "rent": 1080, "zip": "99176"}, "whitman-county-99179": {"city": "Whitman County", "rent": 1750, "zip": "99179"}, "whitman-county-99333": {"city": "Whitman County", "rent": 1160, "zip": "99333"}, "whitman-county-99403": {"city": "Whitman County", "rent": 1270, "zip": "99403"}}