{"fayette-county-25002": {"city": "Fayette County", "rent": 920, "zip": "25002"}, "fayette-county-25031": {"city": "Fayette County", "rent": 950, "zip": "25031"}, "fayette-county-25036": {"city": "Fayette County", "rent": 960, "zip": "25036"}, "fayette-county-25040": {"city": "Fayette County", "rent": 920, "zip": "25040"}, "fayette-county-25057": {"city": "Fayette County", "rent": 920, "zip": "25057"}, "fayette-county-25059": {"city": "Fayette County", "rent": 950, "zip": "25059"}, "fayette-county-25083": {"city": "Fayette County", "rent": 1010, "zip": "25083"}, "fayette-county-25085": {"city": "Fayette County", "rent": 920, "zip": "25085"}, "fayette-county-25090": {"city": "Fayette County", "rent": 920, "zip": "25090"}, "fayette-county-25115": {"city": "Fayette County", "rent": 920, "zip": "25115"}, "fayette-county-25118": {"city": "Fayette County", "rent": 920, "zip": "25118"}, "fayette-county-25119": {"city": "Fayette County", "rent": 920, "zip": "25119"}, "fayette-county-25136": {"city": "Fayette County", "rent": 950, "zip": "25136"}, "fayette-county-25139": {"city": "Fayette County", "rent": 920, "zip": "25139"}, "fayette-county-25152": {"city": "Fayette County", "rent": 920, "zip": "25152"}, "fayette-county-25161": {"city": "Fayette County", "rent": 920, "zip": "25161"}, "fayette-county-25173": {"city": "Fayette County", "rent": 920, "zip": "25173"}, "fayette-county-25185": {"city": "Fayette County", "rent": 920, "zip": "25185"}, "fayette-county-25186": {"city": "Fayette County", "rent": 870, "zip": "25186"}, "fayette-county-25801": {"city": "Fayette County", "rent": 950, "zip": "25801"}, "fayette-county-25812": {"city": "Fayette County", "rent": 870, "zip": "25812"}, "fayette-county-25831": {"city": "Fayette County", "rent": 920, "zip": "25831"}, "fayette-county-25837": {"city": "Fayette County", "rent": 920, "zip": "25837"}, "fayette-county-25840": {"city": "Fayette County", "rent": 1080, "zip": "25840"}, "fayette-county-25846": {"city": "Fayette County", "rent": 1010, "zip": "25846"}, "fayette-county-25854": {"city": "Fayette County", "rent": 1170, "zip": "25854"}, "fayette-county-25855": {"city": "Fayette County", "rent": 920, "zip": "25855"}, "fayette-county-25862": {"city": "Fayette County", "rent": 920, "zip": "25862"}, "fayette-county-25864": {"city": "Fayette County", "rent": 920, "zip": "25864"}, "fayette-county-25866": {"city": "Fayette County", "rent": 990, "zip": "25866"}, "fayette-county-25868": {"city": "Fayette County", "rent": 920, "zip": "25868"}, "fayette-county-25879": {"city": "Fayette County", "rent": 1000, "zip": "25879"}, "fayette-county-25880": {"city": "Fayette County", "rent": 1110, "zip": "25880"}, "fayette-county-25901": {"city": "Fayette County", "rent": 940, "zip": "25901"}, "fayette-county-25904": {"city": "Fayette County", "rent": 920, "zip": "25904"}, "fayette-county-25907": {"city": "Fayette County", "rent": 1130, "zip": "25907"}, "fayette-county-25917": {"city": "Fayette County", "rent": 920, "zip": "25917"}, "fayette-county-25936": {"city": "Fayette County", "rent": 1000, "zip": "25936"}, "fayette-county-25938": {"city": "Fayette County", "rent": 920, "zip": "25938"}, "fayette-county-25942": {"city": "Fayette County", "rent": 920, "zip": "25942"}, "fayette-county-25962": {"city": "Fayette County", "rent": 870, "zip": "25962"}, "fayette-county-25976": {"city": "Fayette County", "rent": 870, "zip": "25976"}, "fayette-county-25981": {"city": "Fayette County", "rent": 870, "zip": "25981"}, "fayette-county-25986": {"city": "Fayette County", "rent": 870, "zip": "25986"}, "fayette-county-26656": {"city": "Fayette County", "rent": 900, "zip": "26656"}, "fayette-county-26680": {"city": "Fayette County", "rent": 940, "zip": "26680"}, "fayette-county-26690": {"city": "Fayette County", "rent": 890, "zip": "26690"}, "raleigh-county-25007": {"city": "Raleigh County", "rent": 940, "zip": "25007"}, "raleigh-county-25008": {"city": "Raleigh County", "rent": 940, "zip": "25008"}, "raleigh-county-25044": {"city": "Raleigh County", "rent": 940, "zip": "25044"}, "raleigh-county-25048": {"city": "Raleigh County", "rent": 940, "zip": "25048"}, "raleigh-county-25060": {"city": "Raleigh County", "rent": 940, "zip": "25060"}, "raleigh-county-25062": {"city": "Raleigh County", "rent": 940, "zip": "25062"}, "raleigh-county-25140": {"city": "Raleigh County", "rent": 940, "zip": "25140"}, "raleigh-county-25174": {"city": "Raleigh County", "rent": 940, "zip": "25174"}, "raleigh-county-25180": {"city": "Raleigh County", "rent": 940, "zip": "25180"}, "raleigh-county-25209": {"city": "Raleigh County", "rent": 870, "zip": "25209"}, "raleigh-county-25801": {"city": "Raleigh County", "rent": 950, "zip": "25801"}, "raleigh-county-25802": {"city": "Raleigh County", "rent": 940, "zip": "25802"}, "raleigh-county-25811": {"city": "Raleigh County", "rent": 870, "zip": "25811"}, "raleigh-county-25813": {"city": "Raleigh County", "rent": 1200, "zip": "25813"}, "raleigh-county-25817": {"city": "Raleigh County", "rent": 940, "zip": "25817"}, "raleigh-county-25818": {"city": "Raleigh County", "rent": 880, "zip": "25818"}, "raleigh-county-25823": {"city": "Raleigh County", "rent": 940, "zip": "25823"}, "raleigh-county-25825": {"city": "Raleigh County", "rent": 940, "zip": "25825"}, "raleigh-county-25827": {"city": "Raleigh County", "rent": 940, "zip": "25827"}, "raleigh-county-25832": {"city": "Raleigh County", "rent": 870, "zip": "25832"}, "raleigh-county-25836": {"city": "Raleigh County", "rent": 940, "zip": "25836"}, "raleigh-county-25839": {"city": "Raleigh County", "rent": 940, "zip": "25839"}, "raleigh-county-25841": {"city": "Raleigh County", "rent": 900, "zip": "25841"}, "raleigh-county-25843": {"city": "Raleigh County", "rent": 940, "zip": "25843"}, "raleigh-county-25844": {"city": "Raleigh County", "rent": 870, "zip": "25844"}, "raleigh-county-25849": {"city": "Raleigh County", "rent": 940, "zip": "25849"}, "raleigh-county-25851": {"city": "Raleigh County", "rent": 940, "zip": "25851"}, "raleigh-county-25853": {"city": "Raleigh County", "rent": 940, "zip": "25853"}, "raleigh-county-25857": {"city": "Raleigh County", "rent": 940, "zip": "25857"}, "raleigh-county-25864": {"city": "Raleigh County", "rent": 920, "zip": "25864"}, "raleigh-county-25865": {"city": "Raleigh County", "rent": 940, "zip": "25865"}, "raleigh-county-25871": {"city": "Raleigh County", "rent": 940, "zip": "25871"}, "raleigh-county-25873": {"city": "Raleigh County", "rent": 960, "zip": "25873"}, "raleigh-county-25878": {"city": "Raleigh County", "rent": 1080, "zip": "25878"}, "raleigh-county-25880": {"city": "Raleigh County", "rent": 1110, "zip": "25880"}, "raleigh-county-25902": {"city": "Raleigh County", "rent": 900, "zip": "25902"}, "raleigh-county-25906": {"city": "Raleigh County", "rent": 940, "zip": "25906"}, "raleigh-county-25908": {"city": "Raleigh County", "rent": 890, "zip": "25908"}, "raleigh-county-25909": {"city": "Raleigh County", "rent": 1080, "zip": "25909"}, "raleigh-county-25911": {"city": "Raleigh County", "rent": 1050, "zip": "25911"}, "raleigh-county-25915": {"city": "Raleigh County", "rent": 940, "zip": "25915"}, "raleigh-county-25918": {"city": "Raleigh County", "rent": 980, "zip": "25918"}, "raleigh-county-25919": {"city": "Raleigh County", "rent": 940, "zip": "25919"}, "raleigh-county-25920": {"city": "Raleigh County", "rent": 940, "zip": "25920"}, "raleigh-county-25921": {"city": "Raleigh County", "rent": 890, "zip": "25921"}, "raleigh-county-25927": {"city": "Raleigh County", "rent": 940, "zip": "25927"}, "raleigh-county-25932": {"city": "Raleigh County", "rent": 940, "zip": "25932"}, "raleigh-county-25951": {"city": "Raleigh County", "rent": 870, "zip": "25951"}, "raleigh-county-25969": {"city": "Raleigh County", "rent": 870, "zip": "25969"}, "raleigh-county-25989": {"city": "Raleigh County", "rent": 940, "zip": "25989"}, "charleston-25003": {"city": "Charleston", "rent": 950, "zip": "25003"}, "charleston-25015": {"city": "Charleston", "rent": 1060, "zip": "25015"}, "charleston-25019": {"city": "Charleston", "rent": 950, "zip": "25019"}, "charleston-25025": {"city": "Charleston", "rent": 1180, "zip": "25025"}, "charleston-25030": {"city": "Charleston", "rent": 950, "zip": "25030"}, "charleston-25035": {"city": "Charleston", "rent": 1040, "zip": "25035"}, "charleston-25036": {"city": "Charleston", "rent": 960, "zip": "25036"}, "charleston-25039": {"city": "Charleston", "rent": 1010, "zip": "25039"}, "charleston-25043": {"city": "Charleston", "rent": 950, "zip": "25043"}, "charleston-25045": {"city": "Charleston", "rent": 1000, "zip": "25045"}, "charleston-25054": {"city": "Charleston", "rent": 1040, "zip": "25054"}, "charleston-25059": {"city": "Charleston", "rent": 950, "zip": "25059"}, "charleston-25061": {"city": "Charleston", "rent": 1040, "zip": "25061"}, "charleston-25063": {"city": "Charleston", "rent": 950, "zip": "25063"}, "charleston-25064": {"city": "Charleston", "rent": 1070, "zip": "25064"}, "charleston-25067": {"city": "Charleston", "rent": 980, "zip": "25067"}, "charleston-25071": {"city": "Charleston", "rent": 950, "zip": "25071"}, "charleston-25075": {"city": "Charleston", "rent": 1040, "zip": "25075"}, "charleston-25079": {"city": "Charleston", "rent": 1040, "zip": "25079"}, "charleston-25083": {"city": "Charleston", "rent": 1010, "zip": "25083"}, "charleston-25086": {"city": "Charleston", "rent": 970, "zip": "25086"}, "charleston-25088": {"city": "Charleston", "rent": 950, "zip": "25088"}, "charleston-25102": {"city": "Charleston", "rent": 1040, "zip": "25102"}, "charleston-25103": {"city": "Charleston", "rent": 950, "zip": "25103"}, "charleston-25107": {"city": "Charleston", "rent": 1040, "zip": "25107"}, "charleston-25110": {"city": "Charleston", "rent": 990, "zip": "25110"}, "charleston-25111": {"city": "Charleston", "rent": 950, "zip": "25111"}, "charleston-25112": {"city": "Charleston", "rent": 1070, "zip": "25112"}, "charleston-25113": {"city": "Charleston", "rent": 950, "zip": "25113"}, "charleston-25124": {"city": "Charleston", "rent": 1120, "zip": "25124"}, "charleston-25125": {"city": "Charleston", "rent": 950, "zip": "25125"}, "charleston-25126": {"city": "Charleston", "rent": 950, "zip": "25126"}, "charleston-25132": {"city": "Charleston", "rent": 1010, "zip": "25132"}, "charleston-25133": {"city": "Charleston", "rent": 950, "zip": "25133"}, "charleston-25134": {"city": "Charleston", "rent": 1040, "zip": "25134"}, "charleston-25136": {"city": "Charleston", "rent": 950, "zip": "25136"}, "charleston-25141": {"city": "Charleston", "rent": 950, "zip": "25141"}, "charleston-25143": {"city": "Charleston", "rent": 1050, "zip": "25143"}, "charleston-25156": {"city": "Charleston", "rent": 950, "zip": "25156"}, "charleston-25159": {"city": "Charleston", "rent": 1170, "zip": "25159"}, "charleston-25160": {"city": "Charleston", "rent": 1040, "zip": "25160"}, "charleston-25162": {"city": "Charleston", "rent": 950, "zip": "25162"}, "charleston-25164": {"city": "Charleston", "rent": 950, "zip": "25164"}, "charleston-25177": {"city": "Charleston", "rent": 1000, "zip": "25177"}, "charleston-25201": {"city": "Charleston", "rent": 1280, "zip": "25201"}, "charleston-25202": {"city": "Charleston", "rent": 960, "zip": "25202"}, "charleston-25211": {"city": "Charleston", "rent": 950, "zip": "25211"}, "charleston-25214": {"city": "Charleston", "rent": 970, "zip": "25214"}, "charleston-25235": {"city": "Charleston", "rent": 950, "zip": "25235"}, "charleston-25248": {"city": "Charleston", "rent": 1000, "zip": "25248"}, "charleston-25285": {"city": "Charleston", "rent": 950, "zip": "25285"}, "charleston-25286": {"city": "Charleston", "rent": 970, "zip": "25286"}, "charleston-25301": {"city": "Charleston", "rent": 950, "zip": "25301"}, "charleston-25302": {"city": "Charleston", "rent": 1010, "zip": "25302"}, "charleston-25303": {"city": "Charleston", "rent": 1110, "zip": "25303"}, "charleston-25304": {"city": "Charleston", "rent": 1160, "zip": "25304"}, "charleston-25305": {"city": "Charleston", "rent": 1040, "zip": "25305"}, "charleston-25306": {"city": "Charleston", "rent": 1440, "zip": "25306"}, "charleston-25309": {"city": "Charleston", "rent": 950, "zip": "25309"}, "charleston-25311": {"city": "Charleston", "rent": 1030, "zip": "25311"}, "charleston-25312": {"city": "Charleston", "rent": 1010, "zip": "25312"}, "charleston-25313": {"city": "Charleston", "rent": 1040, "zip": "25313"}, "charleston-25314": {"city": "Charleston", "rent": 1240, "zip": "25314"}, "charleston-25315": {"city": "Charleston", "rent": 970, "zip": "25315"}, "charleston-25320": {"city": "Charleston", "rent": 1030, "zip": "25320"}, "charleston-25321": {"city": "Charleston", "rent": 1040, "zip": "25321"}, "charleston-25322": {"city": "Charleston", "rent": 1040, "zip": "25322"}, "charleston-25323": {"city": "Charleston", "rent": 1040, "zip": "25323"}, "charleston-25324": {"city": "Charleston", "rent": 1040, "zip": "25324"}, "charleston-25325": {"city": "Charleston", "rent": 1040, "zip": "25325"}, "charleston-25326": {"city": "Charleston", "rent": 1040, "zip": "25326"}, "charleston-25327": {"city": "Charleston", "rent": 1040, "zip": "25327"}, "charleston-25328": {"city": "Charleston", "rent": 1040, "zip": "25328"}, "charleston-25329": {"city": "Charleston", "rent": 1040, "zip": "25329"}, "charleston-25330": {"city": "Charleston", "rent": 1040, "zip": "25330"}, "charleston-25331": {"city": "Charleston", "rent": 1040, "zip": "25331"}, "charleston-25332": {"city": "Charleston", "rent": 1040, "zip": "25332"}, "charleston-25333": {"city": "Charleston", "rent": 1040, "zip": "25333"}, "charleston-25334": {"city": "Charleston", "rent": 1040, "zip": "25334"}, "charleston-25335": {"city": "Charleston", "rent": 1040, "zip": "25335"}, "charleston-25336": {"city": "Charleston", "rent": 1040, "zip": "25336"}, "charleston-25337": {"city": "Charleston", "rent": 1040, "zip": "25337"}, "charleston-25338": {"city": "Charleston", "rent": 1040, "zip": "25338"}, "charleston-25339": {"city": "Charleston", "rent": 1040, "zip": "25339"}, "charleston-25356": {"city": "Charleston", "rent": 1040, "zip": "25356"}, "charleston-25361": {"city": "Charleston", "rent": 1040, "zip": "25361"}, "charleston-25362": {"city": "Charleston", "rent": 1040, "zip": "25362"}, "charleston-25364": {"city": "Charleston", "rent": 1040, "zip": "25364"}, "charleston-25387": {"city": "Charleston", "rent": 1140, "zip": "25387"}, "charleston-25389": {"city": "Charleston", "rent": 1040, "zip": "25389"}, "charleston-25526": {"city": "Charleston", "rent": 1000, "zip": "25526"}, "charleston-26617": {"city": "Charleston", "rent": 950, "zip": "26617"}, "boone-county-25009": {"city": "Boone County", "rent": 870, "zip": "25009"}, "boone-county-25021": {"city": "Boone County", "rent": 870, "zip": "25021"}, "boone-county-25024": {"city": "Boone County", "rent": 870, "zip": "25024"}, "boone-county-25028": {"city": "Boone County", "rent": 870, "zip": "25028"}, "boone-county-25047": {"city": "Boone County", "rent": 870, "zip": "25047"}, "boone-county-25049": {"city": "Boone County", "rent": 870, "zip": "25049"}, "boone-county-25051": {"city": "Boone County", "rent": 870, "zip": "25051"}, "boone-county-25053": {"city": "Boone County", "rent": 960, "zip": "25053"}, "boone-county-25081": {"city": "Boone County", "rent": 870, "zip": "25081"}, "boone-county-25093": {"city": "Boone County", "rent": 870, "zip": "25093"}, "boone-county-25108": {"city": "Boone County", "rent": 870, "zip": "25108"}, "boone-county-25114": {"city": "Boone County", "rent": 870, "zip": "25114"}, "boone-county-25130": {"city": "Boone County", "rent": 930, "zip": "25130"}, "boone-county-25142": {"city": "Boone County", "rent": 870, "zip": "25142"}, "boone-county-25148": {"city": "Boone County", "rent": 870, "zip": "25148"}, "boone-county-25149": {"city": "Boone County", "rent": 870, "zip": "25149"}, "boone-county-25154": {"city": "Boone County", "rent": 870, "zip": "25154"}, "boone-county-25165": {"city": "Boone County", "rent": 870, "zip": "25165"}, "boone-county-25169": {"city": "Boone County", "rent": 870, "zip": "25169"}, "boone-county-25181": {"city": "Boone County", "rent": 870, "zip": "25181"}, "boone-county-25193": {"city": "Boone County", "rent": 870, "zip": "25193"}, "boone-county-25203": {"city": "Boone County", "rent": 950, "zip": "25203"}, "boone-county-25204": {"city": "Boone County", "rent": 870, "zip": "25204"}, "boone-county-25205": {"city": "Boone County", "rent": 940, "zip": "25205"}, "boone-county-25206": {"city": "Boone County", "rent": 870, "zip": "25206"}, "boone-county-25208": {"city": "Boone County", "rent": 870, "zip": "25208"}, "boone-county-25209": {"city": "Boone County", "rent": 870, "zip": "25209"}, "boone-county-25214": {"city": "Boone County", "rent": 970, "zip": "25214"}, "boone-county-25508": {"city": "Boone County", "rent": 870, "zip": "25508"}, "boone-county-25524": {"city": "Boone County", "rent": 970, "zip": "25524"}, "boone-county-25529": {"city": "Boone County", "rent": 870, "zip": "25529"}, "boone-county-25565": {"city": "Boone County", "rent": 870, "zip": "25565"}, "morgan-county-25411": {"city": "Morgan County", "rent": 1090, "zip": "25411"}, "morgan-county-25422": {"city": "Morgan County", "rent": 1420, "zip": "25422"}, "morgan-county-25427": {"city": "Morgan County", "rent": 1240, "zip": "25427"}, "morgan-county-25434": {"city": "Morgan County", "rent": 1420, "zip": "25434"}, "martinsburg-25401": {"city": "Martinsburg", "rent": 1100, "zip": "25401"}, "martinsburg-25402": {"city": "Martinsburg", "rent": 1230, "zip": "25402"}, "martinsburg-25403": {"city": "Martinsburg", "rent": 1350, "zip": "25403"}, "martinsburg-25404": {"city": "Martinsburg", "rent": 1220, "zip": "25404"}, "martinsburg-25405": {"city": "Martinsburg", "rent": 1520, "zip": "25405"}, "martinsburg-25411": {"city": "Martinsburg", "rent": 1090, "zip": "25411"}, "martinsburg-25413": {"city": "Martinsburg", "rent": 1350, "zip": "25413"}, "martinsburg-25419": {"city": "Martinsburg", "rent": 1180, "zip": "25419"}, "martinsburg-25420": {"city": "Martinsburg", "rent": 1360, "zip": "25420"}, "martinsburg-25421": {"city": "Martinsburg", "rent": 1240, "zip": "25421"}, "martinsburg-25427": {"city": "Martinsburg", "rent": 1240, "zip": "25427"}, "martinsburg-25428": {"city": "Martinsburg", "rent": 1380, "zip": "25428"}, "martinsburg-25430": {"city": "Martinsburg", "rent": 1450, "zip": "25430"}, "martinsburg-25443": {"city": "Martinsburg", "rent": 1240, "zip": "25443"}, "huntington-ashland-25504": {"city": "Huntington-Ashland", "rent": 1000, "zip": "25504"}, "huntington-ashland-25506": {"city": "Huntington-Ashland", "rent": 970, "zip": "25506"}, "huntington-ashland-25507": {"city": "Huntington-Ashland", "rent": 970, "zip": "25507"}, "huntington-ashland-25510": {"city": "Huntington-Ashland", "rent": 1110, "zip": "25510"}, "huntington-ashland-25511": {"city": "Huntington-Ashland", "rent": 1000, "zip": "25511"}, "huntington-ashland-25512": {"city": "Huntington-Ashland", "rent": 980, "zip": "25512"}, "huntington-ashland-25514": {"city": "Huntington-Ashland", "rent": 1040, "zip": "25514"}, "huntington-ashland-25517": {"city": "Huntington-Ashland", "rent": 970, "zip": "25517"}, "huntington-ashland-25520": {"city": "Huntington-Ashland", "rent": 1050, "zip": "25520"}, "huntington-ashland-25524": {"city": "Huntington-Ashland", "rent": 970, "zip": "25524"}, "huntington-ashland-25526": {"city": "Huntington-Ashland", "rent": 1000, "zip": "25526"}, "huntington-ashland-25530": {"city": "Huntington-Ashland", "rent": 970, "zip": "25530"}, "huntington-ashland-25534": {"city": "Huntington-Ashland", "rent": 1000, "zip": "25534"}, "huntington-ashland-25535": {"city": "Huntington-Ashland", "rent": 990, "zip": "25535"}, "huntington-ashland-25537": {"city": "Huntington-Ashland", "rent": 1090, "zip": "25537"}, "huntington-ashland-25541": {"city": "Huntington-Ashland", "rent": 1000, "zip": "25541"}, "huntington-ashland-25545": {"city": "Huntington-Ashland", "rent": 1170, "zip": "25545"}, "huntington-ashland-25555": {"city": "Huntington-Ashland", "rent": 970, "zip": "25555"}, "huntington-ashland-25557": {"city": "Huntington-Ashland", "rent": 970, "zip": "25557"}, "huntington-ashland-25559": {"city": "Huntington-Ashland", "rent": 970, "zip": "25559"}, "huntington-ashland-25562": {"city": "Huntington-Ashland", "rent": 1000, "zip": "25562"}, "huntington-ashland-25570": {"city": "Huntington-Ashland", "rent": 990, "zip": "25570"}, "huntington-ashland-25669": {"city": "Huntington-Ashland", "rent": 970, "zip": "25669"}, "huntington-ashland-25671": {"city": "Huntington-Ashland", "rent": 970, "zip": "25671"}, "huntington-ashland-25674": {"city": "Huntington-Ashland", "rent": 970, "zip": "25674"}, "huntington-ashland-25699": {"city": "Huntington-Ashland", "rent": 1000, "zip": "25699"}, "huntington-ashland-25701": {"city": "Huntington-Ashland", "rent": 980, "zip": "25701"}, "huntington-ashland-25702": {"city": "Huntington-Ashland", "rent": 980, "zip": "25702"}, "huntington-ashland-25703": {"city": "Huntington-Ashland", "rent": 970, "zip": "25703"}, "huntington-ashland-25704": {"city": "Huntington-Ashland", "rent": 1000, "zip": "25704"}, "huntington-ashland-25705": {"city": "Huntington-Ashland", "rent": 1060, "zip": "25705"}, "huntington-ashland-25706": {"city": "Huntington-Ashland", "rent": 990, "zip": "25706"}, "huntington-ashland-25707": {"city": "Huntington-Ashland", "rent": 990, "zip": "25707"}, "huntington-ashland-25708": {"city": "Huntington-Ashland", "rent": 990, "zip": "25708"}, "huntington-ashland-25709": {"city": "Huntington-Ashland", "rent": 990, "zip": "25709"}, "huntington-ashland-25710": {"city": "Huntington-Ashland", "rent": 990, "zip": "25710"}, "huntington-ashland-25711": {"city": "Huntington-Ashland", "rent": 990, "zip": "25711"}, "huntington-ashland-25712": {"city": "Huntington-Ashland", "rent": 990, "zip": "25712"}, "huntington-ashland-25713": {"city": "Huntington-Ashland", "rent": 990, "zip": "25713"}, "huntington-ashland-25714": {"city": "Huntington-Ashland", "rent": 990, "zip": "25714"}, "huntington-ashland-25715": {"city": "Huntington-Ashland", "rent": 990, "zip": "25715"}, "huntington-ashland-25716": {"city": "Huntington-Ashland", "rent": 990, "zip": "25716"}, "huntington-ashland-25717": {"city": "Huntington-Ashland", "rent": 990, "zip": "25717"}, "huntington-ashland-25718": {"city": "Huntington-Ashland", "rent": 990, "zip": "25718"}, "huntington-ashland-25719": {"city": "Huntington-Ashland", "rent": 990, "zip": "25719"}, "huntington-ashland-25720": {"city": "Huntington-Ashland", "rent": 990, "zip": "25720"}, "huntington-ashland-25721": {"city": "Huntington-Ashland", "rent": 990, "zip": "25721"}, "huntington-ashland-25722": {"city": "Huntington-Ashland", "rent": 990, "zip": "25722"}, "huntington-ashland-25723": {"city": "Huntington-Ashland", "rent": 990, "zip": "25723"}, "huntington-ashland-25724": {"city": "Huntington-Ashland", "rent": 990, "zip": "25724"}, "huntington-ashland-25725": {"city": "Huntington-Ashland", "rent": 990, "zip": "25725"}, "huntington-ashland-25726": {"city": "Huntington-Ashland", "rent": 990, "zip": "25726"}, "huntington-ashland-25727": {"city": "Huntington-Ashland", "rent": 990, "zip": "25727"}, "huntington-ashland-25728": {"city": "Huntington-Ashland", "rent": 990, "zip": "25728"}, "huntington-ashland-25729": {"city": "Huntington-Ashland", "rent": 990, "zip": "25729"}, "huntington-ashland-25755": {"city": "Huntington-Ashland", "rent": 970, "zip": "25755"}, "huntington-ashland-25772": {"city": "Huntington-Ashland", "rent": 990, "zip": "25772"}, "huntington-ashland-25773": {"city": "Huntington-Ashland", "rent": 990, "zip": "25773"}, "huntington-ashland-25774": {"city": "Huntington-Ashland", "rent": 990, "zip": "25774"}, "huntington-ashland-25775": {"city": "Huntington-Ashland", "rent": 990, "zip": "25775"}, "huntington-ashland-25776": {"city": "Huntington-Ashland", "rent": 990, "zip": "25776"}, "huntington-ashland-25777": {"city": "Huntington-Ashland", "rent": 990, "zip": "25777"}, "huntington-ashland-25778": {"city": "Huntington-Ashland", "rent": 990, "zip": "25778"}, "huntington-ashland-25779": {"city": "Huntington-Ashland", "rent": 990, "zip": "25779"}, "huntington-ashland-41101": {"city": "Huntington-Ashland", "rent": 1000, "zip": "41101"}, "huntington-ashland-41102": {"city": "Huntington-Ashland", "rent": 980, "zip": "41102"}, "huntington-ashland-41105": {"city": "Huntington-Ashland", "rent": 970, "zip": "41105"}, "huntington-ashland-41121": {"city": "Huntington-Ashland", "rent": 970, "zip": "41121"}, "huntington-ashland-41129": {"city": "Huntington-Ashland", "rent": 970, "zip": "41129"}, "huntington-ashland-41132": {"city": "Huntington-Ashland", "rent": 970, "zip": "41132"}, "huntington-ashland-41139": {"city": "Huntington-Ashland", "rent": 1020, "zip": "41139"}, "huntington-ashland-41141": {"city": "Huntington-Ashland", "rent": 1100, "zip": "41141"}, "huntington-ashland-41143": {"city": "Huntington-Ashland", "rent": 970, "zip": "41143"}, "huntington-ashland-41144": {"city": "Huntington-Ashland", "rent": 970, "zip": "41144"}, "huntington-ashland-41166": {"city": "Huntington-Ashland", "rent": 1030, "zip": "41166"}, "huntington-ashland-41168": {"city": "Huntington-Ashland", "rent": 990, "zip": "41168"}, "huntington-ashland-41169": {"city": "Huntington-Ashland", "rent": 970, "zip": "41169"}, "huntington-ashland-41174": {"city": "Huntington-Ashland", "rent": 970, "zip": "41174"}, "huntington-ashland-41175": {"city": "Huntington-Ashland", "rent": 970, "zip": "41175"}, "huntington-ashland-41179": {"city": "Huntington-Ashland", "rent": 970, "zip": "41179"}, "huntington-ashland-41183": {"city": "Huntington-Ashland", "rent": 970, "zip": "41183"}, "huntington-ashland-45619": {"city": "Huntington-Ashland", "rent": 970, "zip": "45619"}, "huntington-ashland-45623": {"city": "Huntington-Ashland", "rent": 1100, "zip": "45623"}, "huntington-ashland-45629": {"city": "Huntington-Ashland", "rent": 1000, "zip": "45629"}, "huntington-ashland-45638": {"city": "Huntington-Ashland", "rent": 970, "zip": "45638"}, "huntington-ashland-45645": {"city": "Huntington-Ashland", "rent": 1030, "zip": "45645"}, "huntington-ashland-45656": {"city": "Huntington-Ashland", "rent": 970, "zip": "45656"}, "huntington-ashland-45658": {"city": "Huntington-Ashland", "rent": 980, "zip": "45658"}, "huntington-ashland-45659": {"city": "Huntington-Ashland", "rent": 1020, "zip": "45659"}, "huntington-ashland-45669": {"city": "Huntington-Ashland", "rent": 970, "zip": "45669"}, "huntington-ashland-45678": {"city": "Huntington-Ashland", "rent": 1040, "zip": "45678"}, "huntington-ashland-45680": {"city": "Huntington-Ashland", "rent": 970, "zip": "45680"}, "huntington-ashland-45682": {"city": "Huntington-Ashland", "rent": 970, "zip": "45682"}, "huntington-ashland-45688": {"city": "Huntington-Ashland", "rent": 1000, "zip": "45688"}, "huntington-ashland-45696": {"city": "Huntington-Ashland", "rent": 1020, "zip": "45696"}, "putnam-county-25011": {"city": "Putnam County", "rent": 1000, "zip": "25011"}, "putnam-county-25033": {"city": "Putnam County", "rent": 1000, "zip": "25033"}, "putnam-county-25070": {"city": "Putnam County", "rent": 1070, "zip": "25070"}, "putnam-county-25082": {"city": "Putnam County", "rent": 1000, "zip": "25082"}, "putnam-county-25109": {"city": "Putnam County", "rent": 1100, "zip": "25109"}, "putnam-county-25123": {"city": "Putnam County", "rent": 1270, "zip": "25123"}, "putnam-county-25124": {"city": "Putnam County", "rent": 1120, "zip": "25124"}, "putnam-county-25143": {"city": "Putnam County", "rent": 1050, "zip": "25143"}, "putnam-county-25159": {"city": "Putnam County", "rent": 1170, "zip": "25159"}, "putnam-county-25168": {"city": "Putnam County", "rent": 1100, "zip": "25168"}, "putnam-county-25177": {"city": "Putnam County", "rent": 1000, "zip": "25177"}, "putnam-county-25213": {"city": "Putnam County", "rent": 1110, "zip": "25213"}, "putnam-county-25245": {"city": "Putnam County", "rent": 1000, "zip": "25245"}, "putnam-county-25248": {"city": "Putnam County", "rent": 1000, "zip": "25248"}, "putnam-county-25312": {"city": "Putnam County", "rent": 1010, "zip": "25312"}, "putnam-county-25510": {"city": "Putnam County", "rent": 1110, "zip": "25510"}, "putnam-county-25523": {"city": "Putnam County", "rent": 1000, "zip": "25523"}, "putnam-county-25526": {"city": "Putnam County", "rent": 1000, "zip": "25526"}, "putnam-county-25541": {"city": "Putnam County", "rent": 1000, "zip": "25541"}, "putnam-county-25560": {"city": "Putnam County", "rent": 1580, "zip": "25560"}, "putnam-county-25569": {"city": "Putnam County", "rent": 1050, "zip": "25569"}, "morgantown-26287": {"city": "Morgantown", "rent": 960, "zip": "26287"}, "morgantown-26354": {"city": "Morgantown", "rent": 960, "zip": "26354"}, "morgantown-26374": {"city": "Morgantown", "rent": 1110, "zip": "26374"}, "morgantown-26405": {"city": "Morgantown", "rent": 960, "zip": "26405"}, "morgantown-26410": {"city": "Morgantown", "rent": 1270, "zip": "26410"}, "morgantown-26425": {"city": "Morgantown", "rent": 960, "zip": "26425"}, "morgantown-26440": {"city": "Morgantown", "rent": 1010, "zip": "26440"}, "morgantown-26444": {"city": "Morgantown", "rent": 980, "zip": "26444"}, "morgantown-26501": {"city": "Morgantown", "rent": 1070, "zip": "26501"}, "morgantown-26504": {"city": "Morgantown", "rent": 1110, "zip": "26504"}, "morgantown-26505": {"city": "Morgantown", "rent": 1190, "zip": "26505"}, "morgantown-26506": {"city": "Morgantown", "rent": 1190, "zip": "26506"}, "morgantown-26507": {"city": "Morgantown", "rent": 1110, "zip": "26507"}, "morgantown-26508": {"city": "Morgantown", "rent": 1170, "zip": "26508"}, "morgantown-26519": {"city": "Morgantown", "rent": 980, "zip": "26519"}, "morgantown-26520": {"city": "Morgantown", "rent": 960, "zip": "26520"}, "morgantown-26521": {"city": "Morgantown", "rent": 1110, "zip": "26521"}, "morgantown-26524": {"city": "Morgantown", "rent": 960, "zip": "26524"}, "morgantown-26525": {"city": "Morgantown", "rent": 960, "zip": "26525"}, "morgantown-26527": {"city": "Morgantown", "rent": 1110, "zip": "26527"}, "morgantown-26531": {"city": "Morgantown", "rent": 1110, "zip": "26531"}, "morgantown-26534": {"city": "Morgantown", "rent": 1100, "zip": "26534"}, "morgantown-26537": {"city": "Morgantown", "rent": 960, "zip": "26537"}, "morgantown-26541": {"city": "Morgantown", "rent": 1040, "zip": "26541"}, "morgantown-26542": {"city": "Morgantown", "rent": 1020, "zip": "26542"}, "morgantown-26543": {"city": "Morgantown", "rent": 1110, "zip": "26543"}, "morgantown-26544": {"city": "Morgantown", "rent": 960, "zip": "26544"}, "morgantown-26546": {"city": "Morgantown", "rent": 1070, "zip": "26546"}, "morgantown-26547": {"city": "Morgantown", "rent": 960, "zip": "26547"}, "morgantown-26554": {"city": "Morgantown", "rent": 1090, "zip": "26554"}, "morgantown-26562": {"city": "Morgantown", "rent": 970, "zip": "26562"}, "morgantown-26570": {"city": "Morgantown", "rent": 960, "zip": "26570"}, "morgantown-26575": {"city": "Morgantown", "rent": 960, "zip": "26575"}, "morgantown-26582": {"city": "Morgantown", "rent": 960, "zip": "26582"}, "morgantown-26585": {"city": "Morgantown", "rent": 1000, "zip": "26585"}, "morgantown-26588": {"city": "Morgantown", "rent": 960, "zip": "26588"}, "morgantown-26590": {"city": "Morgantown", "rent": 1110, "zip": "26590"}, "morgantown-26705": {"city": "Morgantown", "rent": 960, "zip": "26705"}, "morgantown-26716": {"city": "Morgantown", "rent": 960, "zip": "26716"}, "morgantown-26764": {"city": "Morgantown", "rent": 970, "zip": "26764"}, "parkersburg-vienna-25252": {"city": "Parkersburg-Vienna", "rent": 870, "zip": "25252"}, "parkersburg-vienna-25270": {"city": "Parkersburg-Vienna", "rent": 870, "zip": "25270"}, "parkersburg-vienna-25275": {"city": "Parkersburg-Vienna", "rent": 960, "zip": "25275"}, "parkersburg-vienna-26101": {"city": "Parkersburg-Vienna", "rent": 920, "zip": "26101"}, "parkersburg-vienna-26102": {"city": "Parkersburg-Vienna", "rent": 930, "zip": "26102"}, "parkersburg-vienna-26103": {"city": "Parkersburg-Vienna", "rent": 930, "zip": "26103"}, "parkersburg-vienna-26104": {"city": "Parkersburg-Vienna", "rent": 870, "zip": "26104"}, "parkersburg-vienna-26105": {"city": "Parkersburg-Vienna", "rent": 980, "zip": "26105"}, "parkersburg-vienna-26121": {"city": "Parkersburg-Vienna", "rent": 930, "zip": "26121"}, "parkersburg-vienna-26133": {"city": "Parkersburg-Vienna", "rent": 1050, "zip": "26133"}, "parkersburg-vienna-26138": {"city": "Parkersburg-Vienna", "rent": 870, "zip": "26138"}, "parkersburg-vienna-26141": {"city": "Parkersburg-Vienna", "rent": 870, "zip": "26141"}, "parkersburg-vienna-26142": {"city": "Parkersburg-Vienna", "rent": 920, "zip": "26142"}, "parkersburg-vienna-26143": {"city": "Parkersburg-Vienna", "rent": 890, "zip": "26143"}, "parkersburg-vienna-26150": {"city": "Parkersburg-Vienna", "rent": 1010, "zip": "26150"}, "parkersburg-vienna-26152": {"city": "Parkersburg-Vienna", "rent": 870, "zip": "26152"}, "parkersburg-vienna-26160": {"city": "Parkersburg-Vienna", "rent": 870, "zip": "26160"}, "parkersburg-vienna-26161": {"city": "Parkersburg-Vienna", "rent": 870, "zip": "26161"}, "parkersburg-vienna-26164": {"city": "Parkersburg-Vienna", "rent": 1020, "zip": "26164"}, "parkersburg-vienna-26169": {"city": "Parkersburg-Vienna", "rent": 960, "zip": "26169"}, "parkersburg-vienna-26170": {"city": "Parkersburg-Vienna", "rent": 900, "zip": "26170"}, "parkersburg-vienna-26180": {"city": "Parkersburg-Vienna", "rent": 910, "zip": "26180"}, "parkersburg-vienna-26181": {"city": "Parkersburg-Vienna", "rent": 1080, "zip": "26181"}, "parkersburg-vienna-26184": {"city": "Parkersburg-Vienna", "rent": 910, "zip": "26184"}, "parkersburg-vienna-26187": {"city": "Parkersburg-Vienna", "rent": 990, "zip": "26187"}, "parkersburg-vienna-26337": {"city": "Parkersburg-Vienna", "rent": 870, "zip": "26337"}, "jefferson-county-20135": {"city": "Jefferson County", "rent": 1510, "zip": "20135"}, "jefferson-county-25404": {"city": "Jefferson County", "rent": 1220, "zip": "25404"}, "jefferson-county-25414": {"city": "Jefferson County", "rent": 1180, "zip": "25414"}, "jefferson-county-25423": {"city": "Jefferson County", "rent": 1250, "zip": "25423"}, "jefferson-county-25425": {"city": "Jefferson County", "rent": 1410, "zip": "25425"}, "jefferson-county-25430": {"city": "Jefferson County", "rent": 1450, "zip": "25430"}, "jefferson-county-25432": {"city": "Jefferson County", "rent": 1410, "zip": "25432"}, "jefferson-county-25438": {"city": "Jefferson County", "rent": 1230, "zip": "25438"}, "jefferson-county-25441": {"city": "Jefferson County", "rent": 1250, "zip": "25441"}, "jefferson-county-25442": {"city": "Jefferson County", "rent": 1330, "zip": "25442"}, "jefferson-county-25443": {"city": "Jefferson County", "rent": 1240, "zip": "25443"}, "jefferson-county-25446": {"city": "Jefferson County", "rent": 1350, "zip": "25446"}, "weirton-steubenville-26003": {"city": "Weirton-Steubenville", "rent": 1070, "zip": "26003"}, "weirton-steubenville-26030": {"city": "Weirton-Steubenville", "rent": 970, "zip": "26030"}, "weirton-steubenville-26032": {"city": "Weirton-Steubenville", "rent": 1000, "zip": "26032"}, "weirton-steubenville-26034": {"city": "Weirton-Steubenville", "rent": 1060, "zip": "26034"}, "weirton-steubenville-26035": {"city": "Weirton-Steubenville", "rent": 1010, "zip": "26035"}, "weirton-steubenville-26037": {"city": "Weirton-Steubenville", "rent": 970, "zip": "26037"}, "weirton-steubenville-26047": {"city": "Weirton-Steubenville", "rent": 970, "zip": "26047"}, "weirton-steubenville-26050": {"city": "Weirton-Steubenville", "rent": 970, "zip": "26050"}, "weirton-steubenville-26056": {"city": "Weirton-Steubenville", "rent": 970, "zip": "26056"}, "weirton-steubenville-26058": {"city": "Weirton-Steubenville", "rent": 1060, "zip": "26058"}, "weirton-steubenville-26060": {"city": "Weirton-Steubenville", "rent": 1040, "zip": "26060"}, "weirton-steubenville-26062": {"city": "Weirton-Steubenville", "rent": 970, "zip": "26062"}, "weirton-steubenville-26070": {"city": "Weirton-Steubenville", "rent": 970, "zip": "26070"}, "weirton-steubenville-26075": {"city": "Weirton-Steubenville", "rent": 1040, "zip": "26075"}, "weirton-steubenville-43901": {"city": "Weirton-Steubenville", "rent": 1100, "zip": "43901"}, "weirton-steubenville-43903": {"city": "Weirton-Steubenville", "rent": 1110, "zip": "43903"}, "weirton-steubenville-43907": {"city": "Weirton-Steubenville", "rent": 970, "zip": "43907"}, "weirton-steubenville-43908": {"city": "Weirton-Steubenville", "rent": 970, "zip": "43908"}, "weirton-steubenville-43910": {"city": "Weirton-Steubenville", "rent": 1080, "zip": "43910"}, "weirton-steubenville-43913": {"city": "Weirton-Steubenville", "rent": 970, "zip": "43913"}, "weirton-steubenville-43917": {"city": "Weirton-Steubenville", "rent": 980, "zip": "43917"}, "weirton-steubenville-43925": {"city": "Weirton-Steubenville", "rent": 990, "zip": "43925"}, "weirton-steubenville-43926": {"city": "Weirton-Steubenville", "rent": 970, "zip": "43926"}, "weirton-steubenville-43930": {"city": "Weirton-Steubenville", "rent": 1070, "zip": "43930"}, "weirton-steubenville-43932": {"city": "Weirton-Steubenville", "rent": 1110, "zip": "43932"}, "weirton-steubenville-43938": {"city": "Weirton-Steubenville", "rent": 1090, "zip": "43938"}, "weirton-steubenville-43939": {"city": "Weirton-Steubenville", "rent": 970, "zip": "43939"}, "weirton-steubenville-43941": {"city": "Weirton-Steubenville", "rent": 1020, "zip": "43941"}, "weirton-steubenville-43943": {"city": "Weirton-Steubenville", "rent": 970, "zip": "43943"}, "weirton-steubenville-43944": {"city": "Weirton-Steubenville", "rent": 1140, "zip": "43944"}, "weirton-steubenville-43945": {"city": "Weirton-Steubenville", "rent": 1060, "zip": "43945"}, "weirton-steubenville-43948": {"city": "Weirton-Steubenville", "rent": 1210, "zip": "43948"}, "weirton-steubenville-43952": {"city": "Weirton-Steubenville", "rent": 1000, "zip": "43952"}, "weirton-steubenville-43953": {"city": "Weirton-Steubenville", "rent": 1090, "zip": "43953"}, "weirton-steubenville-43961": {"city": "Weirton-Steubenville", "rent": 970, "zip": "43961"}, "weirton-steubenville-43963": {"city": "Weirton-Steubenville", "rent": 1000, "zip": "43963"}, "weirton-steubenville-43964": {"city": "Weirton-Steubenville", "rent": 970, "zip": "43964"}, "weirton-steubenville-43970": {"city": "Weirton-Steubenville", "rent": 1020, "zip": "43970"}, "weirton-steubenville-43971": {"city": "Weirton-Steubenville", "rent": 970, "zip": "43971"}, "weirton-steubenville-43986": {"city": "Weirton-Steubenville", "rent": 1030, "zip": "43986"}, "wheeling-26003": {"city": "Wheeling", "rent": 1070, "zip": "26003"}, "wheeling-26031": {"city": "Wheeling", "rent": 970, "zip": "26031"}, "wheeling-26032": {"city": "Wheeling", "rent": 1000, "zip": "26032"}, "wheeling-26033": {"city": "Wheeling", "rent": 1080, "zip": "26033"}, "wheeling-26036": {"city": "Wheeling", "rent": 1150, "zip": "26036"}, "wheeling-26038": {"city": "Wheeling", "rent": 1060, "zip": "26038"}, "wheeling-26039": {"city": "Wheeling", "rent": 1020, "zip": "26039"}, "wheeling-26040": {"city": "Wheeling", "rent": 970, "zip": "26040"}, "wheeling-26041": {"city": "Wheeling", "rent": 1010, "zip": "26041"}, "wheeling-26055": {"city": "Wheeling", "rent": 980, "zip": "26055"}, "wheeling-26059": {"city": "Wheeling", "rent": 1130, "zip": "26059"}, "wheeling-26060": {"city": "Wheeling", "rent": 1040, "zip": "26060"}, "wheeling-26070": {"city": "Wheeling", "rent": 970, "zip": "26070"}, "wheeling-26074": {"city": "Wheeling", "rent": 1290, "zip": "26074"}, "wheeling-26155": {"city": "Wheeling", "rent": 970, "zip": "26155"}, "wheeling-43713": {"city": "Wheeling", "rent": 970, "zip": "43713"}, "wheeling-43716": {"city": "Wheeling", "rent": 1000, "zip": "43716"}, "wheeling-43718": {"city": "Wheeling", "rent": 1230, "zip": "43718"}, "wheeling-43719": {"city": "Wheeling", "rent": 970, "zip": "43719"}, "wheeling-43747": {"city": "Wheeling", "rent": 980, "zip": "43747"}, "wheeling-43759": {"city": "Wheeling", "rent": 1070, "zip": "43759"}, "wheeling-43773": {"city": "Wheeling", "rent": 1060, "zip": "43773"}, "wheeling-43901": {"city": "Wheeling", "rent": 1100, "zip": "43901"}, "wheeling-43902": {"city": "Wheeling", "rent": 1060, "zip": "43902"}, "wheeling-43905": {"city": "Wheeling", "rent": 1050, "zip": "43905"}, "wheeling-43906": {"city": "Wheeling", "rent": 970, "zip": "43906"}, "wheeling-43909": {"city": "Wheeling", "rent": 980, "zip": "43909"}, "wheeling-43912": {"city": "Wheeling", "rent": 970, "zip": "43912"}, "wheeling-43916": {"city": "Wheeling", "rent": 970, "zip": "43916"}, "wheeling-43917": {"city": "Wheeling", "rent": 980, "zip": "43917"}, "wheeling-43927": {"city": "Wheeling", "rent": 970, "zip": "43927"}, "wheeling-43928": {"city": "Wheeling", "rent": 1120, "zip": "43928"}, "wheeling-43933": {"city": "Wheeling", "rent": 1050, "zip": "43933"}, "wheeling-43934": {"city": "Wheeling", "rent": 970, "zip": "43934"}, "wheeling-43935": {"city": "Wheeling", "rent": 970, "zip": "43935"}, "wheeling-43937": {"city": "Wheeling", "rent": 970, "zip": "43937"}, "wheeling-43940": {"city": "Wheeling", "rent": 970, "zip": "43940"}, "wheeling-43942": {"city": "Wheeling", "rent": 970, "zip": "43942"}, "wheeling-43943": {"city": "Wheeling", "rent": 970, "zip": "43943"}, "wheeling-43947": {"city": "Wheeling", "rent": 970, "zip": "43947"}, "wheeling-43950": {"city": "Wheeling", "rent": 1090, "zip": "43950"}, "wheeling-43951": {"city": "Wheeling", "rent": 1130, "zip": "43951"}, "wheeling-43967": {"city": "Wheeling", "rent": 1180, "zip": "43967"}, "wheeling-43971": {"city": "Wheeling", "rent": 970, "zip": "43971"}, "wheeling-43972": {"city": "Wheeling", "rent": 1090, "zip": "43972"}, "wheeling-43973": {"city": "Wheeling", "rent": 1030, "zip": "43973"}, "wheeling-43977": {"city": "Wheeling", "rent": 1170, "zip": "43977"}, "wheeling-43983": {"city": "Wheeling", "rent": 1080, "zip": "43983"}, "wheeling-43985": {"city": "Wheeling", "rent": 1170, "zip": "43985"}, "barbour-county-26201": {"city": "Barbour County", "rent": 940, "zip": "26201"}, "barbour-county-26238": {"city": "Barbour County", "rent": 920, "zip": "26238"}, "barbour-county-26250": {"city": "Barbour County", "rent": 900, "zip": "26250"}, "barbour-county-26257": {"city": "Barbour County", "rent": 930, "zip": "26257"}, "barbour-county-26267": {"city": "Barbour County", "rent": 940, "zip": "26267"}, "barbour-county-26275": {"city": "Barbour County", "rent": 870, "zip": "26275"}, "barbour-county-26283": {"city": "Barbour County", "rent": 890, "zip": "26283"}, "barbour-county-26330": {"city": "Barbour County", "rent": 1180, "zip": "26330"}, "barbour-county-26347": {"city": "Barbour County", "rent": 1000, "zip": "26347"}, "barbour-county-26349": {"city": "Barbour County", "rent": 930, "zip": "26349"}, "barbour-county-26354": {"city": "Barbour County", "rent": 960, "zip": "26354"}, "barbour-county-26385": {"city": "Barbour County", "rent": 1080, "zip": "26385"}, "barbour-county-26405": {"city": "Barbour County", "rent": 960, "zip": "26405"}, "barbour-county-26416": {"city": "Barbour County", "rent": 870, "zip": "26416"}, "barbour-county-26440": {"city": "Barbour County", "rent": 1010, "zip": "26440"}, "braxton-county-25063": {"city": "Braxton County", "rent": 950, "zip": "25063"}, "braxton-county-26203": {"city": "Braxton County", "rent": 880, "zip": "26203"}, "braxton-county-26217": {"city": "Braxton County", "rent": 870, "zip": "26217"}, "braxton-county-26335": {"city": "Braxton County", "rent": 960, "zip": "26335"}, "braxton-county-26376": {"city": "Braxton County", "rent": 870, "zip": "26376"}, "braxton-county-26412": {"city": "Braxton County", "rent": 900, "zip": "26412"}, "braxton-county-26447": {"city": "Braxton County", "rent": 870, "zip": "26447"}, "braxton-county-26601": {"city": "Braxton County", "rent": 870, "zip": "26601"}, "braxton-county-26610": {"city": "Braxton County", "rent": 870, "zip": "26610"}, "braxton-county-26611": {"city": "Braxton County", "rent": 880, "zip": "26611"}, "braxton-county-26615": {"city": "Braxton County", "rent": 920, "zip": "26615"}, "braxton-county-26619": {"city": "Braxton County", "rent": 900, "zip": "26619"}, "braxton-county-26621": {"city": "Braxton County", "rent": 900, "zip": "26621"}, "braxton-county-26623": {"city": "Braxton County", "rent": 880, "zip": "26623"}, "braxton-county-26624": {"city": "Braxton County", "rent": 880, "zip": "26624"}, "braxton-county-26627": {"city": "Braxton County", "rent": 910, "zip": "26627"}, "braxton-county-26629": {"city": "Braxton County", "rent": 870, "zip": "26629"}, "braxton-county-26631": {"city": "Braxton County", "rent": 920, "zip": "26631"}, "braxton-county-26636": {"city": "Braxton County", "rent": 870, "zip": "26636"}, "calhoun-county-25141": {"city": "Calhoun County", "rent": 950, "zip": "25141"}, "calhoun-county-25234": {"city": "Calhoun County", "rent": 1000, "zip": "25234"}, "calhoun-county-25235": {"city": "Calhoun County", "rent": 950, "zip": "25235"}, "calhoun-county-25259": {"city": "Calhoun County", "rent": 870, "zip": "25259"}, "calhoun-county-25261": {"city": "Calhoun County", "rent": 1050, "zip": "25261"}, "calhoun-county-25266": {"city": "Calhoun County", "rent": 870, "zip": "25266"}, "calhoun-county-25267": {"city": "Calhoun County", "rent": 940, "zip": "25267"}, "calhoun-county-25268": {"city": "Calhoun County", "rent": 870, "zip": "25268"}, "calhoun-county-25276": {"city": "Calhoun County", "rent": 900, "zip": "25276"}, "calhoun-county-26136": {"city": "Calhoun County", "rent": 870, "zip": "26136"}, "calhoun-county-26137": {"city": "Calhoun County", "rent": 870, "zip": "26137"}, "calhoun-county-26138": {"city": "Calhoun County", "rent": 870, "zip": "26138"}, "calhoun-county-26141": {"city": "Calhoun County", "rent": 870, "zip": "26141"}, "calhoun-county-26147": {"city": "Calhoun County", "rent": 1110, "zip": "26147"}, "calhoun-county-26151": {"city": "Calhoun County", "rent": 870, "zip": "26151"}, "calhoun-county-26152": {"city": "Calhoun County", "rent": 870, "zip": "26152"}, "calhoun-county-26636": {"city": "Calhoun County", "rent": 870, "zip": "26636"}, "calhoun-county-26638": {"city": "Calhoun County", "rent": 870, "zip": "26638"}, "doddridge-county-26320": {"city": "Doddridge County", "rent": 910, "zip": "26320"}, "doddridge-county-26321": {"city": "Doddridge County", "rent": 870, "zip": "26321"}, "doddridge-county-26339": {"city": "Doddridge County", "rent": 930, "zip": "26339"}, "doddridge-county-26411": {"city": "Doddridge County", "rent": 930, "zip": "26411"}, "doddridge-county-26415": {"city": "Doddridge County", "rent": 960, "zip": "26415"}, "doddridge-county-26426": {"city": "Doddridge County", "rent": 870, "zip": "26426"}, "doddridge-county-26436": {"city": "Doddridge County", "rent": 950, "zip": "26436"}, "doddridge-county-26443": {"city": "Doddridge County", "rent": 880, "zip": "26443"}, "doddridge-county-26448": {"city": "Doddridge County", "rent": 910, "zip": "26448"}, "doddridge-county-26456": {"city": "Doddridge County", "rent": 950, "zip": "26456"}, "gilmer-county-25267": {"city": "Gilmer County", "rent": 940, "zip": "25267"}, "gilmer-county-26137": {"city": "Gilmer County", "rent": 870, "zip": "26137"}, "gilmer-county-26147": {"city": "Gilmer County", "rent": 1110, "zip": "26147"}, "gilmer-county-26335": {"city": "Gilmer County", "rent": 960, "zip": "26335"}, "gilmer-county-26342": {"city": "Gilmer County", "rent": 870, "zip": "26342"}, "gilmer-county-26351": {"city": "Gilmer County", "rent": 880, "zip": "26351"}, "gilmer-county-26384": {"city": "Gilmer County", "rent": 870, "zip": "26384"}, "gilmer-county-26411": {"city": "Gilmer County", "rent": 930, "zip": "26411"}, "gilmer-county-26412": {"city": "Gilmer County", "rent": 900, "zip": "26412"}, "gilmer-county-26430": {"city": "Gilmer County", "rent": 900, "zip": "26430"}, "gilmer-county-26443": {"city": "Gilmer County", "rent": 880, "zip": "26443"}, "gilmer-county-26611": {"city": "Gilmer County", "rent": 880, "zip": "26611"}, "gilmer-county-26624": {"city": "Gilmer County", "rent": 880, "zip": "26624"}, "gilmer-county-26636": {"city": "Gilmer County", "rent": 870, "zip": "26636"}, "gilmer-county-26638": {"city": "Gilmer County", "rent": 870, "zip": "26638"}, "grant-county-26707": {"city": "Grant County", "rent": 930, "zip": "26707"}, "grant-county-26710": {"city": "Grant County", "rent": 1420, "zip": "26710"}, "grant-county-26717": {"city": "Grant County", "rent": 940, "zip": "26717"}, "grant-county-26720": {"city": "Grant County", "rent": 980, "zip": "26720"}, "grant-county-26726": {"city": "Grant County", "rent": 870, "zip": "26726"}, "grant-county-26731": {"city": "Grant County", "rent": 870, "zip": "26731"}, "grant-county-26739": {"city": "Grant County", "rent": 930, "zip": "26739"}, "grant-county-26743": {"city": "Grant County", "rent": 870, "zip": "26743"}, "grant-county-26833": {"city": "Grant County", "rent": 870, "zip": "26833"}, "grant-county-26847": {"city": "Grant County", "rent": 870, "zip": "26847"}, "grant-county-26855": {"city": "Grant County", "rent": 870, "zip": "26855"}, "grant-county-26866": {"city": "Grant County", "rent": 880, "zip": "26866"}, "greenbrier-county-24901": {"city": "Greenbrier County", "rent": 980, "zip": "24901"}, "greenbrier-county-24910": {"city": "Greenbrier County", "rent": 870, "zip": "24910"}, "greenbrier-county-24916": {"city": "Greenbrier County", "rent": 900, "zip": "24916"}, "greenbrier-county-24925": {"city": "Greenbrier County", "rent": 910, "zip": "24925"}, "greenbrier-county-24931": {"city": "Greenbrier County", "rent": 940, "zip": "24931"}, "greenbrier-county-24938": {"city": "Greenbrier County", "rent": 920, "zip": "24938"}, "greenbrier-county-24943": {"city": "Greenbrier County", "rent": 870, "zip": "24943"}, "greenbrier-county-24954": {"city": "Greenbrier County", "rent": 870, "zip": "24954"}, "greenbrier-county-24957": {"city": "Greenbrier County", "rent": 980, "zip": "24957"}, "greenbrier-county-24966": {"city": "Greenbrier County", "rent": 920, "zip": "24966"}, "greenbrier-county-24970": {"city": "Greenbrier County", "rent": 950, "zip": "24970"}, "greenbrier-county-24976": {"city": "Greenbrier County", "rent": 900, "zip": "24976"}, "greenbrier-county-24977": {"city": "Greenbrier County", "rent": 880, "zip": "24977"}, "greenbrier-county-24986": {"city": "Greenbrier County", "rent": 880, "zip": "24986"}, "greenbrier-county-24991": {"city": "Greenbrier County", "rent": 920, "zip": "24991"}, "greenbrier-county-25958": {"city": "Greenbrier County", "rent": 1010, "zip": "25958"}, "greenbrier-county-25962": {"city": "Greenbrier County", "rent": 870, "zip": "25962"}, "greenbrier-county-25972": {"city": "Greenbrier County", "rent": 960, "zip": "25972"}, "greenbrier-county-25976": {"city": "Greenbrier County", "rent": 870, "zip": "25976"}, "greenbrier-county-25981": {"city": "Greenbrier County", "rent": 870, "zip": "25981"}, "greenbrier-county-25984": {"city": "Greenbrier County", "rent": 870, "zip": "25984"}, "greenbrier-county-26261": {"city": "Greenbrier County", "rent": 870, "zip": "26261"}, "greenbrier-county-26680": {"city": "Greenbrier County", "rent": 940, "zip": "26680"}, "hardy-county-26755": {"city": "Hardy County", "rent": 1420, "zip": "26755"}, "hardy-county-26801": {"city": "Hardy County", "rent": 930, "zip": "26801"}, "hardy-county-26810": {"city": "Hardy County", "rent": 930, "zip": "26810"}, "hardy-county-26812": {"city": "Hardy County", "rent": 930, "zip": "26812"}, "hardy-county-26815": {"city": "Hardy County", "rent": 900, "zip": "26815"}, "hardy-county-26818": {"city": "Hardy County", "rent": 900, "zip": "26818"}, "hardy-county-26836": {"city": "Hardy County", "rent": 930, "zip": "26836"}, "hardy-county-26838": {"city": "Hardy County", "rent": 910, "zip": "26838"}, "hardy-county-26845": {"city": "Hardy County", "rent": 1420, "zip": "26845"}, "hardy-county-26847": {"city": "Hardy County", "rent": 870, "zip": "26847"}, "hardy-county-26851": {"city": "Hardy County", "rent": 1420, "zip": "26851"}, "hardy-county-26852": {"city": "Hardy County", "rent": 1420, "zip": "26852"}, "hardy-county-26865": {"city": "Hardy County", "rent": 1420, "zip": "26865"}, "harrison-county-26301": {"city": "Harrison County", "rent": 870, "zip": "26301"}, "harrison-county-26302": {"city": "Harrison County", "rent": 960, "zip": "26302"}, "harrison-county-26323": {"city": "Harrison County", "rent": 870, "zip": "26323"}, "harrison-county-26330": {"city": "Harrison County", "rent": 1180, "zip": "26330"}, "harrison-county-26361": {"city": "Harrison County", "rent": 910, "zip": "26361"}, "harrison-county-26366": {"city": "Harrison County", "rent": 990, "zip": "26366"}, "harrison-county-26369": {"city": "Harrison County", "rent": 1060, "zip": "26369"}, "harrison-county-26378": {"city": "Harrison County", "rent": 870, "zip": "26378"}, "harrison-county-26385": {"city": "Harrison County", "rent": 1080, "zip": "26385"}, "harrison-county-26386": {"city": "Harrison County", "rent": 980, "zip": "26386"}, "harrison-county-26404": {"city": "Harrison County", "rent": 1120, "zip": "26404"}, "harrison-county-26408": {"city": "Harrison County", "rent": 1040, "zip": "26408"}, "harrison-county-26416": {"city": "Harrison County", "rent": 870, "zip": "26416"}, "harrison-county-26422": {"city": "Harrison County", "rent": 870, "zip": "26422"}, "harrison-county-26426": {"city": "Harrison County", "rent": 870, "zip": "26426"}, "harrison-county-26431": {"city": "Harrison County", "rent": 990, "zip": "26431"}, "harrison-county-26438": {"city": "Harrison County", "rent": 1060, "zip": "26438"}, "harrison-county-26448": {"city": "Harrison County", "rent": 910, "zip": "26448"}, "harrison-county-26451": {"city": "Harrison County", "rent": 870, "zip": "26451"}, "harrison-county-26463": {"city": "Harrison County", "rent": 950, "zip": "26463"}, "harrison-county-26554": {"city": "Harrison County", "rent": 1090, "zip": "26554"}, "harrison-county-26568": {"city": "Harrison County", "rent": 940, "zip": "26568"}, "harrison-county-26582": {"city": "Harrison County", "rent": 960, "zip": "26582"}, "harrison-county-26591": {"city": "Harrison County", "rent": 960, "zip": "26591"}, "jackson-county-25124": {"city": "Jackson County", "rent": 1120, "zip": "25124"}, "jackson-county-25231": {"city": "Jackson County", "rent": 870, "zip": "25231"}, "jackson-county-25239": {"city": "Jackson County", "rent": 1200, "zip": "25239"}, "jackson-county-25241": {"city": "Jackson County", "rent": 1090, "zip": "25241"}, "jackson-county-25243": {"city": "Jackson County", "rent": 900, "zip": "25243"}, "jackson-county-25244": {"city": "Jackson County", "rent": 880, "zip": "25244"}, "jackson-county-25245": {"city": "Jackson County", "rent": 1000, "zip": "25245"}, "jackson-county-25248": {"city": "Jackson County", "rent": 1000, "zip": "25248"}, "jackson-county-25252": {"city": "Jackson County", "rent": 870, "zip": "25252"}, "jackson-county-25262": {"city": "Jackson County", "rent": 1100, "zip": "25262"}, "jackson-county-25264": {"city": "Jackson County", "rent": 1180, "zip": "25264"}, "jackson-county-25271": {"city": "Jackson County", "rent": 870, "zip": "25271"}, "jackson-county-25275": {"city": "Jackson County", "rent": 960, "zip": "25275"}, "jackson-county-25320": {"city": "Jackson County", "rent": 1030, "zip": "25320"}, "jackson-county-26133": {"city": "Jackson County", "rent": 1050, "zip": "26133"}, "jackson-county-26143": {"city": "Jackson County", "rent": 890, "zip": "26143"}, "jackson-county-26160": {"city": "Jackson County", "rent": 870, "zip": "26160"}, "jackson-county-26164": {"city": "Jackson County", "rent": 1020, "zip": "26164"}, "jackson-county-26169": {"city": "Jackson County", "rent": 960, "zip": "26169"}, "lewis-county-26201": {"city": "Lewis County", "rent": 940, "zip": "26201"}, "lewis-county-26218": {"city": "Lewis County", "rent": 960, "zip": "26218"}, "lewis-county-26321": {"city": "Lewis County", "rent": 870, "zip": "26321"}, "lewis-county-26338": {"city": "Lewis County", "rent": 880, "zip": "26338"}, "lewis-county-26343": {"city": "Lewis County", "rent": 920, "zip": "26343"}, "lewis-county-26372": {"city": "Lewis County", "rent": 900, "zip": "26372"}, "lewis-county-26376": {"city": "Lewis County", "rent": 870, "zip": "26376"}, "lewis-county-26378": {"city": "Lewis County", "rent": 870, "zip": "26378"}, "lewis-county-26384": {"city": "Lewis County", "rent": 870, "zip": "26384"}, "lewis-county-26385": {"city": "Lewis County", "rent": 1080, "zip": "26385"}, "lewis-county-26411": {"city": "Lewis County", "rent": 930, "zip": "26411"}, "lewis-county-26412": {"city": "Lewis County", "rent": 900, "zip": "26412"}, "lewis-county-26447": {"city": "Lewis County", "rent": 870, "zip": "26447"}, "lewis-county-26452": {"city": "Lewis County", "rent": 880, "zip": "26452"}, "lincoln-county-25003": {"city": "Lincoln County", "rent": 950, "zip": "25003"}, "lincoln-county-25202": {"city": "Lincoln County", "rent": 960, "zip": "25202"}, "lincoln-county-25501": {"city": "Lincoln County", "rent": 870, "zip": "25501"}, "lincoln-county-25505": {"city": "Lincoln County", "rent": 870, "zip": "25505"}, "lincoln-county-25506": {"city": "Lincoln County", "rent": 970, "zip": "25506"}, "lincoln-county-25510": {"city": "Lincoln County", "rent": 1110, "zip": "25510"}, "lincoln-county-25521": {"city": "Lincoln County", "rent": 950, "zip": "25521"}, "lincoln-county-25523": {"city": "Lincoln County", "rent": 1000, "zip": "25523"}, "lincoln-county-25524": {"city": "Lincoln County", "rent": 970, "zip": "25524"}, "lincoln-county-25526": {"city": "Lincoln County", "rent": 1000, "zip": "25526"}, "lincoln-county-25529": {"city": "Lincoln County", "rent": 870, "zip": "25529"}, "lincoln-county-25534": {"city": "Lincoln County", "rent": 1000, "zip": "25534"}, "lincoln-county-25540": {"city": "Lincoln County", "rent": 970, "zip": "25540"}, "lincoln-county-25544": {"city": "Lincoln County", "rent": 940, "zip": "25544"}, "lincoln-county-25557": {"city": "Lincoln County", "rent": 970, "zip": "25557"}, "lincoln-county-25559": {"city": "Lincoln County", "rent": 970, "zip": "25559"}, "lincoln-county-25564": {"city": "Lincoln County", "rent": 870, "zip": "25564"}, "lincoln-county-25565": {"city": "Lincoln County", "rent": 870, "zip": "25565"}, "lincoln-county-25567": {"city": "Lincoln County", "rent": 870, "zip": "25567"}, "lincoln-county-25571": {"city": "Lincoln County", "rent": 870, "zip": "25571"}, "lincoln-county-25573": {"city": "Lincoln County", "rent": 870, "zip": "25573"}, "lincoln-county-25699": {"city": "Lincoln County", "rent": 1000, "zip": "25699"}, "logan-county-25022": {"city": "Logan County", "rent": 870, "zip": "25022"}, "logan-county-25047": {"city": "Logan County", "rent": 870, "zip": "25047"}, "logan-county-25076": {"city": "Logan County", "rent": 870, "zip": "25076"}, "logan-county-25108": {"city": "Logan County", "rent": 870, "zip": "25108"}, "logan-county-25121": {"city": "Logan County", "rent": 870, "zip": "25121"}, "logan-county-25183": {"city": "Logan County", "rent": 870, "zip": "25183"}, "logan-county-25505": {"city": "Logan County", "rent": 870, "zip": "25505"}, "logan-county-25508": {"city": "Logan County", "rent": 870, "zip": "25508"}, "logan-county-25524": {"city": "Logan County", "rent": 970, "zip": "25524"}, "logan-county-25547": {"city": "Logan County", "rent": 870, "zip": "25547"}, "logan-county-25601": {"city": "Logan County", "rent": 960, "zip": "25601"}, "logan-county-25606": {"city": "Logan County", "rent": 900, "zip": "25606"}, "logan-county-25607": {"city": "Logan County", "rent": 870, "zip": "25607"}, "logan-county-25611": {"city": "Logan County", "rent": 880, "zip": "25611"}, "logan-county-25612": {"city": "Logan County", "rent": 870, "zip": "25612"}, "logan-county-25614": {"city": "Logan County", "rent": 870, "zip": "25614"}, "logan-county-25617": {"city": "Logan County", "rent": 870, "zip": "25617"}, "logan-county-25624": {"city": "Logan County", "rent": 870, "zip": "25624"}, "logan-county-25625": {"city": "Logan County", "rent": 870, "zip": "25625"}, "logan-county-25628": {"city": "Logan County", "rent": 870, "zip": "25628"}, "logan-county-25630": {"city": "Logan County", "rent": 870, "zip": "25630"}, "logan-county-25632": {"city": "Logan County", "rent": 870, "zip": "25632"}, "logan-county-25634": {"city": "Logan County", "rent": 870, "zip": "25634"}, "logan-county-25635": {"city": "Logan County", "rent": 870, "zip": "25635"}, "logan-county-25637": {"city": "Logan County", "rent": 950, "zip": "25637"}, "logan-county-25638": {"city": "Logan County", "rent": 870, "zip": "25638"}, "logan-county-25639": {"city": "Logan County", "rent": 870, "zip": "25639"}, "logan-county-25644": {"city": "Logan County", "rent": 880, "zip": "25644"}, "logan-county-25646": {"city": "Logan County", "rent": 870, "zip": "25646"}, "logan-county-25647": {"city": "Logan County", "rent": 870, "zip": "25647"}, "logan-county-25649": {"city": "Logan County", "rent": 870, "zip": "25649"}, "logan-county-25650": {"city": "Logan County", "rent": 900, "zip": "25650"}, "logan-county-25652": {"city": "Logan County", "rent": 960, "zip": "25652"}, "logan-county-25653": {"city": "Logan County", "rent": 960, "zip": "25653"}, "logan-county-25654": {"city": "Logan County", "rent": 870, "zip": "25654"}, "logan-county-25671": {"city": "Logan County", "rent": 970, "zip": "25671"}, "mcdowell-county-24604": {"city": "McDowell County", "rent": 910, "zip": "24604"}, "mcdowell-county-24622": {"city": "McDowell County", "rent": 1030, "zip": "24622"}, "mcdowell-county-24801": {"city": "McDowell County", "rent": 1010, "zip": "24801"}, "mcdowell-county-24808": {"city": "McDowell County", "rent": 870, "zip": "24808"}, "mcdowell-county-24811": {"city": "McDowell County", "rent": 870, "zip": "24811"}, "mcdowell-county-24813": {"city": "McDowell County", "rent": 900, "zip": "24813"}, "mcdowell-county-24815": {"city": "McDowell County", "rent": 870, "zip": "24815"}, "mcdowell-county-24816": {"city": "McDowell County", "rent": 870, "zip": "24816"}, "mcdowell-county-24817": {"city": "McDowell County", "rent": 960, "zip": "24817"}, "mcdowell-county-24826": {"city": "McDowell County", "rent": 870, "zip": "24826"}, "mcdowell-county-24828": {"city": "McDowell County", "rent": 870, "zip": "24828"}, "mcdowell-county-24829": {"city": "McDowell County", "rent": 870, "zip": "24829"}, "mcdowell-county-24830": {"city": "McDowell County", "rent": 870, "zip": "24830"}, "mcdowell-county-24831": {"city": "McDowell County", "rent": 870, "zip": "24831"}, "mcdowell-county-24836": {"city": "McDowell County", "rent": 870, "zip": "24836"}, "mcdowell-county-24843": {"city": "McDowell County", "rent": 870, "zip": "24843"}, "mcdowell-county-24844": {"city": "McDowell County", "rent": 870, "zip": "24844"}, "mcdowell-county-24846": {"city": "McDowell County", "rent": 900, "zip": "24846"}, "mcdowell-county-24848": {"city": "McDowell County", "rent": 870, "zip": "24848"}, "mcdowell-county-24850": {"city": "McDowell County", "rent": 870, "zip": "24850"}, "mcdowell-county-24853": {"city": "McDowell County", "rent": 870, "zip": "24853"}, "mcdowell-county-24855": {"city": "McDowell County", "rent": 900, "zip": "24855"}, "mcdowell-county-24861": {"city": "McDowell County", "rent": 870, "zip": "24861"}, "mcdowell-county-24862": {"city": "McDowell County", "rent": 870, "zip": "24862"}, "mcdowell-county-24866": {"city": "McDowell County", "rent": 870, "zip": "24866"}, "mcdowell-county-24868": {"city": "McDowell County", "rent": 900, "zip": "24868"}, "mcdowell-county-24871": {"city": "McDowell County", "rent": 870, "zip": "24871"}, "mcdowell-county-24872": {"city": "McDowell County", "rent": 870, "zip": "24872"}, "mcdowell-county-24873": {"city": "McDowell County", "rent": 870, "zip": "24873"}, "mcdowell-county-24878": {"city": "McDowell County", "rent": 870, "zip": "24878"}, "mcdowell-county-24879": {"city": "McDowell County", "rent": 900, "zip": "24879"}, "mcdowell-county-24881": {"city": "McDowell County", "rent": 870, "zip": "24881"}, "mcdowell-county-24884": {"city": "McDowell County", "rent": 870, "zip": "24884"}, "mcdowell-county-24887": {"city": "McDowell County", "rent": 870, "zip": "24887"}, "mcdowell-county-24888": {"city": "McDowell County", "rent": 870, "zip": "24888"}, "mcdowell-county-24892": {"city": "McDowell County", "rent": 870, "zip": "24892"}, "mcdowell-county-24894": {"city": "McDowell County", "rent": 880, "zip": "24894"}, "mcdowell-county-24895": {"city": "McDowell County", "rent": 870, "zip": "24895"}, "mcdowell-county-25608": {"city": "McDowell County", "rent": 900, "zip": "25608"}, "marion-county-26354": {"city": "Marion County", "rent": 960, "zip": "26354"}, "marion-county-26431": {"city": "Marion County", "rent": 990, "zip": "26431"}, "marion-county-26448": {"city": "Marion County", "rent": 910, "zip": "26448"}, "marion-county-26554": {"city": "Marion County", "rent": 1090, "zip": "26554"}, "marion-county-26555": {"city": "Marion County", "rent": 1010, "zip": "26555"}, "marion-county-26559": {"city": "Marion County", "rent": 950, "zip": "26559"}, "marion-county-26560": {"city": "Marion County", "rent": 910, "zip": "26560"}, "marion-county-26562": {"city": "Marion County", "rent": 970, "zip": "26562"}, "marion-county-26563": {"city": "Marion County", "rent": 910, "zip": "26563"}, "marion-county-26570": {"city": "Marion County", "rent": 960, "zip": "26570"}, "marion-county-26571": {"city": "Marion County", "rent": 930, "zip": "26571"}, "marion-county-26572": {"city": "Marion County", "rent": 1260, "zip": "26572"}, "marion-county-26574": {"city": "Marion County", "rent": 910, "zip": "26574"}, "marion-county-26576": {"city": "Marion County", "rent": 970, "zip": "26576"}, "marion-county-26578": {"city": "Marion County", "rent": 1010, "zip": "26578"}, "marion-county-26582": {"city": "Marion County", "rent": 960, "zip": "26582"}, "marion-county-26585": {"city": "Marion County", "rent": 1000, "zip": "26585"}, "marion-county-26586": {"city": "Marion County", "rent": 1030, "zip": "26586"}, "marion-county-26587": {"city": "Marion County", "rent": 910, "zip": "26587"}, "marion-county-26588": {"city": "Marion County", "rent": 960, "zip": "26588"}, "marion-county-26591": {"city": "Marion County", "rent": 960, "zip": "26591"}, "mason-county-25082": {"city": "Mason County", "rent": 1000, "zip": "25082"}, "mason-county-25106": {"city": "Mason County", "rent": 970, "zip": "25106"}, "mason-county-25123": {"city": "Mason County", "rent": 1270, "zip": "25123"}, "mason-county-25187": {"city": "Mason County", "rent": 1070, "zip": "25187"}, "mason-county-25239": {"city": "Mason County", "rent": 1200, "zip": "25239"}, "mason-county-25241": {"city": "Mason County", "rent": 1090, "zip": "25241"}, "mason-county-25247": {"city": "Mason County", "rent": 870, "zip": "25247"}, "mason-county-25253": {"city": "Mason County", "rent": 1040, "zip": "25253"}, "mason-county-25260": {"city": "Mason County", "rent": 1100, "zip": "25260"}, "mason-county-25264": {"city": "Mason County", "rent": 1180, "zip": "25264"}, "mason-county-25265": {"city": "Mason County", "rent": 940, "zip": "25265"}, "mason-county-25287": {"city": "Mason County", "rent": 980, "zip": "25287"}, "mason-county-25502": {"city": "Mason County", "rent": 870, "zip": "25502"}, "mason-county-25503": {"city": "Mason County", "rent": 970, "zip": "25503"}, "mason-county-25515": {"city": "Mason County", "rent": 970, "zip": "25515"}, "mason-county-25520": {"city": "Mason County", "rent": 1050, "zip": "25520"}, "mason-county-25526": {"city": "Mason County", "rent": 1000, "zip": "25526"}, "mason-county-25541": {"city": "Mason County", "rent": 1000, "zip": "25541"}, "mason-county-25550": {"city": "Mason County", "rent": 870, "zip": "25550"}, "mercer-county-24701": {"city": "Mercer County", "rent": 890, "zip": "24701"}, "mercer-county-24712": {"city": "Mercer County", "rent": 950, "zip": "24712"}, "mercer-county-24714": {"city": "Mercer County", "rent": 900, "zip": "24714"}, "mercer-county-24715": {"city": "Mercer County", "rent": 900, "zip": "24715"}, "mercer-county-24724": {"city": "Mercer County", "rent": 890, "zip": "24724"}, "mercer-county-24729": {"city": "Mercer County", "rent": 900, "zip": "24729"}, "mercer-county-24731": {"city": "Mercer County", "rent": 900, "zip": "24731"}, "mercer-county-24733": {"city": "Mercer County", "rent": 900, "zip": "24733"}, "mercer-county-24736": {"city": "Mercer County", "rent": 890, "zip": "24736"}, "mercer-county-24737": {"city": "Mercer County", "rent": 910, "zip": "24737"}, "mercer-county-24738": {"city": "Mercer County", "rent": 900, "zip": "24738"}, "mercer-county-24739": {"city": "Mercer County", "rent": 950, "zip": "24739"}, "mercer-county-24740": {"city": "Mercer County", "rent": 880, "zip": "24740"}, "mercer-county-24747": {"city": "Mercer County", "rent": 930, "zip": "24747"}, "mercer-county-25820": {"city": "Mercer County", "rent": 900, "zip": "25820"}, "mercer-county-25841": {"city": "Mercer County", "rent": 900, "zip": "25841"}, "mercer-county-25902": {"city": "Mercer County", "rent": 900, "zip": "25902"}, "mercer-county-25922": {"city": "Mercer County", "rent": 880, "zip": "25922"}, "mercer-county-25971": {"city": "Mercer County", "rent": 900, "zip": "25971"}, "mercer-county-25979": {"city": "Mercer County", "rent": 890, "zip": "25979"}, "mineral-county-26710": {"city": "Mineral County", "rent": 1420, "zip": "26710"}, "mineral-county-26717": {"city": "Mineral County", "rent": 940, "zip": "26717"}, "mineral-county-26719": {"city": "Mineral County", "rent": 870, "zip": "26719"}, "mineral-county-26726": {"city": "Mineral County", "rent": 870, "zip": "26726"}, "mineral-county-26731": {"city": "Mineral County", "rent": 870, "zip": "26731"}, "mineral-county-26743": {"city": "Mineral County", "rent": 870, "zip": "26743"}, "mineral-county-26750": {"city": "Mineral County", "rent": 870, "zip": "26750"}, "mineral-county-26753": {"city": "Mineral County", "rent": 1090, "zip": "26753"}, "mineral-county-26757": {"city": "Mineral County", "rent": 1420, "zip": "26757"}, "mineral-county-26763": {"city": "Mineral County", "rent": 1420, "zip": "26763"}, "mineral-county-26767": {"city": "Mineral County", "rent": 1060, "zip": "26767"}, "mineral-county-26852": {"city": "Mineral County", "rent": 1420, "zip": "26852"}, "mingo-county-24846": {"city": "Mingo County", "rent": 900, "zip": "24846"}, "mingo-county-24851": {"city": "Mingo County", "rent": 900, "zip": "24851"}, "mingo-county-25608": {"city": "Mingo County", "rent": 900, "zip": "25608"}, "mingo-county-25621": {"city": "Mingo County", "rent": 880, "zip": "25621"}, "mingo-county-25635": {"city": "Mingo County", "rent": 870, "zip": "25635"}, "mingo-county-25650": {"city": "Mingo County", "rent": 900, "zip": "25650"}, "mingo-county-25651": {"city": "Mingo County", "rent": 900, "zip": "25651"}, "mingo-county-25661": {"city": "Mingo County", "rent": 980, "zip": "25661"}, "mingo-county-25666": {"city": "Mingo County", "rent": 900, "zip": "25666"}, "mingo-county-25667": {"city": "Mingo County", "rent": 980, "zip": "25667"}, "mingo-county-25670": {"city": "Mingo County", "rent": 870, "zip": "25670"}, "mingo-county-25671": {"city": "Mingo County", "rent": 970, "zip": "25671"}, "mingo-county-25672": {"city": "Mingo County", "rent": 900, "zip": "25672"}, "mingo-county-25674": {"city": "Mingo County", "rent": 970, "zip": "25674"}, "mingo-county-25676": {"city": "Mingo County", "rent": 940, "zip": "25676"}, "mingo-county-25678": {"city": "Mingo County", "rent": 870, "zip": "25678"}, "mingo-county-25685": {"city": "Mingo County", "rent": 970, "zip": "25685"}, "mingo-county-25688": {"city": "Mingo County", "rent": 870, "zip": "25688"}, "mingo-county-25690": {"city": "Mingo County", "rent": 870, "zip": "25690"}, "mingo-county-25692": {"city": "Mingo County", "rent": 900, "zip": "25692"}, "mingo-county-25696": {"city": "Mingo County", "rent": 900, "zip": "25696"}, "monroe-county-24910": {"city": "Monroe County", "rent": 870, "zip": "24910"}, "monroe-county-24918": {"city": "Monroe County", "rent": 870, "zip": "24918"}, "monroe-county-24925": {"city": "Monroe County", "rent": 910, "zip": "24925"}, "monroe-county-24941": {"city": "Monroe County", "rent": 900, "zip": "24941"}, "monroe-county-24945": {"city": "Monroe County", "rent": 870, "zip": "24945"}, "monroe-county-24951": {"city": "Monroe County", "rent": 870, "zip": "24951"}, "monroe-county-24963": {"city": "Monroe County", "rent": 870, "zip": "24963"}, "monroe-county-24970": {"city": "Monroe County", "rent": 950, "zip": "24970"}, "monroe-county-24974": {"city": "Monroe County", "rent": 890, "zip": "24974"}, "monroe-county-24976": {"city": "Monroe County", "rent": 900, "zip": "24976"}, "monroe-county-24981": {"city": "Monroe County", "rent": 870, "zip": "24981"}, "monroe-county-24983": {"city": "Monroe County", "rent": 870, "zip": "24983"}, "monroe-county-24984": {"city": "Monroe County", "rent": 900, "zip": "24984"}, "monroe-county-24985": {"city": "Monroe County", "rent": 870, "zip": "24985"}, "monroe-county-24993": {"city": "Monroe County", "rent": 870, "zip": "24993"}, "nicholas-county-25043": {"city": "Nicholas County", "rent": 950, "zip": "25043"}, "nicholas-county-25059": {"city": "Nicholas County", "rent": 950, "zip": "25059"}, "nicholas-county-25063": {"city": "Nicholas County", "rent": 950, "zip": "25063"}, "nicholas-county-25111": {"city": "Nicholas County", "rent": 950, "zip": "25111"}, "nicholas-county-25125": {"city": "Nicholas County", "rent": 950, "zip": "25125"}, "nicholas-county-25981": {"city": "Nicholas County", "rent": 870, "zip": "25981"}, "nicholas-county-26202": {"city": "Nicholas County", "rent": 870, "zip": "26202"}, "nicholas-county-26203": {"city": "Nicholas County", "rent": 880, "zip": "26203"}, "nicholas-county-26205": {"city": "Nicholas County", "rent": 870, "zip": "26205"}, "nicholas-county-26208": {"city": "Nicholas County", "rent": 880, "zip": "26208"}, "nicholas-county-26261": {"city": "Nicholas County", "rent": 870, "zip": "26261"}, "nicholas-county-26601": {"city": "Nicholas County", "rent": 870, "zip": "26601"}, "nicholas-county-26610": {"city": "Nicholas County", "rent": 870, "zip": "26610"}, "nicholas-county-26617": {"city": "Nicholas County", "rent": 950, "zip": "26617"}, "nicholas-county-26651": {"city": "Nicholas County", "rent": 940, "zip": "26651"}, "nicholas-county-26656": {"city": "Nicholas County", "rent": 900, "zip": "26656"}, "nicholas-county-26660": {"city": "Nicholas County", "rent": 940, "zip": "26660"}, "nicholas-county-26662": {"city": "Nicholas County", "rent": 940, "zip": "26662"}, "nicholas-county-26667": {"city": "Nicholas County", "rent": 940, "zip": "26667"}, "nicholas-county-26671": {"city": "Nicholas County", "rent": 930, "zip": "26671"}, "nicholas-county-26676": {"city": "Nicholas County", "rent": 910, "zip": "26676"}, "nicholas-county-26678": {"city": "Nicholas County", "rent": 1040, "zip": "26678"}, "nicholas-county-26679": {"city": "Nicholas County", "rent": 1160, "zip": "26679"}, "nicholas-county-26680": {"city": "Nicholas County", "rent": 940, "zip": "26680"}, "nicholas-county-26681": {"city": "Nicholas County", "rent": 1020, "zip": "26681"}, "nicholas-county-26684": {"city": "Nicholas County", "rent": 870, "zip": "26684"}, "nicholas-county-26690": {"city": "Nicholas County", "rent": 890, "zip": "26690"}, "nicholas-county-26691": {"city": "Nicholas County", "rent": 890, "zip": "26691"}, "pendleton-county-26802": {"city": "Pendleton County", "rent": 870, "zip": "26802"}, "pendleton-county-26804": {"city": "Pendleton County", "rent": 870, "zip": "26804"}, "pendleton-county-26807": {"city": "Pendleton County", "rent": 880, "zip": "26807"}, "pendleton-county-26814": {"city": "Pendleton County", "rent": 870, "zip": "26814"}, "pendleton-county-26815": {"city": "Pendleton County", "rent": 900, "zip": "26815"}, "pendleton-county-26838": {"city": "Pendleton County", "rent": 910, "zip": "26838"}, "pendleton-county-26847": {"city": "Pendleton County", "rent": 870, "zip": "26847"}, "pendleton-county-26855": {"city": "Pendleton County", "rent": 870, "zip": "26855"}, "pendleton-county-26866": {"city": "Pendleton County", "rent": 880, "zip": "26866"}, "pendleton-county-26884": {"city": "Pendleton County", "rent": 870, "zip": "26884"}, "pendleton-county-26886": {"city": "Pendleton County", "rent": 870, "zip": "26886"}, "pleasants-county-26134": {"city": "Pleasants County", "rent": 870, "zip": "26134"}, "pleasants-county-26146": {"city": "Pleasants County", "rent": 880, "zip": "26146"}, "pleasants-county-26170": {"city": "Pleasants County", "rent": 900, "zip": "26170"}, "pleasants-county-26184": {"city": "Pleasants County", "rent": 910, "zip": "26184"}, "pleasants-county-26346": {"city": "Pleasants County", "rent": 900, "zip": "26346"}, "pocahontas-county-24915": {"city": "Pocahontas County", "rent": 870, "zip": "24915"}, "pocahontas-county-24920": {"city": "Pocahontas County", "rent": 870, "zip": "24920"}, "pocahontas-county-24924": {"city": "Pocahontas County", "rent": 870, "zip": "24924"}, "pocahontas-county-24927": {"city": "Pocahontas County", "rent": 870, "zip": "24927"}, "pocahontas-county-24934": {"city": "Pocahontas County", "rent": 880, "zip": "24934"}, "pocahontas-county-24944": {"city": "Pocahontas County", "rent": 870, "zip": "24944"}, "pocahontas-county-24946": {"city": "Pocahontas County", "rent": 870, "zip": "24946"}, "pocahontas-county-24954": {"city": "Pocahontas County", "rent": 870, "zip": "24954"}, "pocahontas-county-24986": {"city": "Pocahontas County", "rent": 880, "zip": "24986"}, "pocahontas-county-26209": {"city": "Pocahontas County", "rent": 1160, "zip": "26209"}, "pocahontas-county-26264": {"city": "Pocahontas County", "rent": 870, "zip": "26264"}, "pocahontas-county-26273": {"city": "Pocahontas County", "rent": 920, "zip": "26273"}, "pocahontas-county-26282": {"city": "Pocahontas County", "rent": 890, "zip": "26282"}, "pocahontas-county-26291": {"city": "Pocahontas County", "rent": 870, "zip": "26291"}, "pocahontas-county-26294": {"city": "Pocahontas County", "rent": 930, "zip": "26294"}, "randolph-county-26224": {"city": "Randolph County", "rent": 930, "zip": "26224"}, "randolph-county-26230": {"city": "Randolph County", "rent": 930, "zip": "26230"}, "randolph-county-26236": {"city": "Randolph County", "rent": 950, "zip": "26236"}, "randolph-county-26241": {"city": "Randolph County", "rent": 910, "zip": "26241"}, "randolph-county-26250": {"city": "Randolph County", "rent": 900, "zip": "26250"}, "randolph-county-26253": {"city": "Randolph County", "rent": 980, "zip": "26253"}, "randolph-county-26254": {"city": "Randolph County", "rent": 930, "zip": "26254"}, "randolph-county-26257": {"city": "Randolph County", "rent": 930, "zip": "26257"}, "randolph-county-26259": {"city": "Randolph County", "rent": 930, "zip": "26259"}, "randolph-county-26263": {"city": "Randolph County", "rent": 870, "zip": "26263"}, "randolph-county-26267": {"city": "Randolph County", "rent": 940, "zip": "26267"}, "randolph-county-26268": {"city": "Randolph County", "rent": 940, "zip": "26268"}, "randolph-county-26270": {"city": "Randolph County", "rent": 930, "zip": "26270"}, "randolph-county-26273": {"city": "Randolph County", "rent": 920, "zip": "26273"}, "randolph-county-26276": {"city": "Randolph County", "rent": 900, "zip": "26276"}, "randolph-county-26278": {"city": "Randolph County", "rent": 930, "zip": "26278"}, "randolph-county-26280": {"city": "Randolph County", "rent": 950, "zip": "26280"}, "randolph-county-26282": {"city": "Randolph County", "rent": 890, "zip": "26282"}, "randolph-county-26283": {"city": "Randolph County", "rent": 890, "zip": "26283"}, "randolph-county-26285": {"city": "Randolph County", "rent": 930, "zip": "26285"}, "randolph-county-26293": {"city": "Randolph County", "rent": 960, "zip": "26293"}, "randolph-county-26294": {"city": "Randolph County", "rent": 930, "zip": "26294"}, "randolph-county-26296": {"city": "Randolph County", "rent": 930, "zip": "26296"}, "ritchie-county-26137": {"city": "Ritchie County", "rent": 870, "zip": "26137"}, "ritchie-county-26138": {"city": "Ritchie County", "rent": 870, "zip": "26138"}, "ritchie-county-26143": {"city": "Ritchie County", "rent": 890, "zip": "26143"}, "ritchie-county-26148": {"city": "Ritchie County", "rent": 870, "zip": "26148"}, "ritchie-county-26161": {"city": "Ritchie County", "rent": 870, "zip": "26161"}, "ritchie-county-26170": {"city": "Ritchie County", "rent": 900, "zip": "26170"}, "ritchie-county-26178": {"city": "Ritchie County", "rent": 870, "zip": "26178"}, "ritchie-county-26180": {"city": "Ritchie County", "rent": 910, "zip": "26180"}, "ritchie-county-26325": {"city": "Ritchie County", "rent": 870, "zip": "26325"}, "ritchie-county-26327": {"city": "Ritchie County", "rent": 870, "zip": "26327"}, "ritchie-county-26337": {"city": "Ritchie County", "rent": 870, "zip": "26337"}, "ritchie-county-26346": {"city": "Ritchie County", "rent": 900, "zip": "26346"}, "ritchie-county-26362": {"city": "Ritchie County", "rent": 870, "zip": "26362"}, "ritchie-county-26415": {"city": "Ritchie County", "rent": 960, "zip": "26415"}, "ritchie-county-26421": {"city": "Ritchie County", "rent": 940, "zip": "26421"}, "ritchie-county-26456": {"city": "Ritchie County", "rent": 950, "zip": "26456"}, "roane-county-25005": {"city": "Roane County", "rent": 940, "zip": "25005"}, "roane-county-25045": {"city": "Roane County", "rent": 1000, "zip": "25045"}, "roane-county-25071": {"city": "Roane County", "rent": 950, "zip": "25071"}, "roane-county-25164": {"city": "Roane County", "rent": 950, "zip": "25164"}, "roane-county-25243": {"city": "Roane County", "rent": 900, "zip": "25243"}, "roane-county-25244": {"city": "Roane County", "rent": 880, "zip": "25244"}, "roane-county-25251": {"city": "Roane County", "rent": 890, "zip": "25251"}, "roane-county-25252": {"city": "Roane County", "rent": 870, "zip": "25252"}, "roane-county-25259": {"city": "Roane County", "rent": 870, "zip": "25259"}, "roane-county-25266": {"city": "Roane County", "rent": 870, "zip": "25266"}, "roane-county-25270": {"city": "Roane County", "rent": 870, "zip": "25270"}, "roane-county-25276": {"city": "Roane County", "rent": 900, "zip": "25276"}, "roane-county-25286": {"city": "Roane County", "rent": 970, "zip": "25286"}, "summers-county-24739": {"city": "Summers County", "rent": 950, "zip": "24739"}, "summers-county-24910": {"city": "Summers County", "rent": 870, "zip": "24910"}, "summers-county-24918": {"city": "Summers County", "rent": 870, "zip": "24918"}, "summers-county-24935": {"city": "Summers County", "rent": 870, "zip": "24935"}, "summers-county-24943": {"city": "Summers County", "rent": 870, "zip": "24943"}, "summers-county-24962": {"city": "Summers County", "rent": 870, "zip": "24962"}, "summers-county-24963": {"city": "Summers County", "rent": 870, "zip": "24963"}, "summers-county-24981": {"city": "Summers County", "rent": 870, "zip": "24981"}, "summers-county-24985": {"city": "Summers County", "rent": 870, "zip": "24985"}, "summers-county-25825": {"city": "Summers County", "rent": 940, "zip": "25825"}, "summers-county-25841": {"city": "Summers County", "rent": 900, "zip": "25841"}, "summers-county-25951": {"city": "Summers County", "rent": 870, "zip": "25951"}, "summers-county-25966": {"city": "Summers County", "rent": 870, "zip": "25966"}, "summers-county-25969": {"city": "Summers County", "rent": 870, "zip": "25969"}, "summers-county-25976": {"city": "Summers County", "rent": 870, "zip": "25976"}, "summers-county-25977": {"city": "Summers County", "rent": 900, "zip": "25977"}, "summers-county-25978": {"city": "Summers County", "rent": 870, "zip": "25978"}, "summers-county-25979": {"city": "Summers County", "rent": 890, "zip": "25979"}, "summers-county-25985": {"city": "Summers County", "rent": 870, "zip": "25985"}, "summers-county-25986": {"city": "Summers County", "rent": 870, "zip": "25986"}, "summers-county-25989": {"city": "Summers County", "rent": 940, "zip": "25989"}, "taylor-county-26330": {"city": "Taylor County", "rent": 1180, "zip": "26330"}, "taylor-county-26347": {"city": "Taylor County", "rent": 1000, "zip": "26347"}, "taylor-county-26354": {"city": "Taylor County", "rent": 960, "zip": "26354"}, "taylor-county-26374": {"city": "Taylor County", "rent": 1110, "zip": "26374"}, "taylor-county-26416": {"city": "Taylor County", "rent": 870, "zip": "26416"}, "taylor-county-26424": {"city": "Taylor County", "rent": 1100, "zip": "26424"}, "taylor-county-26431": {"city": "Taylor County", "rent": 990, "zip": "26431"}, "taylor-county-26435": {"city": "Taylor County", "rent": 1000, "zip": "26435"}, "taylor-county-26440": {"city": "Taylor County", "rent": 1010, "zip": "26440"}, "taylor-county-26554": {"city": "Taylor County", "rent": 1090, "zip": "26554"}, "tucker-county-26254": {"city": "Tucker County", "rent": 930, "zip": "26254"}, "tucker-county-26260": {"city": "Tucker County", "rent": 950, "zip": "26260"}, "tucker-county-26263": {"city": "Tucker County", "rent": 870, "zip": "26263"}, "tucker-county-26269": {"city": "Tucker County", "rent": 890, "zip": "26269"}, "tucker-county-26270": {"city": "Tucker County", "rent": 930, "zip": "26270"}, "tucker-county-26271": {"city": "Tucker County", "rent": 940, "zip": "26271"}, "tucker-county-26276": {"city": "Tucker County", "rent": 900, "zip": "26276"}, "tucker-county-26283": {"city": "Tucker County", "rent": 890, "zip": "26283"}, "tucker-county-26287": {"city": "Tucker County", "rent": 960, "zip": "26287"}, "tucker-county-26289": {"city": "Tucker County", "rent": 870, "zip": "26289"}, "tucker-county-26292": {"city": "Tucker County", "rent": 890, "zip": "26292"}, "tucker-county-26425": {"city": "Tucker County", "rent": 960, "zip": "26425"}, "tucker-county-26716": {"city": "Tucker County", "rent": 960, "zip": "26716"}, "tyler-county-26146": {"city": "Tyler County", "rent": 880, "zip": "26146"}, "tyler-county-26149": {"city": "Tyler County", "rent": 870, "zip": "26149"}, "tyler-county-26155": {"city": "Tyler County", "rent": 970, "zip": "26155"}, "tyler-county-26159": {"city": "Tyler County", "rent": 960, "zip": "26159"}, "tyler-county-26167": {"city": "Tyler County", "rent": 940, "zip": "26167"}, "tyler-county-26170": {"city": "Tyler County", "rent": 900, "zip": "26170"}, "tyler-county-26175": {"city": "Tyler County", "rent": 870, "zip": "26175"}, "tyler-county-26320": {"city": "Tyler County", "rent": 910, "zip": "26320"}, "tyler-county-26377": {"city": "Tyler County", "rent": 920, "zip": "26377"}, "tyler-county-26415": {"city": "Tyler County", "rent": 960, "zip": "26415"}, "tyler-county-26456": {"city": "Tyler County", "rent": 950, "zip": "26456"}, "upshur-county-26201": {"city": "Upshur County", "rent": 940, "zip": "26201"}, "upshur-county-26210": {"city": "Upshur County", "rent": 940, "zip": "26210"}, "upshur-county-26215": {"city": "Upshur County", "rent": 870, "zip": "26215"}, "upshur-county-26218": {"city": "Upshur County", "rent": 960, "zip": "26218"}, "upshur-county-26224": {"city": "Upshur County", "rent": 930, "zip": "26224"}, "upshur-county-26228": {"city": "Upshur County", "rent": 960, "zip": "26228"}, "upshur-county-26234": {"city": "Upshur County", "rent": 960, "zip": "26234"}, "upshur-county-26236": {"city": "Upshur County", "rent": 950, "zip": "26236"}, "upshur-county-26237": {"city": "Upshur County", "rent": 960, "zip": "26237"}, "upshur-county-26238": {"city": "Upshur County", "rent": 920, "zip": "26238"}, "upshur-county-26267": {"city": "Upshur County", "rent": 940, "zip": "26267"}, "upshur-county-26343": {"city": "Upshur County", "rent": 920, "zip": "26343"}, "upshur-county-26372": {"city": "Upshur County", "rent": 900, "zip": "26372"}, "upshur-county-26385": {"city": "Upshur County", "rent": 1080, "zip": "26385"}, "webster-county-26203": {"city": "Webster County", "rent": 880, "zip": "26203"}, "webster-county-26206": {"city": "Webster County", "rent": 890, "zip": "26206"}, "webster-county-26208": {"city": "Webster County", "rent": 880, "zip": "26208"}, "webster-county-26215": {"city": "Webster County", "rent": 870, "zip": "26215"}, "webster-county-26217": {"city": "Webster County", "rent": 870, "zip": "26217"}, "webster-county-26222": {"city": "Webster County", "rent": 870, "zip": "26222"}, "webster-county-26266": {"city": "Webster County", "rent": 880, "zip": "26266"}, "webster-county-26288": {"city": "Webster County", "rent": 870, "zip": "26288"}, "webster-county-26298": {"city": "Webster County", "rent": 870, "zip": "26298"}, "webster-county-26610": {"city": "Webster County", "rent": 870, "zip": "26610"}, "webster-county-26691": {"city": "Webster County", "rent": 890, "zip": "26691"}, "wetzel-county-26055": {"city": "Wetzel County", "rent": 980, "zip": "26055"}, "wetzel-county-26155": {"city": "Wetzel County", "rent": 970, "zip": "26155"}, "wetzel-county-26159": {"city": "Wetzel County", "rent": 960, "zip": "26159"}, "wetzel-county-26162": {"city": "Wetzel County", "rent": 970, "zip": "26162"}, "wetzel-county-26167": {"city": "Wetzel County", "rent": 940, "zip": "26167"}, "wetzel-county-26348": {"city": "Wetzel County", "rent": 940, "zip": "26348"}, "wetzel-county-26377": {"city": "Wetzel County", "rent": 920, "zip": "26377"}, "wetzel-county-26419": {"city": "Wetzel County", "rent": 940, "zip": "26419"}, "wetzel-county-26437": {"city": "Wetzel County", "rent": 940, "zip": "26437"}, "wetzel-county-26561": {"city": "Wetzel County", "rent": 940, "zip": "26561"}, "wetzel-county-26562": {"city": "Wetzel County", "rent": 970, "zip": "26562"}, "wetzel-county-26575": {"city": "Wetzel County", "rent": 960, "zip": "26575"}, "wetzel-county-26581": {"city": "Wetzel County", "rent": 940, "zip": "26581"}, "wetzel-county-26582": {"city": "Wetzel County", "rent": 960, "zip": "26582"}, "wetzel-county-26585": {"city": "Wetzel County", "rent": 1000, "zip": "26585"}, "wyoming-county-24716": {"city": "Wyoming County", "rent": 870, "zip": "24716"}, "wyoming-county-24719": {"city": "Wyoming County", "rent": 870, "zip": "24719"}, "wyoming-county-24726": {"city": "Wyoming County", "rent": 870, "zip": "24726"}, "wyoming-county-24736": {"city": "Wyoming County", "rent": 890, "zip": "24736"}, "wyoming-county-24801": {"city": "Wyoming County", "rent": 1010, "zip": "24801"}, "wyoming-county-24818": {"city": "Wyoming County", "rent": 870, "zip": "24818"}, "wyoming-county-24822": {"city": "Wyoming County", "rent": 870, "zip": "24822"}, "wyoming-county-24823": {"city": "Wyoming County", "rent": 870, "zip": "24823"}, "wyoming-county-24827": {"city": "Wyoming County", "rent": 870, "zip": "24827"}, "wyoming-county-24828": {"city": "Wyoming County", "rent": 870, "zip": "24828"}, "wyoming-county-24834": {"city": "Wyoming County", "rent": 870, "zip": "24834"}, "wyoming-county-24839": {"city": "Wyoming County", "rent": 870, "zip": "24839"}, "wyoming-county-24844": {"city": "Wyoming County", "rent": 870, "zip": "24844"}, "wyoming-county-24845": {"city": "Wyoming County", "rent": 870, "zip": "24845"}, "wyoming-county-24847": {"city": "Wyoming County", "rent": 870, "zip": "24847"}, "wyoming-county-24849": {"city": "Wyoming County", "rent": 870, "zip": "24849"}, "wyoming-county-24854": {"city": "Wyoming County", "rent": 870, "zip": "24854"}, "wyoming-county-24857": {"city": "Wyoming County", "rent": 870, "zip": "24857"}, "wyoming-county-24860": {"city": "Wyoming County", "rent": 870, "zip": "24860"}, "wyoming-county-24867": {"city": "Wyoming County", "rent": 870, "zip": "24867"}, "wyoming-county-24868": {"city": "Wyoming County", "rent": 900, "zip": "24868"}, "wyoming-county-24869": {"city": "Wyoming County", "rent": 870, "zip": "24869"}, "wyoming-county-24870": {"city": "Wyoming County", "rent": 870, "zip": "24870"}, "wyoming-county-24874": {"city": "Wyoming County", "rent": 870, "zip": "24874"}, "wyoming-county-24880": {"city": "Wyoming County", "rent": 870, "zip": "24880"}, "wyoming-county-24882": {"city": "Wyoming County", "rent": 870, "zip": "24882"}, "wyoming-county-24898": {"city": "Wyoming County", "rent": 870, "zip": "24898"}, "wyoming-county-25617": {"city": "Wyoming County", "rent": 870, "zip": "25617"}, "wyoming-county-25810": {"city": "Wyoming County", "rent": 870, "zip": "25810"}, "wyoming-county-25811": {"city": "Wyoming County", "rent": 870, "zip": "25811"}, "wyoming-county-25826": {"city": "Wyoming County", "rent": 870, "zip": "25826"}, "wyoming-county-25845": {"city": "Wyoming County", "rent": 870, "zip": "25845"}, "wyoming-county-25848": {"city": "Wyoming County", "rent": 870, "zip": "25848"}, "wyoming-county-25870": {"city": "Wyoming County", "rent": 870, "zip": "25870"}, "wyoming-county-25875": {"city": "Wyoming County", "rent": 870, "zip": "25875"}, "wyoming-county-25876": {"city": "Wyoming County", "rent": 870, "zip": "25876"}, "wyoming-county-25882": {"city": "Wyoming County", "rent": 990, "zip": "25882"}, "wyoming-county-25913": {"city": "Wyoming County", "rent": 870, "zip": "25913"}, "wyoming-county-25916": {"city": "Wyoming County", "rent": 870, "zip": "25916"}, "wyoming-county-25928": {"city": "Wyoming County", "rent": 870, "zip": "25928"}, "wyoming-county-25943": {"city": "Wyoming County", "rent": 870, "zip": "25943"}}