{"appleton-53014": {"city": "Appleton", "rent": 1000, "zip": "53014"}, "appleton-53020": {"city": "Appleton", "rent": 1360, "zip": "53020"}, "appleton-53042": {"city": "Appleton", "rent": 1070, "zip": "53042"}, "appleton-53049": {"city": "Appleton", "rent": 1160, "zip": "53049"}, "appleton-53061": {"city": "Appleton", "rent": 1000, "zip": "53061"}, "appleton-53079": {"city": "Appleton", "rent": 1220, "zip": "53079"}, "appleton-53088": {"city": "Appleton", "rent": 1000, "zip": "53088"}, "appleton-54106": {"city": "Appleton", "rent": 1010, "zip": "54106"}, "appleton-54107": {"city": "Appleton", "rent": 1000, "zip": "54107"}, "appleton-54110": {"city": "Appleton", "rent": 1040, "zip": "54110"}, "appleton-54113": {"city": "Appleton", "rent": 1320, "zip": "54113"}, "appleton-54115": {"city": "Appleton", "rent": 1250, "zip": "54115"}, "appleton-54123": {"city": "Appleton", "rent": 1080, "zip": "54123"}, "appleton-54129": {"city": "Appleton", "rent": 1240, "zip": "54129"}, "appleton-54130": {"city": "Appleton", "rent": 1230, "zip": "54130"}, "appleton-54136": {"city": "Appleton", "rent": 1120, "zip": "54136"}, "appleton-54140": {"city": "Appleton", "rent": 1240, "zip": "54140"}, "appleton-54152": {"city": "Appleton", "rent": 1110, "zip": "54152"}, "appleton-54155": {"city": "Appleton", "rent": 1330, "zip": "54155"}, "appleton-54160": {"city": "Appleton", "rent": 1030, "zip": "54160"}, "appleton-54165": {"city": "Appleton", "rent": 1130, "zip": "54165"}, "appleton-54169": {"city": "Appleton", "rent": 1360, "zip": "54169"}, "appleton-54170": {"city": "Appleton", "rent": 1010, "zip": "54170"}, "appleton-54180": {"city": "Appleton", "rent": 1540, "zip": "54180"}, "appleton-54313": {"city": "Appleton", "rent": 1270, "zip": "54313"}, "appleton-54911": {"city": "Appleton", "rent": 1210, "zip": "54911"}, "appleton-54912": {"city": "Appleton", "rent": 1230, "zip": "54912"}, "appleton-54913": {"city": "Appleton", "rent": 1460, "zip": "54913"}, "appleton-54914": {"city": "Appleton", "rent": 1170, "zip": "54914"}, "appleton-54915": {"city": "Appleton", "rent": 1180, "zip": "54915"}, "appleton-54922": {"city": "Appleton", "rent": 1460, "zip": "54922"}, "appleton-54929": {"city": "Appleton", "rent": 1000, "zip": "54929"}, "appleton-54931": {"city": "Appleton", "rent": 1050, "zip": "54931"}, "appleton-54940": {"city": "Appleton", "rent": 1110, "zip": "54940"}, "appleton-54942": {"city": "Appleton", "rent": 1370, "zip": "54942"}, "appleton-54944": {"city": "Appleton", "rent": 1030, "zip": "54944"}, "appleton-54947": {"city": "Appleton", "rent": 1340, "zip": "54947"}, "appleton-54952": {"city": "Appleton", "rent": 1150, "zip": "54952"}, "appleton-54956": {"city": "Appleton", "rent": 1310, "zip": "54956"}, "appleton-54961": {"city": "Appleton", "rent": 1030, "zip": "54961"}, "eau-claire-54433": {"city": "Eau Claire", "rent": 990, "zip": "54433"}, "eau-claire-54701": {"city": "Eau Claire", "rent": 1200, "zip": "54701"}, "eau-claire-54702": {"city": "Eau Claire", "rent": 1180, "zip": "54702"}, "eau-claire-54703": {"city": "Eau Claire", "rent": 1210, "zip": "54703"}, "eau-claire-54720": {"city": "Eau Claire", "rent": 1280, "zip": "54720"}, "eau-claire-54722": {"city": "Eau Claire", "rent": 1000, "zip": "54722"}, "eau-claire-54724": {"city": "Eau Claire", "rent": 1010, "zip": "54724"}, "eau-claire-54726": {"city": "Eau Claire", "rent": 990, "zip": "54726"}, "eau-claire-54727": {"city": "Eau Claire", "rent": 990, "zip": "54727"}, "eau-claire-54729": {"city": "Eau Claire", "rent": 1230, "zip": "54729"}, "eau-claire-54730": {"city": "Eau Claire", "rent": 990, "zip": "54730"}, "eau-claire-54732": {"city": "Eau Claire", "rent": 1040, "zip": "54732"}, "eau-claire-54738": {"city": "Eau Claire", "rent": 990, "zip": "54738"}, "eau-claire-54739": {"city": "Eau Claire", "rent": 1150, "zip": "54739"}, "eau-claire-54741": {"city": "Eau Claire", "rent": 990, "zip": "54741"}, "eau-claire-54742": {"city": "Eau Claire", "rent": 1370, "zip": "54742"}, "eau-claire-54745": {"city": "Eau Claire", "rent": 1110, "zip": "54745"}, "eau-claire-54748": {"city": "Eau Claire", "rent": 1180, "zip": "54748"}, "eau-claire-54755": {"city": "Eau Claire", "rent": 990, "zip": "54755"}, "eau-claire-54757": {"city": "Eau Claire", "rent": 990, "zip": "54757"}, "eau-claire-54758": {"city": "Eau Claire", "rent": 990, "zip": "54758"}, "eau-claire-54766": {"city": "Eau Claire", "rent": 1020, "zip": "54766"}, "eau-claire-54768": {"city": "Eau Claire", "rent": 1040, "zip": "54768"}, "eau-claire-54770": {"city": "Eau Claire", "rent": 990, "zip": "54770"}, "fond-du-lac-53006": {"city": "Fond du Lac", "rent": 1190, "zip": "53006"}, "fond-du-lac-53010": {"city": "Fond du Lac", "rent": 1200, "zip": "53010"}, "fond-du-lac-53011": {"city": "Fond du Lac", "rent": 1150, "zip": "53011"}, "fond-du-lac-53014": {"city": "Fond du Lac", "rent": 1000, "zip": "53014"}, "fond-du-lac-53019": {"city": "Fond du Lac", "rent": 1240, "zip": "53019"}, "fond-du-lac-53023": {"city": "Fond du Lac", "rent": 1020, "zip": "53023"}, "fond-du-lac-53040": {"city": "Fond du Lac", "rent": 1180, "zip": "53040"}, "fond-du-lac-53048": {"city": "Fond du Lac", "rent": 1200, "zip": "53048"}, "fond-du-lac-53049": {"city": "Fond du Lac", "rent": 1160, "zip": "53049"}, "fond-du-lac-53057": {"city": "Fond du Lac", "rent": 970, "zip": "53057"}, "fond-du-lac-53061": {"city": "Fond du Lac", "rent": 1000, "zip": "53061"}, "fond-du-lac-53065": {"city": "Fond du Lac", "rent": 1150, "zip": "53065"}, "fond-du-lac-53079": {"city": "Fond du Lac", "rent": 1220, "zip": "53079"}, "fond-du-lac-53919": {"city": "Fond du Lac", "rent": 1020, "zip": "53919"}, "fond-du-lac-53931": {"city": "Fond du Lac", "rent": 1300, "zip": "53931"}, "fond-du-lac-53946": {"city": "Fond du Lac", "rent": 980, "zip": "53946"}, "fond-du-lac-53963": {"city": "Fond du Lac", "rent": 970, "zip": "53963"}, "fond-du-lac-54904": {"city": "Fond du Lac", "rent": 1140, "zip": "54904"}, "fond-du-lac-54932": {"city": "Fond du Lac", "rent": 1050, "zip": "54932"}, "fond-du-lac-54935": {"city": "Fond du Lac", "rent": 1140, "zip": "54935"}, "fond-du-lac-54936": {"city": "Fond du Lac", "rent": 1180, "zip": "54936"}, "fond-du-lac-54937": {"city": "Fond du Lac", "rent": 1330, "zip": "54937"}, "fond-du-lac-54964": {"city": "Fond du Lac", "rent": 1220, "zip": "54964"}, "fond-du-lac-54971": {"city": "Fond du Lac", "rent": 970, "zip": "54971"}, "fond-du-lac-54974": {"city": "Fond du Lac", "rent": 1090, "zip": "54974"}, "fond-du-lac-54979": {"city": "Fond du Lac", "rent": 1160, "zip": "54979"}, "green-bay-54110": {"city": "Green Bay", "rent": 1040, "zip": "54110"}, "green-bay-54115": {"city": "Green Bay", "rent": 1250, "zip": "54115"}, "green-bay-54126": {"city": "Green Bay", "rent": 1070, "zip": "54126"}, "green-bay-54130": {"city": "Green Bay", "rent": 1230, "zip": "54130"}, "green-bay-54141": {"city": "Green Bay", "rent": 1160, "zip": "54141"}, "green-bay-54155": {"city": "Green Bay", "rent": 1330, "zip": "54155"}, "green-bay-54162": {"city": "Green Bay", "rent": 1040, "zip": "54162"}, "green-bay-54165": {"city": "Green Bay", "rent": 1130, "zip": "54165"}, "green-bay-54173": {"city": "Green Bay", "rent": 1570, "zip": "54173"}, "green-bay-54180": {"city": "Green Bay", "rent": 1540, "zip": "54180"}, "green-bay-54201": {"city": "Green Bay", "rent": 1040, "zip": "54201"}, "green-bay-54205": {"city": "Green Bay", "rent": 1060, "zip": "54205"}, "green-bay-54208": {"city": "Green Bay", "rent": 1040, "zip": "54208"}, "green-bay-54213": {"city": "Green Bay", "rent": 1090, "zip": "54213"}, "green-bay-54216": {"city": "Green Bay", "rent": 1040, "zip": "54216"}, "green-bay-54217": {"city": "Green Bay", "rent": 1130, "zip": "54217"}, "green-bay-54227": {"city": "Green Bay", "rent": 1040, "zip": "54227"}, "green-bay-54229": {"city": "Green Bay", "rent": 1370, "zip": "54229"}, "green-bay-54230": {"city": "Green Bay", "rent": 1040, "zip": "54230"}, "green-bay-54241": {"city": "Green Bay", "rent": 1040, "zip": "54241"}, "green-bay-54301": {"city": "Green Bay", "rent": 1150, "zip": "54301"}, "green-bay-54302": {"city": "Green Bay", "rent": 1040, "zip": "54302"}, "green-bay-54303": {"city": "Green Bay", "rent": 1070, "zip": "54303"}, "green-bay-54304": {"city": "Green Bay", "rent": 1160, "zip": "54304"}, "green-bay-54305": {"city": "Green Bay", "rent": 1170, "zip": "54305"}, "green-bay-54307": {"city": "Green Bay", "rent": 1150, "zip": "54307"}, "green-bay-54308": {"city": "Green Bay", "rent": 1170, "zip": "54308"}, "green-bay-54311": {"city": "Green Bay", "rent": 1270, "zip": "54311"}, "green-bay-54313": {"city": "Green Bay", "rent": 1270, "zip": "54313"}, "green-bay-54324": {"city": "Green Bay", "rent": 1170, "zip": "54324"}, "oconto-county-54101": {"city": "Oconto County", "rent": 1150, "zip": "54101"}, "oconto-county-54104": {"city": "Oconto County", "rent": 1000, "zip": "54104"}, "oconto-county-54111": {"city": "Oconto County", "rent": 1120, "zip": "54111"}, "oconto-county-54112": {"city": "Oconto County", "rent": 970, "zip": "54112"}, "oconto-county-54114": {"city": "Oconto County", "rent": 970, "zip": "54114"}, "oconto-county-54124": {"city": "Oconto County", "rent": 970, "zip": "54124"}, "oconto-county-54137": {"city": "Oconto County", "rent": 1020, "zip": "54137"}, "oconto-county-54138": {"city": "Oconto County", "rent": 1130, "zip": "54138"}, "oconto-county-54139": {"city": "Oconto County", "rent": 970, "zip": "54139"}, "oconto-county-54141": {"city": "Oconto County", "rent": 1160, "zip": "54141"}, "oconto-county-54149": {"city": "Oconto County", "rent": 1020, "zip": "54149"}, "oconto-county-54153": {"city": "Oconto County", "rent": 980, "zip": "54153"}, "oconto-county-54154": {"city": "Oconto County", "rent": 970, "zip": "54154"}, "oconto-county-54157": {"city": "Oconto County", "rent": 970, "zip": "54157"}, "oconto-county-54161": {"city": "Oconto County", "rent": 970, "zip": "54161"}, "oconto-county-54162": {"city": "Oconto County", "rent": 1040, "zip": "54162"}, "oconto-county-54171": {"city": "Oconto County", "rent": 1120, "zip": "54171"}, "oconto-county-54174": {"city": "Oconto County", "rent": 980, "zip": "54174"}, "oconto-county-54175": {"city": "Oconto County", "rent": 1090, "zip": "54175"}, "oconto-county-54313": {"city": "Oconto County", "rent": 1270, "zip": "54313"}, "oconto-county-54491": {"city": "Oconto County", "rent": 970, "zip": "54491"}, "janesville-beloit-53114": {"city": "Janesville-Beloit", "rent": 1070, "zip": "53114"}, "janesville-beloit-53190": {"city": "Janesville-Beloit", "rent": 1090, "zip": "53190"}, "janesville-beloit-53501": {"city": "Janesville-Beloit", "rent": 1250, "zip": "53501"}, "janesville-beloit-53502": {"city": "Janesville-Beloit", "rent": 1140, "zip": "53502"}, "janesville-beloit-53505": {"city": "Janesville-Beloit", "rent": 1870, "zip": "53505"}, "janesville-beloit-53511": {"city": "Janesville-Beloit", "rent": 1220, "zip": "53511"}, "janesville-beloit-53512": {"city": "Janesville-Beloit", "rent": 1250, "zip": "53512"}, "janesville-beloit-53520": {"city": "Janesville-Beloit", "rent": 1040, "zip": "53520"}, "janesville-beloit-53521": {"city": "Janesville-Beloit", "rent": 1510, "zip": "53521"}, "janesville-beloit-53525": {"city": "Janesville-Beloit", "rent": 1280, "zip": "53525"}, "janesville-beloit-53534": {"city": "Janesville-Beloit", "rent": 1360, "zip": "53534"}, "janesville-beloit-53536": {"city": "Janesville-Beloit", "rent": 1210, "zip": "53536"}, "janesville-beloit-53537": {"city": "Janesville-Beloit", "rent": 1050, "zip": "53537"}, "janesville-beloit-53538": {"city": "Janesville-Beloit", "rent": 1160, "zip": "53538"}, "janesville-beloit-53545": {"city": "Janesville-Beloit", "rent": 1260, "zip": "53545"}, "janesville-beloit-53546": {"city": "Janesville-Beloit", "rent": 1270, "zip": "53546"}, "janesville-beloit-53547": {"city": "Janesville-Beloit", "rent": 1250, "zip": "53547"}, "janesville-beloit-53548": {"city": "Janesville-Beloit", "rent": 1250, "zip": "53548"}, "janesville-beloit-53563": {"city": "Janesville-Beloit", "rent": 1210, "zip": "53563"}, "janesville-beloit-53576": {"city": "Janesville-Beloit", "rent": 1410, "zip": "53576"}, "janesville-beloit-53585": {"city": "Janesville-Beloit", "rent": 1130, "zip": "53585"}, "janesville-beloit-53589": {"city": "Janesville-Beloit", "rent": 1470, "zip": "53589"}, "kenosha-53101": {"city": "Kenosha", "rent": 1400, "zip": "53101"}, "kenosha-53104": {"city": "Kenosha", "rent": 1630, "zip": "53104"}, "kenosha-53105": {"city": "Kenosha", "rent": 1310, "zip": "53105"}, "kenosha-53109": {"city": "Kenosha", "rent": 1400, "zip": "53109"}, "kenosha-53128": {"city": "Kenosha", "rent": 1370, "zip": "53128"}, "kenosha-53139": {"city": "Kenosha", "rent": 1610, "zip": "53139"}, "kenosha-53140": {"city": "Kenosha", "rent": 1310, "zip": "53140"}, "kenosha-53141": {"city": "Kenosha", "rent": 1400, "zip": "53141"}, "kenosha-53142": {"city": "Kenosha", "rent": 1580, "zip": "53142"}, "kenosha-53143": {"city": "Kenosha", "rent": 1430, "zip": "53143"}, "kenosha-53144": {"city": "Kenosha", "rent": 1360, "zip": "53144"}, "kenosha-53152": {"city": "Kenosha", "rent": 1400, "zip": "53152"}, "kenosha-53158": {"city": "Kenosha", "rent": 1730, "zip": "53158"}, "kenosha-53159": {"city": "Kenosha", "rent": 1400, "zip": "53159"}, "kenosha-53168": {"city": "Kenosha", "rent": 1510, "zip": "53168"}, "kenosha-53170": {"city": "Kenosha", "rent": 1310, "zip": "53170"}, "kenosha-53171": {"city": "Kenosha", "rent": 1400, "zip": "53171"}, "kenosha-53177": {"city": "Kenosha", "rent": 1540, "zip": "53177"}, "kenosha-53179": {"city": "Kenosha", "rent": 1310, "zip": "53179"}, "kenosha-53181": {"city": "Kenosha", "rent": 1320, "zip": "53181"}, "kenosha-53182": {"city": "Kenosha", "rent": 1310, "zip": "53182"}, "kenosha-53192": {"city": "Kenosha", "rent": 1320, "zip": "53192"}, "kenosha-53194": {"city": "Kenosha", "rent": 1400, "zip": "53194"}, "kenosha-53403": {"city": "Kenosha", "rent": 1310, "zip": "53403"}, "la-crosse-onalaska-54601": {"city": "La Crosse-Onalaska", "rent": 1180, "zip": "54601"}, "la-crosse-onalaska-54602": {"city": "La Crosse-Onalaska", "rent": 1180, "zip": "54602"}, "la-crosse-onalaska-54603": {"city": "La Crosse-Onalaska", "rent": 1080, "zip": "54603"}, "la-crosse-onalaska-54614": {"city": "La Crosse-Onalaska", "rent": 1080, "zip": "54614"}, "la-crosse-onalaska-54619": {"city": "La Crosse-Onalaska", "rent": 1080, "zip": "54619"}, "la-crosse-onalaska-54623": {"city": "La Crosse-Onalaska", "rent": 1130, "zip": "54623"}, "la-crosse-onalaska-54636": {"city": "La Crosse-Onalaska", "rent": 1280, "zip": "54636"}, "la-crosse-onalaska-54642": {"city": "La Crosse-Onalaska", "rent": 1210, "zip": "54642"}, "la-crosse-onalaska-54644": {"city": "La Crosse-Onalaska", "rent": 1180, "zip": "54644"}, "la-crosse-onalaska-54650": {"city": "La Crosse-Onalaska", "rent": 1290, "zip": "54650"}, "la-crosse-onalaska-54653": {"city": "La Crosse-Onalaska", "rent": 1220, "zip": "54653"}, "la-crosse-onalaska-54656": {"city": "La Crosse-Onalaska", "rent": 1080, "zip": "54656"}, "la-crosse-onalaska-54658": {"city": "La Crosse-Onalaska", "rent": 1220, "zip": "54658"}, "la-crosse-onalaska-54661": {"city": "La Crosse-Onalaska", "rent": 1180, "zip": "54661"}, "la-crosse-onalaska-54667": {"city": "La Crosse-Onalaska", "rent": 1080, "zip": "54667"}, "la-crosse-onalaska-54669": {"city": "La Crosse-Onalaska", "rent": 1310, "zip": "54669"}, "la-crosse-onalaska-55919": {"city": "La Crosse-Onalaska", "rent": 1080, "zip": "55919"}, "la-crosse-onalaska-55921": {"city": "La Crosse-Onalaska", "rent": 1080, "zip": "55921"}, "la-crosse-onalaska-55931": {"city": "La Crosse-Onalaska", "rent": 1080, "zip": "55931"}, "la-crosse-onalaska-55941": {"city": "La Crosse-Onalaska", "rent": 1080, "zip": "55941"}, "la-crosse-onalaska-55943": {"city": "La Crosse-Onalaska", "rent": 1080, "zip": "55943"}, "la-crosse-onalaska-55947": {"city": "La Crosse-Onalaska", "rent": 1140, "zip": "55947"}, "la-crosse-onalaska-55954": {"city": "La Crosse-Onalaska", "rent": 1080, "zip": "55954"}, "la-crosse-onalaska-55971": {"city": "La Crosse-Onalaska", "rent": 1110, "zip": "55971"}, "la-crosse-onalaska-55974": {"city": "La Crosse-Onalaska", "rent": 1110, "zip": "55974"}, "vernon-county-53929": {"city": "Vernon County", "rent": 990, "zip": "53929"}, "vernon-county-53968": {"city": "Vernon County", "rent": 1050, "zip": "53968"}, "vernon-county-54619": {"city": "Vernon County", "rent": 1080, "zip": "54619"}, "vernon-county-54621": {"city": "Vernon County", "rent": 970, "zip": "54621"}, "vernon-county-54623": {"city": "Vernon County", "rent": 1130, "zip": "54623"}, "vernon-county-54624": {"city": "Vernon County", "rent": 970, "zip": "54624"}, "vernon-county-54628": {"city": "Vernon County", "rent": 970, "zip": "54628"}, "vernon-county-54632": {"city": "Vernon County", "rent": 970, "zip": "54632"}, "vernon-county-54634": {"city": "Vernon County", "rent": 970, "zip": "54634"}, "vernon-county-54638": {"city": "Vernon County", "rent": 970, "zip": "54638"}, "vernon-county-54639": {"city": "Vernon County", "rent": 970, "zip": "54639"}, "vernon-county-54651": {"city": "Vernon County", "rent": 1090, "zip": "54651"}, "vernon-county-54652": {"city": "Vernon County", "rent": 980, "zip": "54652"}, "vernon-county-54655": {"city": "Vernon County", "rent": 970, "zip": "54655"}, "vernon-county-54658": {"city": "Vernon County", "rent": 1220, "zip": "54658"}, "vernon-county-54664": {"city": "Vernon County", "rent": 1120, "zip": "54664"}, "vernon-county-54665": {"city": "Vernon County", "rent": 1010, "zip": "54665"}, "vernon-county-54667": {"city": "Vernon County", "rent": 1080, "zip": "54667"}, "madison-53507": {"city": "Madison", "rent": 1560, "zip": "53507"}, "madison-53508": {"city": "Madison", "rent": 1330, "zip": "53508"}, "madison-53515": {"city": "Madison", "rent": 1330, "zip": "53515"}, "madison-53516": {"city": "Madison", "rent": 1330, "zip": "53516"}, "madison-53517": {"city": "Madison", "rent": 1430, "zip": "53517"}, "madison-53521": {"city": "Madison", "rent": 1510, "zip": "53521"}, "madison-53523": {"city": "Madison", "rent": 1330, "zip": "53523"}, "madison-53527": {"city": "Madison", "rent": 1950, "zip": "53527"}, "madison-53528": {"city": "Madison", "rent": 1610, "zip": "53528"}, "madison-53529": {"city": "Madison", "rent": 1500, "zip": "53529"}, "madison-53531": {"city": "Madison", "rent": 1330, "zip": "53531"}, "madison-53532": {"city": "Madison", "rent": 1710, "zip": "53532"}, "madison-53534": {"city": "Madison", "rent": 1360, "zip": "53534"}, "madison-53544": {"city": "Madison", "rent": 1330, "zip": "53544"}, "madison-53555": {"city": "Madison", "rent": 1520, "zip": "53555"}, "madison-53558": {"city": "Madison", "rent": 1860, "zip": "53558"}, "madison-53559": {"city": "Madison", "rent": 1330, "zip": "53559"}, "madison-53560": {"city": "Madison", "rent": 1350, "zip": "53560"}, "madison-53562": {"city": "Madison", "rent": 1730, "zip": "53562"}, "madison-53571": {"city": "Madison", "rent": 1630, "zip": "53571"}, "madison-53572": {"city": "Madison", "rent": 1590, "zip": "53572"}, "madison-53574": {"city": "Madison", "rent": 1330, "zip": "53574"}, "madison-53575": {"city": "Madison", "rent": 1500, "zip": "53575"}, "madison-53583": {"city": "Madison", "rent": 1330, "zip": "53583"}, "madison-53589": {"city": "Madison", "rent": 1470, "zip": "53589"}, "madison-53590": {"city": "Madison", "rent": 1710, "zip": "53590"}, "madison-53593": {"city": "Madison", "rent": 1910, "zip": "53593"}, "madison-53594": {"city": "Madison", "rent": 1330, "zip": "53594"}, "madison-53597": {"city": "Madison", "rent": 1670, "zip": "53597"}, "madison-53598": {"city": "Madison", "rent": 1870, "zip": "53598"}, "madison-53701": {"city": "Madison", "rent": 1690, "zip": "53701"}, "madison-53703": {"city": "Madison", "rent": 2020, "zip": "53703"}, "madison-53704": {"city": "Madison", "rent": 1610, "zip": "53704"}, "madison-53705": {"city": "Madison", "rent": 1720, "zip": "53705"}, "madison-53706": {"city": "Madison", "rent": 1940, "zip": "53706"}, "madison-53707": {"city": "Madison", "rent": 1690, "zip": "53707"}, "madison-53708": {"city": "Madison", "rent": 1690, "zip": "53708"}, "madison-53711": {"city": "Madison", "rent": 1620, "zip": "53711"}, "madison-53713": {"city": "Madison", "rent": 1500, "zip": "53713"}, "madison-53714": {"city": "Madison", "rent": 1550, "zip": "53714"}, "madison-53715": {"city": "Madison", "rent": 2100, "zip": "53715"}, "madison-53716": {"city": "Madison", "rent": 1640, "zip": "53716"}, "madison-53717": {"city": "Madison", "rent": 1780, "zip": "53717"}, "madison-53718": {"city": "Madison", "rent": 1990, "zip": "53718"}, "madison-53719": {"city": "Madison", "rent": 1890, "zip": "53719"}, "madison-53725": {"city": "Madison", "rent": 1690, "zip": "53725"}, "madison-53726": {"city": "Madison", "rent": 1880, "zip": "53726"}, "madison-53744": {"city": "Madison", "rent": 1690, "zip": "53744"}, "madison-53792": {"city": "Madison", "rent": 1690, "zip": "53792"}, "madison-53911": {"city": "Madison", "rent": 1540, "zip": "53911"}, "madison-53925": {"city": "Madison", "rent": 1330, "zip": "53925"}, "madison-53960": {"city": "Madison", "rent": 1330, "zip": "53960"}, "columbia-county-53532": {"city": "Columbia County", "rent": 1710, "zip": "53532"}, "columbia-county-53555": {"city": "Columbia County", "rent": 1520, "zip": "53555"}, "columbia-county-53561": {"city": "Columbia County", "rent": 1190, "zip": "53561"}, "columbia-county-53571": {"city": "Columbia County", "rent": 1630, "zip": "53571"}, "columbia-county-53578": {"city": "Columbia County", "rent": 1360, "zip": "53578"}, "columbia-county-53583": {"city": "Columbia County", "rent": 1330, "zip": "53583"}, "columbia-county-53901": {"city": "Columbia County", "rent": 1230, "zip": "53901"}, "columbia-county-53911": {"city": "Columbia County", "rent": 1540, "zip": "53911"}, "columbia-county-53913": {"city": "Columbia County", "rent": 1100, "zip": "53913"}, "columbia-county-53923": {"city": "Columbia County", "rent": 1090, "zip": "53923"}, "columbia-county-53925": {"city": "Columbia County", "rent": 1330, "zip": "53925"}, "columbia-county-53926": {"city": "Columbia County", "rent": 1080, "zip": "53926"}, "columbia-county-53928": {"city": "Columbia County", "rent": 1030, "zip": "53928"}, "columbia-county-53932": {"city": "Columbia County", "rent": 1530, "zip": "53932"}, "columbia-county-53935": {"city": "Columbia County", "rent": 1180, "zip": "53935"}, "columbia-county-53954": {"city": "Columbia County", "rent": 1110, "zip": "53954"}, "columbia-county-53955": {"city": "Columbia County", "rent": 1120, "zip": "53955"}, "columbia-county-53956": {"city": "Columbia County", "rent": 980, "zip": "53956"}, "columbia-county-53960": {"city": "Columbia County", "rent": 1330, "zip": "53960"}, "columbia-county-53965": {"city": "Columbia County", "rent": 1140, "zip": "53965"}, "columbia-county-53969": {"city": "Columbia County", "rent": 1080, "zip": "53969"}, "green-county-53502": {"city": "Green County", "rent": 1140, "zip": "53502"}, "green-county-53504": {"city": "Green County", "rent": 970, "zip": "53504"}, "green-county-53508": {"city": "Green County", "rent": 1330, "zip": "53508"}, "green-county-53516": {"city": "Green County", "rent": 1330, "zip": "53516"}, "green-county-53520": {"city": "Green County", "rent": 1040, "zip": "53520"}, "green-county-53521": {"city": "Green County", "rent": 1510, "zip": "53521"}, "green-county-53522": {"city": "Green County", "rent": 970, "zip": "53522"}, "green-county-53536": {"city": "Green County", "rent": 1210, "zip": "53536"}, "green-county-53544": {"city": "Green County", "rent": 1330, "zip": "53544"}, "green-county-53550": {"city": "Green County", "rent": 1080, "zip": "53550"}, "green-county-53566": {"city": "Green County", "rent": 1090, "zip": "53566"}, "green-county-53570": {"city": "Green County", "rent": 1070, "zip": "53570"}, "green-county-53572": {"city": "Green County", "rent": 1590, "zip": "53572"}, "green-county-53574": {"city": "Green County", "rent": 1330, "zip": "53574"}, "iowa-county-53503": {"city": "Iowa County", "rent": 1220, "zip": "53503"}, "iowa-county-53506": {"city": "Iowa County", "rent": 1080, "zip": "53506"}, "iowa-county-53507": {"city": "Iowa County", "rent": 1560, "zip": "53507"}, "iowa-county-53515": {"city": "Iowa County", "rent": 1330, "zip": "53515"}, "iowa-county-53516": {"city": "Iowa County", "rent": 1330, "zip": "53516"}, "iowa-county-53517": {"city": "Iowa County", "rent": 1430, "zip": "53517"}, "iowa-county-53526": {"city": "Iowa County", "rent": 1270, "zip": "53526"}, "iowa-county-53533": {"city": "Iowa County", "rent": 1210, "zip": "53533"}, "iowa-county-53535": {"city": "Iowa County", "rent": 1170, "zip": "53535"}, "iowa-county-53543": {"city": "Iowa County", "rent": 970, "zip": "53543"}, "iowa-county-53544": {"city": "Iowa County", "rent": 1330, "zip": "53544"}, "iowa-county-53553": {"city": "Iowa County", "rent": 1060, "zip": "53553"}, "iowa-county-53554": {"city": "Iowa County", "rent": 970, "zip": "53554"}, "iowa-county-53560": {"city": "Iowa County", "rent": 1350, "zip": "53560"}, "iowa-county-53565": {"city": "Iowa County", "rent": 1020, "zip": "53565"}, "iowa-county-53569": {"city": "Iowa County", "rent": 1060, "zip": "53569"}, "iowa-county-53572": {"city": "Iowa County", "rent": 1590, "zip": "53572"}, "iowa-county-53573": {"city": "Iowa County", "rent": 970, "zip": "53573"}, "iowa-county-53580": {"city": "Iowa County", "rent": 1280, "zip": "53580"}, "iowa-county-53582": {"city": "Iowa County", "rent": 1150, "zip": "53582"}, "iowa-county-53588": {"city": "Iowa County", "rent": 1140, "zip": "53588"}, "iowa-county-53818": {"city": "Iowa County", "rent": 1060, "zip": "53818"}, "milwaukee-waukesha-53002": {"city": "Milwaukee-Waukesha", "rent": 1140, "zip": "53002"}, "milwaukee-waukesha-53004": {"city": "Milwaukee-Waukesha", "rent": 1200, "zip": "53004"}, "milwaukee-waukesha-53005": {"city": "Milwaukee-Waukesha", "rent": 2010, "zip": "53005"}, "milwaukee-waukesha-53007": {"city": "Milwaukee-Waukesha", "rent": 1190, "zip": "53007"}, "milwaukee-waukesha-53008": {"city": "Milwaukee-Waukesha", "rent": 1560, "zip": "53008"}, "milwaukee-waukesha-53010": {"city": "Milwaukee-Waukesha", "rent": 1200, "zip": "53010"}, "milwaukee-waukesha-53012": {"city": "Milwaukee-Waukesha", "rent": 1270, "zip": "53012"}, "milwaukee-waukesha-53013": {"city": "Milwaukee-Waukesha", "rent": 1210, "zip": "53013"}, "milwaukee-waukesha-53017": {"city": "Milwaukee-Waukesha", "rent": 1610, "zip": "53017"}, "milwaukee-waukesha-53018": {"city": "Milwaukee-Waukesha", "rent": 1870, "zip": "53018"}, "milwaukee-waukesha-53021": {"city": "Milwaukee-Waukesha", "rent": 1230, "zip": "53021"}, "milwaukee-waukesha-53022": {"city": "Milwaukee-Waukesha", "rent": 1580, "zip": "53022"}, "milwaukee-waukesha-53024": {"city": "Milwaukee-Waukesha", "rent": 1310, "zip": "53024"}, "milwaukee-waukesha-53027": {"city": "Milwaukee-Waukesha", "rent": 1260, "zip": "53027"}, "milwaukee-waukesha-53029": {"city": "Milwaukee-Waukesha", "rent": 1370, "zip": "53029"}, "milwaukee-waukesha-53033": {"city": "Milwaukee-Waukesha", "rent": 1800, "zip": "53033"}, "milwaukee-waukesha-53036": {"city": "Milwaukee-Waukesha", "rent": 1340, "zip": "53036"}, "milwaukee-waukesha-53037": {"city": "Milwaukee-Waukesha", "rent": 1380, "zip": "53037"}, "milwaukee-waukesha-53040": {"city": "Milwaukee-Waukesha", "rent": 1180, "zip": "53040"}, "milwaukee-waukesha-53045": {"city": "Milwaukee-Waukesha", "rent": 2010, "zip": "53045"}, "milwaukee-waukesha-53046": {"city": "Milwaukee-Waukesha", "rent": 1540, "zip": "53046"}, "milwaukee-waukesha-53051": {"city": "Milwaukee-Waukesha", "rent": 1640, "zip": "53051"}, "milwaukee-waukesha-53052": {"city": "Milwaukee-Waukesha", "rent": 1560, "zip": "53052"}, "milwaukee-waukesha-53056": {"city": "Milwaukee-Waukesha", "rent": 1560, "zip": "53056"}, "milwaukee-waukesha-53058": {"city": "Milwaukee-Waukesha", "rent": 1720, "zip": "53058"}, "milwaukee-waukesha-53060": {"city": "Milwaukee-Waukesha", "rent": 1340, "zip": "53060"}, "milwaukee-waukesha-53064": {"city": "Milwaukee-Waukesha", "rent": 1560, "zip": "53064"}, "milwaukee-waukesha-53066": {"city": "Milwaukee-Waukesha", "rent": 1470, "zip": "53066"}, "milwaukee-waukesha-53069": {"city": "Milwaukee-Waukesha", "rent": 1560, "zip": "53069"}, "milwaukee-waukesha-53072": {"city": "Milwaukee-Waukesha", "rent": 1610, "zip": "53072"}, "milwaukee-waukesha-53074": {"city": "Milwaukee-Waukesha", "rent": 1280, "zip": "53074"}, "milwaukee-waukesha-53075": {"city": "Milwaukee-Waukesha", "rent": 1140, "zip": "53075"}, "milwaukee-waukesha-53076": {"city": "Milwaukee-Waukesha", "rent": 1510, "zip": "53076"}, "milwaukee-waukesha-53080": {"city": "Milwaukee-Waukesha", "rent": 1160, "zip": "53080"}, "milwaukee-waukesha-53086": {"city": "Milwaukee-Waukesha", "rent": 1290, "zip": "53086"}, "milwaukee-waukesha-53089": {"city": "Milwaukee-Waukesha", "rent": 1560, "zip": "53089"}, "milwaukee-waukesha-53090": {"city": "Milwaukee-Waukesha", "rent": 1350, "zip": "53090"}, "milwaukee-waukesha-53091": {"city": "Milwaukee-Waukesha", "rent": 1140, "zip": "53091"}, "milwaukee-waukesha-53092": {"city": "Milwaukee-Waukesha", "rent": 2010, "zip": "53092"}, "milwaukee-waukesha-53095": {"city": "Milwaukee-Waukesha", "rent": 1250, "zip": "53095"}, "milwaukee-waukesha-53097": {"city": "Milwaukee-Waukesha", "rent": 1610, "zip": "53097"}, "milwaukee-waukesha-53103": {"city": "Milwaukee-Waukesha", "rent": 1260, "zip": "53103"}, "milwaukee-waukesha-53108": {"city": "Milwaukee-Waukesha", "rent": 1390, "zip": "53108"}, "milwaukee-waukesha-53110": {"city": "Milwaukee-Waukesha", "rent": 1190, "zip": "53110"}, "milwaukee-waukesha-53118": {"city": "Milwaukee-Waukesha", "rent": 1520, "zip": "53118"}, "milwaukee-waukesha-53119": {"city": "Milwaukee-Waukesha", "rent": 1170, "zip": "53119"}, "milwaukee-waukesha-53122": {"city": "Milwaukee-Waukesha", "rent": 1860, "zip": "53122"}, "milwaukee-waukesha-53126": {"city": "Milwaukee-Waukesha", "rent": 1280, "zip": "53126"}, "milwaukee-waukesha-53127": {"city": "Milwaukee-Waukesha", "rent": 1400, "zip": "53127"}, "milwaukee-waukesha-53129": {"city": "Milwaukee-Waukesha", "rent": 1410, "zip": "53129"}, "milwaukee-waukesha-53130": {"city": "Milwaukee-Waukesha", "rent": 1630, "zip": "53130"}, "milwaukee-waukesha-53132": {"city": "Milwaukee-Waukesha", "rent": 1630, "zip": "53132"}, "milwaukee-waukesha-53146": {"city": "Milwaukee-Waukesha", "rent": 1440, "zip": "53146"}, "milwaukee-waukesha-53149": {"city": "Milwaukee-Waukesha", "rent": 1340, "zip": "53149"}, "milwaukee-waukesha-53150": {"city": "Milwaukee-Waukesha", "rent": 1500, "zip": "53150"}, "milwaukee-waukesha-53151": {"city": "Milwaukee-Waukesha", "rent": 1830, "zip": "53151"}, "milwaukee-waukesha-53153": {"city": "Milwaukee-Waukesha", "rent": 1320, "zip": "53153"}, "milwaukee-waukesha-53154": {"city": "Milwaukee-Waukesha", "rent": 1770, "zip": "53154"}, "milwaukee-waukesha-53172": {"city": "Milwaukee-Waukesha", "rent": 1270, "zip": "53172"}, "milwaukee-waukesha-53178": {"city": "Milwaukee-Waukesha", "rent": 1240, "zip": "53178"}, "milwaukee-waukesha-53183": {"city": "Milwaukee-Waukesha", "rent": 1710, "zip": "53183"}, "milwaukee-waukesha-53185": {"city": "Milwaukee-Waukesha", "rent": 1420, "zip": "53185"}, "milwaukee-waukesha-53186": {"city": "Milwaukee-Waukesha", "rent": 1460, "zip": "53186"}, "milwaukee-waukesha-53187": {"city": "Milwaukee-Waukesha", "rent": 1560, "zip": "53187"}, "milwaukee-waukesha-53188": {"city": "Milwaukee-Waukesha", "rent": 1610, "zip": "53188"}, "milwaukee-waukesha-53189": {"city": "Milwaukee-Waukesha", "rent": 1460, "zip": "53189"}, "milwaukee-waukesha-53201": {"city": "Milwaukee-Waukesha", "rent": 1300, "zip": "53201"}, "milwaukee-waukesha-53202": {"city": "Milwaukee-Waukesha", "rent": 2010, "zip": "53202"}, "milwaukee-waukesha-53203": {"city": "Milwaukee-Waukesha", "rent": 2010, "zip": "53203"}, "milwaukee-waukesha-53204": {"city": "Milwaukee-Waukesha", "rent": 1140, "zip": "53204"}, "milwaukee-waukesha-53205": {"city": "Milwaukee-Waukesha", "rent": 1140, "zip": "53205"}, "milwaukee-waukesha-53206": {"city": "Milwaukee-Waukesha", "rent": 1140, "zip": "53206"}, "milwaukee-waukesha-53207": {"city": "Milwaukee-Waukesha", "rent": 1360, "zip": "53207"}, "milwaukee-waukesha-53208": {"city": "Milwaukee-Waukesha", "rent": 1220, "zip": "53208"}, "milwaukee-waukesha-53209": {"city": "Milwaukee-Waukesha", "rent": 1200, "zip": "53209"}, "milwaukee-waukesha-53210": {"city": "Milwaukee-Waukesha", "rent": 1210, "zip": "53210"}, "milwaukee-waukesha-53211": {"city": "Milwaukee-Waukesha", "rent": 1640, "zip": "53211"}, "milwaukee-waukesha-53212": {"city": "Milwaukee-Waukesha", "rent": 1280, "zip": "53212"}, "milwaukee-waukesha-53213": {"city": "Milwaukee-Waukesha", "rent": 1470, "zip": "53213"}, "milwaukee-waukesha-53214": {"city": "Milwaukee-Waukesha", "rent": 1310, "zip": "53214"}, "milwaukee-waukesha-53215": {"city": "Milwaukee-Waukesha", "rent": 1140, "zip": "53215"}, "milwaukee-waukesha-53216": {"city": "Milwaukee-Waukesha", "rent": 1140, "zip": "53216"}, "milwaukee-waukesha-53217": {"city": "Milwaukee-Waukesha", "rent": 1830, "zip": "53217"}, "milwaukee-waukesha-53218": {"city": "Milwaukee-Waukesha", "rent": 1160, "zip": "53218"}, "milwaukee-waukesha-53219": {"city": "Milwaukee-Waukesha", "rent": 1240, "zip": "53219"}, "milwaukee-waukesha-53220": {"city": "Milwaukee-Waukesha", "rent": 1340, "zip": "53220"}, "milwaukee-waukesha-53221": {"city": "Milwaukee-Waukesha", "rent": 1370, "zip": "53221"}, "milwaukee-waukesha-53222": {"city": "Milwaukee-Waukesha", "rent": 1270, "zip": "53222"}, "milwaukee-waukesha-53223": {"city": "Milwaukee-Waukesha", "rent": 1360, "zip": "53223"}, "milwaukee-waukesha-53224": {"city": "Milwaukee-Waukesha", "rent": 1400, "zip": "53224"}, "milwaukee-waukesha-53225": {"city": "Milwaukee-Waukesha", "rent": 1230, "zip": "53225"}, "milwaukee-waukesha-53226": {"city": "Milwaukee-Waukesha", "rent": 1540, "zip": "53226"}, "milwaukee-waukesha-53227": {"city": "Milwaukee-Waukesha", "rent": 1370, "zip": "53227"}, "milwaukee-waukesha-53228": {"city": "Milwaukee-Waukesha", "rent": 1510, "zip": "53228"}, "milwaukee-waukesha-53233": {"city": "Milwaukee-Waukesha", "rent": 1150, "zip": "53233"}, "milwaukee-waukesha-53234": {"city": "Milwaukee-Waukesha", "rent": 1300, "zip": "53234"}, "milwaukee-waukesha-53235": {"city": "Milwaukee-Waukesha", "rent": 1140, "zip": "53235"}, "milwaukee-waukesha-53237": {"city": "Milwaukee-Waukesha", "rent": 1300, "zip": "53237"}, "milwaukee-waukesha-53278": {"city": "Milwaukee-Waukesha", "rent": 1300, "zip": "53278"}, "milwaukee-waukesha-53295": {"city": "Milwaukee-Waukesha", "rent": 1310, "zip": "53295"}, "oshkosh-neenah-54901": {"city": "Oshkosh-Neenah", "rent": 1150, "zip": "54901"}, "oshkosh-neenah-54902": {"city": "Oshkosh-Neenah", "rent": 1040, "zip": "54902"}, "oshkosh-neenah-54903": {"city": "Oshkosh-Neenah", "rent": 1150, "zip": "54903"}, "oshkosh-neenah-54904": {"city": "Oshkosh-Neenah", "rent": 1140, "zip": "54904"}, "oshkosh-neenah-54914": {"city": "Oshkosh-Neenah", "rent": 1170, "zip": "54914"}, "oshkosh-neenah-54915": {"city": "Oshkosh-Neenah", "rent": 1180, "zip": "54915"}, "oshkosh-neenah-54923": {"city": "Oshkosh-Neenah", "rent": 1020, "zip": "54923"}, "oshkosh-neenah-54927": {"city": "Oshkosh-Neenah", "rent": 1110, "zip": "54927"}, "oshkosh-neenah-54940": {"city": "Oshkosh-Neenah", "rent": 1110, "zip": "54940"}, "oshkosh-neenah-54944": {"city": "Oshkosh-Neenah", "rent": 1030, "zip": "54944"}, "oshkosh-neenah-54947": {"city": "Oshkosh-Neenah", "rent": 1340, "zip": "54947"}, "oshkosh-neenah-54952": {"city": "Oshkosh-Neenah", "rent": 1150, "zip": "54952"}, "oshkosh-neenah-54956": {"city": "Oshkosh-Neenah", "rent": 1310, "zip": "54956"}, "oshkosh-neenah-54957": {"city": "Oshkosh-Neenah", "rent": 1150, "zip": "54957"}, "oshkosh-neenah-54963": {"city": "Oshkosh-Neenah", "rent": 1230, "zip": "54963"}, "oshkosh-neenah-54964": {"city": "Oshkosh-Neenah", "rent": 1220, "zip": "54964"}, "oshkosh-neenah-54971": {"city": "Oshkosh-Neenah", "rent": 970, "zip": "54971"}, "oshkosh-neenah-54979": {"city": "Oshkosh-Neenah", "rent": 1160, "zip": "54979"}, "oshkosh-neenah-54980": {"city": "Oshkosh-Neenah", "rent": 1230, "zip": "54980"}, "oshkosh-neenah-54985": {"city": "Oshkosh-Neenah", "rent": 1150, "zip": "54985"}, "oshkosh-neenah-54986": {"city": "Oshkosh-Neenah", "rent": 1040, "zip": "54986"}, "racine-mount-pleasant-53105": {"city": "Racine-Mount Pleasant", "rent": 1310, "zip": "53105"}, "racine-mount-pleasant-53108": {"city": "Racine-Mount Pleasant", "rent": 1390, "zip": "53108"}, "racine-mount-pleasant-53120": {"city": "Racine-Mount Pleasant", "rent": 1570, "zip": "53120"}, "racine-mount-pleasant-53126": {"city": "Racine-Mount Pleasant", "rent": 1280, "zip": "53126"}, "racine-mount-pleasant-53138": {"city": "Racine-Mount Pleasant", "rent": 1240, "zip": "53138"}, "racine-mount-pleasant-53139": {"city": "Racine-Mount Pleasant", "rent": 1610, "zip": "53139"}, "racine-mount-pleasant-53144": {"city": "Racine-Mount Pleasant", "rent": 1360, "zip": "53144"}, "racine-mount-pleasant-53149": {"city": "Racine-Mount Pleasant", "rent": 1340, "zip": "53149"}, "racine-mount-pleasant-53150": {"city": "Racine-Mount Pleasant", "rent": 1500, "zip": "53150"}, "racine-mount-pleasant-53167": {"city": "Racine-Mount Pleasant", "rent": 1150, "zip": "53167"}, "racine-mount-pleasant-53177": {"city": "Racine-Mount Pleasant", "rent": 1540, "zip": "53177"}, "racine-mount-pleasant-53182": {"city": "Racine-Mount Pleasant", "rent": 1310, "zip": "53182"}, "racine-mount-pleasant-53185": {"city": "Racine-Mount Pleasant", "rent": 1420, "zip": "53185"}, "racine-mount-pleasant-53401": {"city": "Racine-Mount Pleasant", "rent": 1240, "zip": "53401"}, "racine-mount-pleasant-53402": {"city": "Racine-Mount Pleasant", "rent": 1270, "zip": "53402"}, "racine-mount-pleasant-53403": {"city": "Racine-Mount Pleasant", "rent": 1310, "zip": "53403"}, "racine-mount-pleasant-53404": {"city": "Racine-Mount Pleasant", "rent": 1150, "zip": "53404"}, "racine-mount-pleasant-53405": {"city": "Racine-Mount Pleasant", "rent": 1190, "zip": "53405"}, "racine-mount-pleasant-53406": {"city": "Racine-Mount Pleasant", "rent": 1200, "zip": "53406"}, "racine-mount-pleasant-53408": {"city": "Racine-Mount Pleasant", "rent": 1240, "zip": "53408"}, "sheboygan-53001": {"city": "Sheboygan", "rent": 970, "zip": "53001"}, "sheboygan-53004": {"city": "Sheboygan", "rent": 1200, "zip": "53004"}, "sheboygan-53011": {"city": "Sheboygan", "rent": 1150, "zip": "53011"}, "sheboygan-53013": {"city": "Sheboygan", "rent": 1210, "zip": "53013"}, "sheboygan-53015": {"city": "Sheboygan", "rent": 1110, "zip": "53015"}, "sheboygan-53020": {"city": "Sheboygan", "rent": 1360, "zip": "53020"}, "sheboygan-53021": {"city": "Sheboygan", "rent": 1230, "zip": "53021"}, "sheboygan-53023": {"city": "Sheboygan", "rent": 1020, "zip": "53023"}, "sheboygan-53026": {"city": "Sheboygan", "rent": 1120, "zip": "53026"}, "sheboygan-53031": {"city": "Sheboygan", "rent": 1150, "zip": "53031"}, "sheboygan-53040": {"city": "Sheboygan", "rent": 1180, "zip": "53040"}, "sheboygan-53042": {"city": "Sheboygan", "rent": 1070, "zip": "53042"}, "sheboygan-53044": {"city": "Sheboygan", "rent": 1490, "zip": "53044"}, "sheboygan-53061": {"city": "Sheboygan", "rent": 1000, "zip": "53061"}, "sheboygan-53070": {"city": "Sheboygan", "rent": 1120, "zip": "53070"}, "sheboygan-53073": {"city": "Sheboygan", "rent": 1100, "zip": "53073"}, "sheboygan-53075": {"city": "Sheboygan", "rent": 1140, "zip": "53075"}, "sheboygan-53079": {"city": "Sheboygan", "rent": 1220, "zip": "53079"}, "sheboygan-53081": {"city": "Sheboygan", "rent": 1110, "zip": "53081"}, "sheboygan-53082": {"city": "Sheboygan", "rent": 1120, "zip": "53082"}, "sheboygan-53083": {"city": "Sheboygan", "rent": 1230, "zip": "53083"}, "sheboygan-53085": {"city": "Sheboygan", "rent": 1070, "zip": "53085"}, "sheboygan-53093": {"city": "Sheboygan", "rent": 1150, "zip": "53093"}, "wausau-54401": {"city": "Wausau", "rent": 1170, "zip": "54401"}, "wausau-54402": {"city": "Wausau", "rent": 1150, "zip": "54402"}, "wausau-54403": {"city": "Wausau", "rent": 1140, "zip": "54403"}, "wausau-54405": {"city": "Wausau", "rent": 1100, "zip": "54405"}, "wausau-54408": {"city": "Wausau", "rent": 970, "zip": "54408"}, "wausau-54409": {"city": "Wausau", "rent": 990, "zip": "54409"}, "wausau-54411": {"city": "Wausau", "rent": 1000, "zip": "54411"}, "wausau-54412": {"city": "Wausau", "rent": 970, "zip": "54412"}, "wausau-54414": {"city": "Wausau", "rent": 970, "zip": "54414"}, "wausau-54417": {"city": "Wausau", "rent": 1100, "zip": "54417"}, "wausau-54421": {"city": "Wausau", "rent": 990, "zip": "54421"}, "wausau-54425": {"city": "Wausau", "rent": 970, "zip": "54425"}, "wausau-54426": {"city": "Wausau", "rent": 990, "zip": "54426"}, "wausau-54427": {"city": "Wausau", "rent": 1010, "zip": "54427"}, "wausau-54429": {"city": "Wausau", "rent": 1150, "zip": "54429"}, "wausau-54440": {"city": "Wausau", "rent": 990, "zip": "54440"}, "wausau-54443": {"city": "Wausau", "rent": 970, "zip": "54443"}, "wausau-54448": {"city": "Wausau", "rent": 970, "zip": "54448"}, "wausau-54449": {"city": "Wausau", "rent": 1030, "zip": "54449"}, "wausau-54451": {"city": "Wausau", "rent": 1000, "zip": "54451"}, "wausau-54452": {"city": "Wausau", "rent": 970, "zip": "54452"}, "wausau-54455": {"city": "Wausau", "rent": 1210, "zip": "54455"}, "wausau-54471": {"city": "Wausau", "rent": 1720, "zip": "54471"}, "wausau-54473": {"city": "Wausau", "rent": 970, "zip": "54473"}, "wausau-54474": {"city": "Wausau", "rent": 1030, "zip": "54474"}, "wausau-54476": {"city": "Wausau", "rent": 1150, "zip": "54476"}, "wausau-54479": {"city": "Wausau", "rent": 970, "zip": "54479"}, "wausau-54480": {"city": "Wausau", "rent": 1140, "zip": "54480"}, "wausau-54484": {"city": "Wausau", "rent": 1240, "zip": "54484"}, "wausau-54488": {"city": "Wausau", "rent": 970, "zip": "54488"}, "wausau-54499": {"city": "Wausau", "rent": 970, "zip": "54499"}, "adams-county-53910": {"city": "Adams County", "rent": 970, "zip": "53910"}, "adams-county-53920": {"city": "Adams County", "rent": 1170, "zip": "53920"}, "adams-county-53934": {"city": "Adams County", "rent": 1020, "zip": "53934"}, "adams-county-53936": {"city": "Adams County", "rent": 1130, "zip": "53936"}, "adams-county-53952": {"city": "Adams County", "rent": 1150, "zip": "53952"}, "adams-county-53964": {"city": "Adams County", "rent": 970, "zip": "53964"}, "adams-county-53965": {"city": "Adams County", "rent": 1140, "zip": "53965"}, "adams-county-54457": {"city": "Adams County", "rent": 970, "zip": "54457"}, "adams-county-54494": {"city": "Adams County", "rent": 1070, "zip": "54494"}, "adams-county-54613": {"city": "Adams County", "rent": 990, "zip": "54613"}, "adams-county-54646": {"city": "Adams County", "rent": 970, "zip": "54646"}, "adams-county-54921": {"city": "Adams County", "rent": 970, "zip": "54921"}, "adams-county-54930": {"city": "Adams County", "rent": 1010, "zip": "54930"}, "adams-county-54943": {"city": "Adams County", "rent": 970, "zip": "54943"}, "adams-county-54966": {"city": "Adams County", "rent": 970, "zip": "54966"}, "ashland-county-54514": {"city": "Ashland County", "rent": 970, "zip": "54514"}, "ashland-county-54517": {"city": "Ashland County", "rent": 1010, "zip": "54517"}, "ashland-county-54527": {"city": "Ashland County", "rent": 970, "zip": "54527"}, "ashland-county-54546": {"city": "Ashland County", "rent": 970, "zip": "54546"}, "ashland-county-54559": {"city": "Ashland County", "rent": 990, "zip": "54559"}, "ashland-county-54806": {"city": "Ashland County", "rent": 1020, "zip": "54806"}, "ashland-county-54846": {"city": "Ashland County", "rent": 1000, "zip": "54846"}, "ashland-county-54850": {"city": "Ashland County", "rent": 970, "zip": "54850"}, "ashland-county-54855": {"city": "Ashland County", "rent": 970, "zip": "54855"}, "ashland-county-54856": {"city": "Ashland County", "rent": 1090, "zip": "54856"}, "ashland-county-54861": {"city": "Ashland County", "rent": 1020, "zip": "54861"}, "barron-county-54004": {"city": "Barron County", "rent": 1000, "zip": "54004"}, "barron-county-54005": {"city": "Barron County", "rent": 1520, "zip": "54005"}, "barron-county-54728": {"city": "Barron County", "rent": 1030, "zip": "54728"}, "barron-county-54733": {"city": "Barron County", "rent": 970, "zip": "54733"}, "barron-county-54757": {"city": "Barron County", "rent": 990, "zip": "54757"}, "barron-county-54762": {"city": "Barron County", "rent": 970, "zip": "54762"}, "barron-county-54763": {"city": "Barron County", "rent": 970, "zip": "54763"}, "barron-county-54805": {"city": "Barron County", "rent": 970, "zip": "54805"}, "barron-county-54812": {"city": "Barron County", "rent": 970, "zip": "54812"}, "barron-county-54813": {"city": "Barron County", "rent": 970, "zip": "54813"}, "barron-county-54817": {"city": "Barron County", "rent": 970, "zip": "54817"}, "barron-county-54822": {"city": "Barron County", "rent": 1070, "zip": "54822"}, "barron-county-54826": {"city": "Barron County", "rent": 1050, "zip": "54826"}, "barron-county-54829": {"city": "Barron County", "rent": 1070, "zip": "54829"}, "barron-county-54841": {"city": "Barron County", "rent": 1000, "zip": "54841"}, "barron-county-54857": {"city": "Barron County", "rent": 970, "zip": "54857"}, "barron-county-54868": {"city": "Barron County", "rent": 980, "zip": "54868"}, "barron-county-54870": {"city": "Barron County", "rent": 1360, "zip": "54870"}, "barron-county-54889": {"city": "Barron County", "rent": 1000, "zip": "54889"}, "bayfield-county-54517": {"city": "Bayfield County", "rent": 1010, "zip": "54517"}, "bayfield-county-54806": {"city": "Bayfield County", "rent": 1020, "zip": "54806"}, "bayfield-county-54814": {"city": "Bayfield County", "rent": 970, "zip": "54814"}, "bayfield-county-54816": {"city": "Bayfield County", "rent": 970, "zip": "54816"}, "bayfield-county-54820": {"city": "Bayfield County", "rent": 1030, "zip": "54820"}, "bayfield-county-54821": {"city": "Bayfield County", "rent": 970, "zip": "54821"}, "bayfield-county-54827": {"city": "Bayfield County", "rent": 970, "zip": "54827"}, "bayfield-county-54832": {"city": "Bayfield County", "rent": 1160, "zip": "54832"}, "bayfield-county-54838": {"city": "Bayfield County", "rent": 1040, "zip": "54838"}, "bayfield-county-54839": {"city": "Bayfield County", "rent": 1060, "zip": "54839"}, "bayfield-county-54844": {"city": "Bayfield County", "rent": 970, "zip": "54844"}, "bayfield-county-54847": {"city": "Bayfield County", "rent": 1050, "zip": "54847"}, "bayfield-county-54856": {"city": "Bayfield County", "rent": 1090, "zip": "54856"}, "bayfield-county-54865": {"city": "Bayfield County", "rent": 970, "zip": "54865"}, "bayfield-county-54873": {"city": "Bayfield County", "rent": 1030, "zip": "54873"}, "bayfield-county-54891": {"city": "Bayfield County", "rent": 970, "zip": "54891"}, "buffalo-county-54610": {"city": "Buffalo County", "rent": 970, "zip": "54610"}, "buffalo-county-54612": {"city": "Buffalo County", "rent": 1110, "zip": "54612"}, "buffalo-county-54622": {"city": "Buffalo County", "rent": 970, "zip": "54622"}, "buffalo-county-54629": {"city": "Buffalo County", "rent": 1150, "zip": "54629"}, "buffalo-county-54736": {"city": "Buffalo County", "rent": 970, "zip": "54736"}, "buffalo-county-54738": {"city": "Buffalo County", "rent": 990, "zip": "54738"}, "buffalo-county-54747": {"city": "Buffalo County", "rent": 1000, "zip": "54747"}, "buffalo-county-54755": {"city": "Buffalo County", "rent": 990, "zip": "54755"}, "buffalo-county-54756": {"city": "Buffalo County", "rent": 970, "zip": "54756"}, "burnett-county-54024": {"city": "Burnett County", "rent": 1080, "zip": "54024"}, "burnett-county-54801": {"city": "Burnett County", "rent": 970, "zip": "54801"}, "burnett-county-54813": {"city": "Burnett County", "rent": 970, "zip": "54813"}, "burnett-county-54830": {"city": "Burnett County", "rent": 1030, "zip": "54830"}, "burnett-county-54837": {"city": "Burnett County", "rent": 1000, "zip": "54837"}, "burnett-county-54840": {"city": "Burnett County", "rent": 1050, "zip": "54840"}, "burnett-county-54845": {"city": "Burnett County", "rent": 1030, "zip": "54845"}, "burnett-county-54853": {"city": "Burnett County", "rent": 1010, "zip": "54853"}, "burnett-county-54859": {"city": "Burnett County", "rent": 1060, "zip": "54859"}, "burnett-county-54871": {"city": "Burnett County", "rent": 1080, "zip": "54871"}, "burnett-county-54872": {"city": "Burnett County", "rent": 1000, "zip": "54872"}, "burnett-county-54893": {"city": "Burnett County", "rent": 1010, "zip": "54893"}, "clark-county-54405": {"city": "Clark County", "rent": 1100, "zip": "54405"}, "clark-county-54420": {"city": "Clark County", "rent": 970, "zip": "54420"}, "clark-county-54421": {"city": "Clark County", "rent": 990, "zip": "54421"}, "clark-county-54422": {"city": "Clark County", "rent": 1080, "zip": "54422"}, "clark-county-54425": {"city": "Clark County", "rent": 970, "zip": "54425"}, "clark-county-54436": {"city": "Clark County", "rent": 970, "zip": "54436"}, "clark-county-54437": {"city": "Clark County", "rent": 970, "zip": "54437"}, "clark-county-54446": {"city": "Clark County", "rent": 970, "zip": "54446"}, "clark-county-54449": {"city": "Clark County", "rent": 1030, "zip": "54449"}, "clark-county-54456": {"city": "Clark County", "rent": 970, "zip": "54456"}, "clark-county-54460": {"city": "Clark County", "rent": 1010, "zip": "54460"}, "clark-county-54466": {"city": "Clark County", "rent": 970, "zip": "54466"}, "clark-county-54479": {"city": "Clark County", "rent": 970, "zip": "54479"}, "clark-county-54488": {"city": "Clark County", "rent": 970, "zip": "54488"}, "clark-county-54493": {"city": "Clark County", "rent": 1300, "zip": "54493"}, "clark-county-54498": {"city": "Clark County", "rent": 1110, "zip": "54498"}, "clark-county-54741": {"city": "Clark County", "rent": 990, "zip": "54741"}, "clark-county-54746": {"city": "Clark County", "rent": 1170, "zip": "54746"}, "clark-county-54754": {"city": "Clark County", "rent": 1020, "zip": "54754"}, "clark-county-54768": {"city": "Clark County", "rent": 1040, "zip": "54768"}, "clark-county-54771": {"city": "Clark County", "rent": 1000, "zip": "54771"}, "crawford-county-53518": {"city": "Crawford County", "rent": 970, "zip": "53518"}, "crawford-county-53805": {"city": "Crawford County", "rent": 970, "zip": "53805"}, "crawford-county-53821": {"city": "Crawford County", "rent": 1000, "zip": "53821"}, "crawford-county-53826": {"city": "Crawford County", "rent": 970, "zip": "53826"}, "crawford-county-54624": {"city": "Crawford County", "rent": 970, "zip": "54624"}, "crawford-county-54626": {"city": "Crawford County", "rent": 970, "zip": "54626"}, "crawford-county-54628": {"city": "Crawford County", "rent": 970, "zip": "54628"}, "crawford-county-54631": {"city": "Crawford County", "rent": 1000, "zip": "54631"}, "crawford-county-54645": {"city": "Crawford County", "rent": 970, "zip": "54645"}, "crawford-county-54652": {"city": "Crawford County", "rent": 980, "zip": "54652"}, "crawford-county-54654": {"city": "Crawford County", "rent": 980, "zip": "54654"}, "crawford-county-54655": {"city": "Crawford County", "rent": 970, "zip": "54655"}, "crawford-county-54657": {"city": "Crawford County", "rent": 970, "zip": "54657"}, "crawford-county-54665": {"city": "Crawford County", "rent": 1010, "zip": "54665"}, "dodge-county-53002": {"city": "Dodge County", "rent": 1140, "zip": "53002"}, "dodge-county-53003": {"city": "Dodge County", "rent": 1370, "zip": "53003"}, "dodge-county-53006": {"city": "Dodge County", "rent": 1190, "zip": "53006"}, "dodge-county-53010": {"city": "Dodge County", "rent": 1200, "zip": "53010"}, "dodge-county-53016": {"city": "Dodge County", "rent": 1040, "zip": "53016"}, "dodge-county-53027": {"city": "Dodge County", "rent": 1260, "zip": "53027"}, "dodge-county-53032": {"city": "Dodge County", "rent": 970, "zip": "53032"}, "dodge-county-53034": {"city": "Dodge County", "rent": 1020, "zip": "53034"}, "dodge-county-53035": {"city": "Dodge County", "rent": 1350, "zip": "53035"}, "dodge-county-53036": {"city": "Dodge County", "rent": 1340, "zip": "53036"}, "dodge-county-53039": {"city": "Dodge County", "rent": 990, "zip": "53039"}, "dodge-county-53047": {"city": "Dodge County", "rent": 1090, "zip": "53047"}, "dodge-county-53048": {"city": "Dodge County", "rent": 1200, "zip": "53048"}, "dodge-county-53050": {"city": "Dodge County", "rent": 970, "zip": "53050"}, "dodge-county-53059": {"city": "Dodge County", "rent": 970, "zip": "53059"}, "dodge-county-53065": {"city": "Dodge County", "rent": 1150, "zip": "53065"}, "dodge-county-53066": {"city": "Dodge County", "rent": 1470, "zip": "53066"}, "dodge-county-53078": {"city": "Dodge County", "rent": 1170, "zip": "53078"}, "dodge-county-53091": {"city": "Dodge County", "rent": 1140, "zip": "53091"}, "dodge-county-53094": {"city": "Dodge County", "rent": 1170, "zip": "53094"}, "dodge-county-53098": {"city": "Dodge County", "rent": 1260, "zip": "53098"}, "dodge-county-53099": {"city": "Dodge County", "rent": 1350, "zip": "53099"}, "dodge-county-53557": {"city": "Dodge County", "rent": 1110, "zip": "53557"}, "dodge-county-53579": {"city": "Dodge County", "rent": 1080, "zip": "53579"}, "dodge-county-53594": {"city": "Dodge County", "rent": 1330, "zip": "53594"}, "dodge-county-53916": {"city": "Dodge County", "rent": 1110, "zip": "53916"}, "dodge-county-53922": {"city": "Dodge County", "rent": 970, "zip": "53922"}, "dodge-county-53925": {"city": "Dodge County", "rent": 1330, "zip": "53925"}, "dodge-county-53932": {"city": "Dodge County", "rent": 1530, "zip": "53932"}, "dodge-county-53933": {"city": "Dodge County", "rent": 1300, "zip": "53933"}, "dodge-county-53946": {"city": "Dodge County", "rent": 980, "zip": "53946"}, "dodge-county-53956": {"city": "Dodge County", "rent": 980, "zip": "53956"}, "dodge-county-53963": {"city": "Dodge County", "rent": 970, "zip": "53963"}, "door-county-54201": {"city": "Door County", "rent": 1040, "zip": "54201"}, "door-county-54202": {"city": "Door County", "rent": 1330, "zip": "54202"}, "door-county-54204": {"city": "Door County", "rent": 1120, "zip": "54204"}, "door-county-54205": {"city": "Door County", "rent": 1060, "zip": "54205"}, "door-county-54209": {"city": "Door County", "rent": 1350, "zip": "54209"}, "door-county-54210": {"city": "Door County", "rent": 1030, "zip": "54210"}, "door-county-54211": {"city": "Door County", "rent": 1180, "zip": "54211"}, "door-county-54212": {"city": "Door County", "rent": 1240, "zip": "54212"}, "door-county-54213": {"city": "Door County", "rent": 1090, "zip": "54213"}, "door-county-54217": {"city": "Door County", "rent": 1130, "zip": "54217"}, "door-county-54226": {"city": "Door County", "rent": 1140, "zip": "54226"}, "door-county-54234": {"city": "Door County", "rent": 1370, "zip": "54234"}, "door-county-54235": {"city": "Door County", "rent": 1130, "zip": "54235"}, "door-county-54246": {"city": "Door County", "rent": 1030, "zip": "54246"}, "dunn-county-54005": {"city": "Dunn County", "rent": 1520, "zip": "54005"}, "dunn-county-54013": {"city": "Dunn County", "rent": 1520, "zip": "54013"}, "dunn-county-54027": {"city": "Dunn County", "rent": 1520, "zip": "54027"}, "dunn-county-54701": {"city": "Dunn County", "rent": 1200, "zip": "54701"}, "dunn-county-54703": {"city": "Dunn County", "rent": 1210, "zip": "54703"}, "dunn-county-54721": {"city": "Dunn County", "rent": 1520, "zip": "54721"}, "dunn-county-54724": {"city": "Dunn County", "rent": 1010, "zip": "54724"}, "dunn-county-54725": {"city": "Dunn County", "rent": 970, "zip": "54725"}, "dunn-county-54728": {"city": "Dunn County", "rent": 1030, "zip": "54728"}, "dunn-county-54730": {"city": "Dunn County", "rent": 990, "zip": "54730"}, "dunn-county-54734": {"city": "Dunn County", "rent": 1520, "zip": "54734"}, "dunn-county-54736": {"city": "Dunn County", "rent": 970, "zip": "54736"}, "dunn-county-54737": {"city": "Dunn County", "rent": 1030, "zip": "54737"}, "dunn-county-54739": {"city": "Dunn County", "rent": 1150, "zip": "54739"}, "dunn-county-54740": {"city": "Dunn County", "rent": 1520, "zip": "54740"}, "dunn-county-54749": {"city": "Dunn County", "rent": 1520, "zip": "54749"}, "dunn-county-54751": {"city": "Dunn County", "rent": 1520, "zip": "54751"}, "dunn-county-54755": {"city": "Dunn County", "rent": 990, "zip": "54755"}, "dunn-county-54757": {"city": "Dunn County", "rent": 990, "zip": "54757"}, "dunn-county-54761": {"city": "Dunn County", "rent": 1520, "zip": "54761"}, "dunn-county-54762": {"city": "Dunn County", "rent": 970, "zip": "54762"}, "dunn-county-54763": {"city": "Dunn County", "rent": 970, "zip": "54763"}, "dunn-county-54764": {"city": "Dunn County", "rent": 1020, "zip": "54764"}, "dunn-county-54765": {"city": "Dunn County", "rent": 1020, "zip": "54765"}, "dunn-county-54767": {"city": "Dunn County", "rent": 1520, "zip": "54767"}, "dunn-county-54772": {"city": "Dunn County", "rent": 1000, "zip": "54772"}, "florence-county-54103": {"city": "Florence County", "rent": 1000, "zip": "54103"}, "florence-county-54120": {"city": "Florence County", "rent": 1080, "zip": "54120"}, "florence-county-54121": {"city": "Florence County", "rent": 1120, "zip": "54121"}, "florence-county-54151": {"city": "Florence County", "rent": 1070, "zip": "54151"}, "florence-county-54542": {"city": "Florence County", "rent": 1050, "zip": "54542"}, "forest-county-54103": {"city": "Forest County", "rent": 1000, "zip": "54103"}, "forest-county-54104": {"city": "Forest County", "rent": 1000, "zip": "54104"}, "forest-county-54125": {"city": "Forest County", "rent": 970, "zip": "54125"}, "forest-county-54465": {"city": "Forest County", "rent": 990, "zip": "54465"}, "forest-county-54491": {"city": "Forest County", "rent": 970, "zip": "54491"}, "forest-county-54511": {"city": "Forest County", "rent": 1000, "zip": "54511"}, "forest-county-54520": {"city": "Forest County", "rent": 970, "zip": "54520"}, "forest-county-54521": {"city": "Forest County", "rent": 1060, "zip": "54521"}, "forest-county-54541": {"city": "Forest County", "rent": 1000, "zip": "54541"}, "forest-county-54542": {"city": "Forest County", "rent": 1050, "zip": "54542"}, "forest-county-54562": {"city": "Forest County", "rent": 970, "zip": "54562"}, "forest-county-54566": {"city": "Forest County", "rent": 970, "zip": "54566"}, "grant-county-53518": {"city": "Grant County", "rent": 970, "zip": "53518"}, "grant-county-53543": {"city": "Grant County", "rent": 970, "zip": "53543"}, "grant-county-53554": {"city": "Grant County", "rent": 970, "zip": "53554"}, "grant-county-53569": {"city": "Grant County", "rent": 1060, "zip": "53569"}, "grant-county-53573": {"city": "Grant County", "rent": 970, "zip": "53573"}, "grant-county-53801": {"city": "Grant County", "rent": 970, "zip": "53801"}, "grant-county-53802": {"city": "Grant County", "rent": 970, "zip": "53802"}, "grant-county-53804": {"city": "Grant County", "rent": 970, "zip": "53804"}, "grant-county-53805": {"city": "Grant County", "rent": 970, "zip": "53805"}, "grant-county-53806": {"city": "Grant County", "rent": 970, "zip": "53806"}, "grant-county-53807": {"city": "Grant County", "rent": 970, "zip": "53807"}, "grant-county-53808": {"city": "Grant County", "rent": 970, "zip": "53808"}, "grant-county-53809": {"city": "Grant County", "rent": 970, "zip": "53809"}, "grant-county-53810": {"city": "Grant County", "rent": 970, "zip": "53810"}, "grant-county-53811": {"city": "Grant County", "rent": 1070, "zip": "53811"}, "grant-county-53812": {"city": "Grant County", "rent": 970, "zip": "53812"}, "grant-county-53813": {"city": "Grant County", "rent": 980, "zip": "53813"}, "grant-county-53816": {"city": "Grant County", "rent": 970, "zip": "53816"}, "grant-county-53817": {"city": "Grant County", "rent": 970, "zip": "53817"}, "grant-county-53818": {"city": "Grant County", "rent": 1060, "zip": "53818"}, "grant-county-53820": {"city": "Grant County", "rent": 970, "zip": "53820"}, "grant-county-53821": {"city": "Grant County", "rent": 1000, "zip": "53821"}, "grant-county-53824": {"city": "Grant County", "rent": 970, "zip": "53824"}, "grant-county-53825": {"city": "Grant County", "rent": 970, "zip": "53825"}, "grant-county-53827": {"city": "Grant County", "rent": 1040, "zip": "53827"}, "green-lake-county-53919": {"city": "Green Lake County", "rent": 1020, "zip": "53919"}, "green-lake-county-53923": {"city": "Green Lake County", "rent": 1090, "zip": "53923"}, "green-lake-county-53926": {"city": "Green Lake County", "rent": 1080, "zip": "53926"}, "green-lake-county-53939": {"city": "Green Lake County", "rent": 970, "zip": "53939"}, "green-lake-county-53946": {"city": "Green Lake County", "rent": 980, "zip": "53946"}, "green-lake-county-53947": {"city": "Green Lake County", "rent": 970, "zip": "53947"}, "green-lake-county-53949": {"city": "Green Lake County", "rent": 970, "zip": "53949"}, "green-lake-county-53956": {"city": "Green Lake County", "rent": 980, "zip": "53956"}, "green-lake-county-54923": {"city": "Green Lake County", "rent": 1020, "zip": "54923"}, "green-lake-county-54941": {"city": "Green Lake County", "rent": 970, "zip": "54941"}, "green-lake-county-54960": {"city": "Green Lake County", "rent": 970, "zip": "54960"}, "green-lake-county-54968": {"city": "Green Lake County", "rent": 970, "zip": "54968"}, "green-lake-county-54971": {"city": "Green Lake County", "rent": 970, "zip": "54971"}, "iron-county-54514": {"city": "Iron County", "rent": 970, "zip": "54514"}, "iron-county-54525": {"city": "Iron County", "rent": 1110, "zip": "54525"}, "iron-county-54534": {"city": "Iron County", "rent": 970, "zip": "54534"}, "iron-county-54536": {"city": "Iron County", "rent": 1050, "zip": "54536"}, "iron-county-54538": {"city": "Iron County", "rent": 970, "zip": "54538"}, "iron-county-54545": {"city": "Iron County", "rent": 1280, "zip": "54545"}, "iron-county-54546": {"city": "Iron County", "rent": 970, "zip": "54546"}, "iron-county-54547": {"city": "Iron County", "rent": 1150, "zip": "54547"}, "iron-county-54550": {"city": "Iron County", "rent": 1160, "zip": "54550"}, "iron-county-54552": {"city": "Iron County", "rent": 970, "zip": "54552"}, "iron-county-54557": {"city": "Iron County", "rent": 1140, "zip": "54557"}, "iron-county-54559": {"city": "Iron County", "rent": 990, "zip": "54559"}, "iron-county-54565": {"city": "Iron County", "rent": 970, "zip": "54565"}, "jackson-county-54466": {"city": "Jackson County", "rent": 970, "zip": "54466"}, "jackson-county-54611": {"city": "Jackson County", "rent": 1070, "zip": "54611"}, "jackson-county-54615": {"city": "Jackson County", "rent": 970, "zip": "54615"}, "jackson-county-54616": {"city": "Jackson County", "rent": 970, "zip": "54616"}, "jackson-county-54627": {"city": "Jackson County", "rent": 970, "zip": "54627"}, "jackson-county-54635": {"city": "Jackson County", "rent": 1020, "zip": "54635"}, "jackson-county-54642": {"city": "Jackson County", "rent": 1210, "zip": "54642"}, "jackson-county-54643": {"city": "Jackson County", "rent": 970, "zip": "54643"}, "jackson-county-54644": {"city": "Jackson County", "rent": 1180, "zip": "54644"}, "jackson-county-54656": {"city": "Jackson County", "rent": 1080, "zip": "54656"}, "jackson-county-54659": {"city": "Jackson County", "rent": 970, "zip": "54659"}, "jackson-county-54666": {"city": "Jackson County", "rent": 1230, "zip": "54666"}, "jackson-county-54741": {"city": "Jackson County", "rent": 990, "zip": "54741"}, "jackson-county-54746": {"city": "Jackson County", "rent": 1170, "zip": "54746"}, "jackson-county-54754": {"city": "Jackson County", "rent": 1020, "zip": "54754"}, "jackson-county-54758": {"city": "Jackson County", "rent": 990, "zip": "54758"}, "jefferson-county-53036": {"city": "Jefferson County", "rent": 1340, "zip": "53036"}, "jefferson-county-53038": {"city": "Jefferson County", "rent": 1340, "zip": "53038"}, "jefferson-county-53066": {"city": "Jefferson County", "rent": 1470, "zip": "53066"}, "jefferson-county-53094": {"city": "Jefferson County", "rent": 1170, "zip": "53094"}, "jefferson-county-53098": {"city": "Jefferson County", "rent": 1260, "zip": "53098"}, "jefferson-county-53118": {"city": "Jefferson County", "rent": 1520, "zip": "53118"}, "jefferson-county-53119": {"city": "Jefferson County", "rent": 1170, "zip": "53119"}, "jefferson-county-53137": {"city": "Jefferson County", "rent": 1200, "zip": "53137"}, "jefferson-county-53156": {"city": "Jefferson County", "rent": 1070, "zip": "53156"}, "jefferson-county-53178": {"city": "Jefferson County", "rent": 1240, "zip": "53178"}, "jefferson-county-53190": {"city": "Jefferson County", "rent": 1090, "zip": "53190"}, "jefferson-county-53523": {"city": "Jefferson County", "rent": 1330, "zip": "53523"}, "jefferson-county-53534": {"city": "Jefferson County", "rent": 1360, "zip": "53534"}, "jefferson-county-53538": {"city": "Jefferson County", "rent": 1160, "zip": "53538"}, "jefferson-county-53549": {"city": "Jefferson County", "rent": 1160, "zip": "53549"}, "jefferson-county-53551": {"city": "Jefferson County", "rent": 1220, "zip": "53551"}, "jefferson-county-53559": {"city": "Jefferson County", "rent": 1330, "zip": "53559"}, "jefferson-county-53563": {"city": "Jefferson County", "rent": 1210, "zip": "53563"}, "jefferson-county-53594": {"city": "Jefferson County", "rent": 1330, "zip": "53594"}, "juneau-county-53929": {"city": "Juneau County", "rent": 990, "zip": "53929"}, "juneau-county-53941": {"city": "Juneau County", "rent": 990, "zip": "53941"}, "juneau-county-53944": {"city": "Juneau County", "rent": 1100, "zip": "53944"}, "juneau-county-53948": {"city": "Juneau County", "rent": 970, "zip": "53948"}, "juneau-county-53950": {"city": "Juneau County", "rent": 970, "zip": "53950"}, "juneau-county-53962": {"city": "Juneau County", "rent": 1050, "zip": "53962"}, "juneau-county-53965": {"city": "Juneau County", "rent": 1140, "zip": "53965"}, "juneau-county-53968": {"city": "Juneau County", "rent": 1050, "zip": "53968"}, "juneau-county-54413": {"city": "Juneau County", "rent": 980, "zip": "54413"}, "juneau-county-54457": {"city": "Juneau County", "rent": 970, "zip": "54457"}, "juneau-county-54618": {"city": "Juneau County", "rent": 1070, "zip": "54618"}, "juneau-county-54634": {"city": "Juneau County", "rent": 970, "zip": "54634"}, "juneau-county-54637": {"city": "Juneau County", "rent": 1210, "zip": "54637"}, "juneau-county-54638": {"city": "Juneau County", "rent": 970, "zip": "54638"}, "juneau-county-54641": {"city": "Juneau County", "rent": 970, "zip": "54641"}, "juneau-county-54646": {"city": "Juneau County", "rent": 970, "zip": "54646"}, "juneau-county-54666": {"city": "Juneau County", "rent": 1230, "zip": "54666"}, "lafayette-county-53504": {"city": "Lafayette County", "rent": 970, "zip": "53504"}, "lafayette-county-53510": {"city": "Lafayette County", "rent": 970, "zip": "53510"}, "lafayette-county-53516": {"city": "Lafayette County", "rent": 1330, "zip": "53516"}, "lafayette-county-53522": {"city": "Lafayette County", "rent": 970, "zip": "53522"}, "lafayette-county-53530": {"city": "Lafayette County", "rent": 1050, "zip": "53530"}, "lafayette-county-53541": {"city": "Lafayette County", "rent": 970, "zip": "53541"}, "lafayette-county-53565": {"city": "Lafayette County", "rent": 1020, "zip": "53565"}, "lafayette-county-53586": {"city": "Lafayette County", "rent": 970, "zip": "53586"}, "lafayette-county-53587": {"city": "Lafayette County", "rent": 970, "zip": "53587"}, "lafayette-county-53599": {"city": "Lafayette County", "rent": 970, "zip": "53599"}, "lafayette-county-53803": {"city": "Lafayette County", "rent": 1060, "zip": "53803"}, "lafayette-county-53807": {"city": "Lafayette County", "rent": 970, "zip": "53807"}, "lafayette-county-53811": {"city": "Lafayette County", "rent": 1070, "zip": "53811"}, "lafayette-county-53818": {"city": "Lafayette County", "rent": 1060, "zip": "53818"}, "langlade-county-54175": {"city": "Langlade County", "rent": 1090, "zip": "54175"}, "langlade-county-54408": {"city": "Langlade County", "rent": 970, "zip": "54408"}, "langlade-county-54409": {"city": "Langlade County", "rent": 990, "zip": "54409"}, "langlade-county-54414": {"city": "Langlade County", "rent": 970, "zip": "54414"}, "langlade-county-54418": {"city": "Langlade County", "rent": 970, "zip": "54418"}, "langlade-county-54424": {"city": "Langlade County", "rent": 1000, "zip": "54424"}, "langlade-county-54428": {"city": "Langlade County", "rent": 970, "zip": "54428"}, "langlade-county-54430": {"city": "Langlade County", "rent": 970, "zip": "54430"}, "langlade-county-54435": {"city": "Langlade County", "rent": 1010, "zip": "54435"}, "langlade-county-54452": {"city": "Langlade County", "rent": 970, "zip": "54452"}, "langlade-county-54462": {"city": "Langlade County", "rent": 1020, "zip": "54462"}, "langlade-county-54463": {"city": "Langlade County", "rent": 970, "zip": "54463"}, "langlade-county-54464": {"city": "Langlade County", "rent": 990, "zip": "54464"}, "langlade-county-54465": {"city": "Langlade County", "rent": 990, "zip": "54465"}, "langlade-county-54485": {"city": "Langlade County", "rent": 990, "zip": "54485"}, "langlade-county-54491": {"city": "Langlade County", "rent": 970, "zip": "54491"}, "langlade-county-54566": {"city": "Langlade County", "rent": 970, "zip": "54566"}, "lincoln-county-54435": {"city": "Lincoln County", "rent": 1010, "zip": "54435"}, "lincoln-county-54442": {"city": "Lincoln County", "rent": 1190, "zip": "54442"}, "lincoln-county-54452": {"city": "Lincoln County", "rent": 970, "zip": "54452"}, "lincoln-county-54459": {"city": "Lincoln County", "rent": 1110, "zip": "54459"}, "lincoln-county-54487": {"city": "Lincoln County", "rent": 970, "zip": "54487"}, "lincoln-county-54501": {"city": "Lincoln County", "rent": 970, "zip": "54501"}, "lincoln-county-54532": {"city": "Lincoln County", "rent": 970, "zip": "54532"}, "lincoln-county-54564": {"city": "Lincoln County", "rent": 1130, "zip": "54564"}, "manitowoc-county-53014": {"city": "Manitowoc County", "rent": 1000, "zip": "53014"}, "manitowoc-county-53015": {"city": "Manitowoc County", "rent": 1110, "zip": "53015"}, "manitowoc-county-53020": {"city": "Manitowoc County", "rent": 1360, "zip": "53020"}, "manitowoc-county-53042": {"city": "Manitowoc County", "rent": 1070, "zip": "53042"}, "manitowoc-county-53061": {"city": "Manitowoc County", "rent": 1000, "zip": "53061"}, "manitowoc-county-53063": {"city": "Manitowoc County", "rent": 970, "zip": "53063"}, "manitowoc-county-54110": {"city": "Manitowoc County", "rent": 1040, "zip": "54110"}, "manitowoc-county-54126": {"city": "Manitowoc County", "rent": 1070, "zip": "54126"}, "manitowoc-county-54207": {"city": "Manitowoc County", "rent": 970, "zip": "54207"}, "manitowoc-county-54208": {"city": "Manitowoc County", "rent": 1040, "zip": "54208"}, "manitowoc-county-54214": {"city": "Manitowoc County", "rent": 1000, "zip": "54214"}, "manitowoc-county-54215": {"city": "Manitowoc County", "rent": 970, "zip": "54215"}, "manitowoc-county-54216": {"city": "Manitowoc County", "rent": 1040, "zip": "54216"}, "manitowoc-county-54220": {"city": "Manitowoc County", "rent": 970, "zip": "54220"}, "manitowoc-county-54227": {"city": "Manitowoc County", "rent": 1040, "zip": "54227"}, "manitowoc-county-54228": {"city": "Manitowoc County", "rent": 970, "zip": "54228"}, "manitowoc-county-54230": {"city": "Manitowoc County", "rent": 1040, "zip": "54230"}, "manitowoc-county-54232": {"city": "Manitowoc County", "rent": 970, "zip": "54232"}, "manitowoc-county-54240": {"city": "Manitowoc County", "rent": 970, "zip": "54240"}, "manitowoc-county-54241": {"city": "Manitowoc County", "rent": 1040, "zip": "54241"}, "manitowoc-county-54245": {"city": "Manitowoc County", "rent": 1110, "zip": "54245"}, "manitowoc-county-54247": {"city": "Manitowoc County", "rent": 1150, "zip": "54247"}, "marinette-county-54102": {"city": "Marinette County", "rent": 1020, "zip": "54102"}, "marinette-county-54103": {"city": "Marinette County", "rent": 1000, "zip": "54103"}, "marinette-county-54104": {"city": "Marinette County", "rent": 1000, "zip": "54104"}, "marinette-county-54112": {"city": "Marinette County", "rent": 970, "zip": "54112"}, "marinette-county-54114": {"city": "Marinette County", "rent": 970, "zip": "54114"}, "marinette-county-54119": {"city": "Marinette County", "rent": 1100, "zip": "54119"}, "marinette-county-54120": {"city": "Marinette County", "rent": 1080, "zip": "54120"}, "marinette-county-54125": {"city": "Marinette County", "rent": 970, "zip": "54125"}, "marinette-county-54139": {"city": "Marinette County", "rent": 970, "zip": "54139"}, "marinette-county-54143": {"city": "Marinette County", "rent": 990, "zip": "54143"}, "marinette-county-54151": {"city": "Marinette County", "rent": 1070, "zip": "54151"}, "marinette-county-54153": {"city": "Marinette County", "rent": 980, "zip": "54153"}, "marinette-county-54156": {"city": "Marinette County", "rent": 1010, "zip": "54156"}, "marinette-county-54157": {"city": "Marinette County", "rent": 970, "zip": "54157"}, "marinette-county-54159": {"city": "Marinette County", "rent": 970, "zip": "54159"}, "marinette-county-54161": {"city": "Marinette County", "rent": 970, "zip": "54161"}, "marinette-county-54177": {"city": "Marinette County", "rent": 970, "zip": "54177"}, "marquette-county-53901": {"city": "Marquette County", "rent": 1230, "zip": "53901"}, "marquette-county-53920": {"city": "Marquette County", "rent": 1170, "zip": "53920"}, "marquette-county-53926": {"city": "Marquette County", "rent": 1080, "zip": "53926"}, "marquette-county-53930": {"city": "Marquette County", "rent": 1020, "zip": "53930"}, "marquette-county-53946": {"city": "Marquette County", "rent": 980, "zip": "53946"}, "marquette-county-53949": {"city": "Marquette County", "rent": 970, "zip": "53949"}, "marquette-county-53952": {"city": "Marquette County", "rent": 1150, "zip": "53952"}, "marquette-county-53953": {"city": "Marquette County", "rent": 970, "zip": "53953"}, "marquette-county-53954": {"city": "Marquette County", "rent": 1110, "zip": "53954"}, "marquette-county-53964": {"city": "Marquette County", "rent": 970, "zip": "53964"}, "marquette-county-54930": {"city": "Marquette County", "rent": 1010, "zip": "54930"}, "marquette-county-54960": {"city": "Marquette County", "rent": 970, "zip": "54960"}, "marquette-county-54968": {"city": "Marquette County", "rent": 970, "zip": "54968"}, "marquette-county-54982": {"city": "Marquette County", "rent": 970, "zip": "54982"}, "menominee-county-54124": {"city": "Menominee County", "rent": 970, "zip": "54124"}, "menominee-county-54135": {"city": "Menominee County", "rent": 970, "zip": "54135"}, "menominee-county-54150": {"city": "Menominee County", "rent": 1020, "zip": "54150"}, "menominee-county-54166": {"city": "Menominee County", "rent": 970, "zip": "54166"}, "menominee-county-54174": {"city": "Menominee County", "rent": 980, "zip": "54174"}, "monroe-county-53929": {"city": "Monroe County", "rent": 990, "zip": "53929"}, "monroe-county-54614": {"city": "Monroe County", "rent": 1080, "zip": "54614"}, "monroe-county-54615": {"city": "Monroe County", "rent": 970, "zip": "54615"}, "monroe-county-54618": {"city": "Monroe County", "rent": 1070, "zip": "54618"}, "monroe-county-54619": {"city": "Monroe County", "rent": 1080, "zip": "54619"}, "monroe-county-54638": {"city": "Monroe County", "rent": 970, "zip": "54638"}, "monroe-county-54648": {"city": "Monroe County", "rent": 970, "zip": "54648"}, "monroe-county-54651": {"city": "Monroe County", "rent": 1090, "zip": "54651"}, "monroe-county-54653": {"city": "Monroe County", "rent": 1220, "zip": "54653"}, "monroe-county-54656": {"city": "Monroe County", "rent": 1080, "zip": "54656"}, "monroe-county-54660": {"city": "Monroe County", "rent": 1050, "zip": "54660"}, "monroe-county-54662": {"city": "Monroe County", "rent": 1040, "zip": "54662"}, "monroe-county-54666": {"city": "Monroe County", "rent": 1230, "zip": "54666"}, "monroe-county-54670": {"city": "Monroe County", "rent": 970, "zip": "54670"}, "oneida-county-54428": {"city": "Oneida County", "rent": 970, "zip": "54428"}, "oneida-county-54435": {"city": "Oneida County", "rent": 1010, "zip": "54435"}, "oneida-county-54463": {"city": "Oneida County", "rent": 970, "zip": "54463"}, "oneida-county-54487": {"city": "Oneida County", "rent": 970, "zip": "54487"}, "oneida-county-54501": {"city": "Oneida County", "rent": 970, "zip": "54501"}, "oneida-county-54521": {"city": "Oneida County", "rent": 1060, "zip": "54521"}, "oneida-county-54529": {"city": "Oneida County", "rent": 1020, "zip": "54529"}, "oneida-county-54531": {"city": "Oneida County", "rent": 1140, "zip": "54531"}, "oneida-county-54538": {"city": "Oneida County", "rent": 970, "zip": "54538"}, "oneida-county-54539": {"city": "Oneida County", "rent": 1000, "zip": "54539"}, "oneida-county-54543": {"city": "Oneida County", "rent": 1010, "zip": "54543"}, "oneida-county-54548": {"city": "Oneida County", "rent": 1070, "zip": "54548"}, "oneida-county-54558": {"city": "Oneida County", "rent": 1080, "zip": "54558"}, "oneida-county-54562": {"city": "Oneida County", "rent": 970, "zip": "54562"}, "oneida-county-54564": {"city": "Oneida County", "rent": 1130, "zip": "54564"}, "oneida-county-54568": {"city": "Oneida County", "rent": 970, "zip": "54568"}, "pepin-county-54721": {"city": "Pepin County", "rent": 1520, "zip": "54721"}, "pepin-county-54736": {"city": "Pepin County", "rent": 970, "zip": "54736"}, "pepin-county-54737": {"city": "Pepin County", "rent": 1030, "zip": "54737"}, "pepin-county-54755": {"city": "Pepin County", "rent": 990, "zip": "54755"}, "pepin-county-54759": {"city": "Pepin County", "rent": 1520, "zip": "54759"}, "pepin-county-54761": {"city": "Pepin County", "rent": 1520, "zip": "54761"}, "pepin-county-54769": {"city": "Pepin County", "rent": 1520, "zip": "54769"}, "polk-county-54001": {"city": "Polk County", "rent": 1230, "zip": "54001"}, "polk-county-54004": {"city": "Polk County", "rent": 1000, "zip": "54004"}, "polk-county-54005": {"city": "Polk County", "rent": 1520, "zip": "54005"}, "polk-county-54006": {"city": "Polk County", "rent": 1000, "zip": "54006"}, "polk-county-54007": {"city": "Polk County", "rent": 1520, "zip": "54007"}, "polk-county-54009": {"city": "Polk County", "rent": 1260, "zip": "54009"}, "polk-county-54017": {"city": "Polk County", "rent": 1520, "zip": "54017"}, "polk-county-54020": {"city": "Polk County", "rent": 1520, "zip": "54020"}, "polk-county-54024": {"city": "Polk County", "rent": 1080, "zip": "54024"}, "polk-county-54025": {"city": "Polk County", "rent": 1520, "zip": "54025"}, "polk-county-54026": {"city": "Polk County", "rent": 1520, "zip": "54026"}, "polk-county-54810": {"city": "Polk County", "rent": 1270, "zip": "54810"}, "polk-county-54824": {"city": "Polk County", "rent": 1000, "zip": "54824"}, "polk-county-54826": {"city": "Polk County", "rent": 1050, "zip": "54826"}, "polk-county-54829": {"city": "Polk County", "rent": 1070, "zip": "54829"}, "polk-county-54837": {"city": "Polk County", "rent": 1000, "zip": "54837"}, "polk-county-54840": {"city": "Polk County", "rent": 1050, "zip": "54840"}, "polk-county-54853": {"city": "Polk County", "rent": 1010, "zip": "54853"}, "polk-county-54858": {"city": "Polk County", "rent": 1000, "zip": "54858"}, "polk-county-54872": {"city": "Polk County", "rent": 1000, "zip": "54872"}, "polk-county-54889": {"city": "Polk County", "rent": 1000, "zip": "54889"}, "portage-county-54406": {"city": "Portage County", "rent": 970, "zip": "54406"}, "portage-county-54407": {"city": "Portage County", "rent": 1160, "zip": "54407"}, "portage-county-54423": {"city": "Portage County", "rent": 970, "zip": "54423"}, "portage-county-54443": {"city": "Portage County", "rent": 970, "zip": "54443"}, "portage-county-54454": {"city": "Portage County", "rent": 970, "zip": "54454"}, "portage-county-54455": {"city": "Portage County", "rent": 1210, "zip": "54455"}, "portage-county-54458": {"city": "Portage County", "rent": 1010, "zip": "54458"}, "portage-county-54467": {"city": "Portage County", "rent": 1140, "zip": "54467"}, "portage-county-54473": {"city": "Portage County", "rent": 970, "zip": "54473"}, "portage-county-54475": {"city": "Portage County", "rent": 970, "zip": "54475"}, "portage-county-54481": {"city": "Portage County", "rent": 1030, "zip": "54481"}, "portage-county-54482": {"city": "Portage County", "rent": 1120, "zip": "54482"}, "portage-county-54494": {"city": "Portage County", "rent": 1070, "zip": "54494"}, "portage-county-54499": {"city": "Portage County", "rent": 970, "zip": "54499"}, "portage-county-54909": {"city": "Portage County", "rent": 1030, "zip": "54909"}, "portage-county-54921": {"city": "Portage County", "rent": 970, "zip": "54921"}, "portage-county-54945": {"city": "Portage County", "rent": 970, "zip": "54945"}, "portage-county-54966": {"city": "Portage County", "rent": 970, "zip": "54966"}, "portage-county-54977": {"city": "Portage County", "rent": 1130, "zip": "54977"}, "portage-county-54981": {"city": "Portage County", "rent": 970, "zip": "54981"}, "portage-county-54984": {"city": "Portage County", "rent": 1040, "zip": "54984"}, "price-county-54459": {"city": "Price County", "rent": 1110, "zip": "54459"}, "price-county-54470": {"city": "Price County", "rent": 970, "zip": "54470"}, "price-county-54490": {"city": "Price County", "rent": 970, "zip": "54490"}, "price-county-54513": {"city": "Price County", "rent": 1040, "zip": "54513"}, "price-county-54514": {"city": "Price County", "rent": 970, "zip": "54514"}, "price-county-54515": {"city": "Price County", "rent": 1040, "zip": "54515"}, "price-county-54524": {"city": "Price County", "rent": 980, "zip": "54524"}, "price-county-54530": {"city": "Price County", "rent": 970, "zip": "54530"}, "price-county-54537": {"city": "Price County", "rent": 1000, "zip": "54537"}, "price-county-54538": {"city": "Price County", "rent": 970, "zip": "54538"}, "price-county-54552": {"city": "Price County", "rent": 970, "zip": "54552"}, "price-county-54555": {"city": "Price County", "rent": 1000, "zip": "54555"}, "price-county-54556": {"city": "Price County", "rent": 980, "zip": "54556"}, "price-county-54564": {"city": "Price County", "rent": 1130, "zip": "54564"}, "richland-county-53518": {"city": "Richland County", "rent": 970, "zip": "53518"}, "richland-county-53540": {"city": "Richland County", "rent": 1290, "zip": "53540"}, "richland-county-53556": {"city": "Richland County", "rent": 980, "zip": "53556"}, "richland-county-53573": {"city": "Richland County", "rent": 970, "zip": "53573"}, "richland-county-53581": {"city": "Richland County", "rent": 970, "zip": "53581"}, "richland-county-53584": {"city": "Richland County", "rent": 980, "zip": "53584"}, "richland-county-53588": {"city": "Richland County", "rent": 1140, "zip": "53588"}, "richland-county-53805": {"city": "Richland County", "rent": 970, "zip": "53805"}, "richland-county-53924": {"city": "Richland County", "rent": 980, "zip": "53924"}, "richland-county-53937": {"city": "Richland County", "rent": 1090, "zip": "53937"}, "richland-county-53941": {"city": "Richland County", "rent": 990, "zip": "53941"}, "richland-county-53968": {"city": "Richland County", "rent": 1050, "zip": "53968"}, "richland-county-54634": {"city": "Richland County", "rent": 970, "zip": "54634"}, "richland-county-54639": {"city": "Richland County", "rent": 970, "zip": "54639"}, "richland-county-54655": {"city": "Richland County", "rent": 970, "zip": "54655"}, "richland-county-54664": {"city": "Richland County", "rent": 1120, "zip": "54664"}, "rusk-county-54526": {"city": "Rusk County", "rent": 970, "zip": "54526"}, "rusk-county-54530": {"city": "Rusk County", "rent": 970, "zip": "54530"}, "rusk-county-54563": {"city": "Rusk County", "rent": 1040, "zip": "54563"}, "rusk-county-54728": {"city": "Rusk County", "rent": 1030, "zip": "54728"}, "rusk-county-54731": {"city": "Rusk County", "rent": 1350, "zip": "54731"}, "rusk-county-54745": {"city": "Rusk County", "rent": 1110, "zip": "54745"}, "rusk-county-54757": {"city": "Rusk County", "rent": 990, "zip": "54757"}, "rusk-county-54766": {"city": "Rusk County", "rent": 1020, "zip": "54766"}, "rusk-county-54817": {"city": "Rusk County", "rent": 970, "zip": "54817"}, "rusk-county-54819": {"city": "Rusk County", "rent": 970, "zip": "54819"}, "rusk-county-54835": {"city": "Rusk County", "rent": 970, "zip": "54835"}, "rusk-county-54848": {"city": "Rusk County", "rent": 970, "zip": "54848"}, "rusk-county-54868": {"city": "Rusk County", "rent": 980, "zip": "54868"}, "rusk-county-54895": {"city": "Rusk County", "rent": 1070, "zip": "54895"}, "sauk-county-53556": {"city": "Sauk County", "rent": 980, "zip": "53556"}, "sauk-county-53561": {"city": "Sauk County", "rent": 1190, "zip": "53561"}, "sauk-county-53577": {"city": "Sauk County", "rent": 1110, "zip": "53577"}, "sauk-county-53578": {"city": "Sauk County", "rent": 1360, "zip": "53578"}, "sauk-county-53583": {"city": "Sauk County", "rent": 1330, "zip": "53583"}, "sauk-county-53588": {"city": "Sauk County", "rent": 1140, "zip": "53588"}, "sauk-county-53901": {"city": "Sauk County", "rent": 1230, "zip": "53901"}, "sauk-county-53913": {"city": "Sauk County", "rent": 1100, "zip": "53913"}, "sauk-county-53924": {"city": "Sauk County", "rent": 980, "zip": "53924"}, "sauk-county-53937": {"city": "Sauk County", "rent": 1090, "zip": "53937"}, "sauk-county-53940": {"city": "Sauk County", "rent": 1110, "zip": "53940"}, "sauk-county-53941": {"city": "Sauk County", "rent": 990, "zip": "53941"}, "sauk-county-53942": {"city": "Sauk County", "rent": 1020, "zip": "53942"}, "sauk-county-53943": {"city": "Sauk County", "rent": 1160, "zip": "53943"}, "sauk-county-53944": {"city": "Sauk County", "rent": 1100, "zip": "53944"}, "sauk-county-53951": {"city": "Sauk County", "rent": 1010, "zip": "53951"}, "sauk-county-53959": {"city": "Sauk County", "rent": 1070, "zip": "53959"}, "sauk-county-53961": {"city": "Sauk County", "rent": 1060, "zip": "53961"}, "sauk-county-53965": {"city": "Sauk County", "rent": 1140, "zip": "53965"}, "sauk-county-53968": {"city": "Sauk County", "rent": 1050, "zip": "53968"}, "sawyer-county-54517": {"city": "Sawyer County", "rent": 1010, "zip": "54517"}, "sawyer-county-54552": {"city": "Sawyer County", "rent": 970, "zip": "54552"}, "sawyer-county-54817": {"city": "Sawyer County", "rent": 970, "zip": "54817"}, "sawyer-county-54821": {"city": "Sawyer County", "rent": 970, "zip": "54821"}, "sawyer-county-54828": {"city": "Sawyer County", "rent": 1050, "zip": "54828"}, "sawyer-county-54835": {"city": "Sawyer County", "rent": 970, "zip": "54835"}, "sawyer-county-54843": {"city": "Sawyer County", "rent": 1050, "zip": "54843"}, "sawyer-county-54862": {"city": "Sawyer County", "rent": 1080, "zip": "54862"}, "sawyer-county-54867": {"city": "Sawyer County", "rent": 970, "zip": "54867"}, "sawyer-county-54876": {"city": "Sawyer County", "rent": 1230, "zip": "54876"}, "sawyer-county-54896": {"city": "Sawyer County", "rent": 1210, "zip": "54896"}, "shawano-county-54106": {"city": "Shawano County", "rent": 1010, "zip": "54106"}, "shawano-county-54107": {"city": "Shawano County", "rent": 1000, "zip": "54107"}, "shawano-county-54111": {"city": "Shawano County", "rent": 1120, "zip": "54111"}, "shawano-county-54124": {"city": "Shawano County", "rent": 970, "zip": "54124"}, "shawano-county-54127": {"city": "Shawano County", "rent": 1030, "zip": "54127"}, "shawano-county-54128": {"city": "Shawano County", "rent": 1020, "zip": "54128"}, "shawano-county-54137": {"city": "Shawano County", "rent": 1020, "zip": "54137"}, "shawano-county-54150": {"city": "Shawano County", "rent": 1020, "zip": "54150"}, "shawano-county-54154": {"city": "Shawano County", "rent": 970, "zip": "54154"}, "shawano-county-54162": {"city": "Shawano County", "rent": 1040, "zip": "54162"}, "shawano-county-54165": {"city": "Shawano County", "rent": 1130, "zip": "54165"}, "shawano-county-54166": {"city": "Shawano County", "rent": 970, "zip": "54166"}, "shawano-county-54170": {"city": "Shawano County", "rent": 1010, "zip": "54170"}, "shawano-county-54408": {"city": "Shawano County", "rent": 970, "zip": "54408"}, "shawano-county-54409": {"city": "Shawano County", "rent": 990, "zip": "54409"}, "shawano-county-54414": {"city": "Shawano County", "rent": 970, "zip": "54414"}, "shawano-county-54416": {"city": "Shawano County", "rent": 970, "zip": "54416"}, "shawano-county-54427": {"city": "Shawano County", "rent": 1010, "zip": "54427"}, "shawano-county-54450": {"city": "Shawano County", "rent": 1220, "zip": "54450"}, "shawano-county-54486": {"city": "Shawano County", "rent": 1090, "zip": "54486"}, "shawano-county-54499": {"city": "Shawano County", "rent": 970, "zip": "54499"}, "shawano-county-54928": {"city": "Shawano County", "rent": 1020, "zip": "54928"}, "shawano-county-54929": {"city": "Shawano County", "rent": 1000, "zip": "54929"}, "shawano-county-54948": {"city": "Shawano County", "rent": 1020, "zip": "54948"}, "shawano-county-54950": {"city": "Shawano County", "rent": 970, "zip": "54950"}, "shawano-county-54978": {"city": "Shawano County", "rent": 980, "zip": "54978"}, "taylor-county-54411": {"city": "Taylor County", "rent": 1000, "zip": "54411"}, "taylor-county-54422": {"city": "Taylor County", "rent": 1080, "zip": "54422"}, "taylor-county-54425": {"city": "Taylor County", "rent": 970, "zip": "54425"}, "taylor-county-54433": {"city": "Taylor County", "rent": 990, "zip": "54433"}, "taylor-county-54447": {"city": "Taylor County", "rent": 970, "zip": "54447"}, "taylor-county-54451": {"city": "Taylor County", "rent": 1000, "zip": "54451"}, "taylor-county-54459": {"city": "Taylor County", "rent": 1110, "zip": "54459"}, "taylor-county-54460": {"city": "Taylor County", "rent": 1010, "zip": "54460"}, "taylor-county-54470": {"city": "Taylor County", "rent": 970, "zip": "54470"}, "taylor-county-54480": {"city": "Taylor County", "rent": 1140, "zip": "54480"}, "taylor-county-54490": {"city": "Taylor County", "rent": 970, "zip": "54490"}, "taylor-county-54498": {"city": "Taylor County", "rent": 1110, "zip": "54498"}, "taylor-county-54766": {"city": "Taylor County", "rent": 1020, "zip": "54766"}, "taylor-county-54768": {"city": "Taylor County", "rent": 1040, "zip": "54768"}, "taylor-county-54771": {"city": "Taylor County", "rent": 1000, "zip": "54771"}, "trempealeau-county-54612": {"city": "Trempealeau County", "rent": 1110, "zip": "54612"}, "trempealeau-county-54616": {"city": "Trempealeau County", "rent": 970, "zip": "54616"}, "trempealeau-county-54625": {"city": "Trempealeau County", "rent": 970, "zip": "54625"}, "trempealeau-county-54627": {"city": "Trempealeau County", "rent": 970, "zip": "54627"}, "trempealeau-county-54630": {"city": "Trempealeau County", "rent": 1060, "zip": "54630"}, "trempealeau-county-54642": {"city": "Trempealeau County", "rent": 1210, "zip": "54642"}, "trempealeau-county-54659": {"city": "Trempealeau County", "rent": 970, "zip": "54659"}, "trempealeau-county-54661": {"city": "Trempealeau County", "rent": 1180, "zip": "54661"}, "trempealeau-county-54738": {"city": "Trempealeau County", "rent": 990, "zip": "54738"}, "trempealeau-county-54747": {"city": "Trempealeau County", "rent": 1000, "zip": "54747"}, "trempealeau-county-54755": {"city": "Trempealeau County", "rent": 990, "zip": "54755"}, "trempealeau-county-54758": {"city": "Trempealeau County", "rent": 990, "zip": "54758"}, "trempealeau-county-54760": {"city": "Trempealeau County", "rent": 970, "zip": "54760"}, "trempealeau-county-54770": {"city": "Trempealeau County", "rent": 990, "zip": "54770"}, "trempealeau-county-54773": {"city": "Trempealeau County", "rent": 970, "zip": "54773"}, "vilas-county-54512": {"city": "Vilas County", "rent": 1130, "zip": "54512"}, "vilas-county-54519": {"city": "Vilas County", "rent": 1000, "zip": "54519"}, "vilas-county-54521": {"city": "Vilas County", "rent": 1060, "zip": "54521"}, "vilas-county-54538": {"city": "Vilas County", "rent": 970, "zip": "54538"}, "vilas-county-54540": {"city": "Vilas County", "rent": 970, "zip": "54540"}, "vilas-county-54545": {"city": "Vilas County", "rent": 1280, "zip": "54545"}, "vilas-county-54548": {"city": "Vilas County", "rent": 1070, "zip": "54548"}, "vilas-county-54554": {"city": "Vilas County", "rent": 970, "zip": "54554"}, "vilas-county-54557": {"city": "Vilas County", "rent": 1140, "zip": "54557"}, "vilas-county-54558": {"city": "Vilas County", "rent": 1080, "zip": "54558"}, "vilas-county-54560": {"city": "Vilas County", "rent": 1230, "zip": "54560"}, "vilas-county-54561": {"city": "Vilas County", "rent": 1090, "zip": "54561"}, "vilas-county-54568": {"city": "Vilas County", "rent": 970, "zip": "54568"}, "walworth-county-53105": {"city": "Walworth County", "rent": 1310, "zip": "53105"}, "walworth-county-53114": {"city": "Walworth County", "rent": 1070, "zip": "53114"}, "walworth-county-53115": {"city": "Walworth County", "rent": 1140, "zip": "53115"}, "walworth-county-53119": {"city": "Walworth County", "rent": 1170, "zip": "53119"}, "walworth-county-53120": {"city": "Walworth County", "rent": 1570, "zip": "53120"}, "walworth-county-53121": {"city": "Walworth County", "rent": 1130, "zip": "53121"}, "walworth-county-53125": {"city": "Walworth County", "rent": 1510, "zip": "53125"}, "walworth-county-53128": {"city": "Walworth County", "rent": 1370, "zip": "53128"}, "walworth-county-53147": {"city": "Walworth County", "rent": 1320, "zip": "53147"}, "walworth-county-53148": {"city": "Walworth County", "rent": 1210, "zip": "53148"}, "walworth-county-53149": {"city": "Walworth County", "rent": 1340, "zip": "53149"}, "walworth-county-53156": {"city": "Walworth County", "rent": 1070, "zip": "53156"}, "walworth-county-53157": {"city": "Walworth County", "rent": 1210, "zip": "53157"}, "walworth-county-53176": {"city": "Walworth County", "rent": 1290, "zip": "53176"}, "walworth-county-53184": {"city": "Walworth County", "rent": 1140, "zip": "53184"}, "walworth-county-53190": {"city": "Walworth County", "rent": 1090, "zip": "53190"}, "walworth-county-53191": {"city": "Walworth County", "rent": 1270, "zip": "53191"}, "walworth-county-53195": {"city": "Walworth County", "rent": 1070, "zip": "53195"}, "walworth-county-53505": {"city": "Walworth County", "rent": 1870, "zip": "53505"}, "walworth-county-53525": {"city": "Walworth County", "rent": 1280, "zip": "53525"}, "walworth-county-53585": {"city": "Walworth County", "rent": 1130, "zip": "53585"}, "washburn-county-54801": {"city": "Washburn County", "rent": 970, "zip": "54801"}, "washburn-county-54813": {"city": "Washburn County", "rent": 970, "zip": "54813"}, "washburn-county-54817": {"city": "Washburn County", "rent": 970, "zip": "54817"}, "washburn-county-54830": {"city": "Washburn County", "rent": 1030, "zip": "54830"}, "washburn-county-54843": {"city": "Washburn County", "rent": 1050, "zip": "54843"}, "washburn-county-54859": {"city": "Washburn County", "rent": 1060, "zip": "54859"}, "washburn-county-54868": {"city": "Washburn County", "rent": 980, "zip": "54868"}, "washburn-county-54870": {"city": "Washburn County", "rent": 1360, "zip": "54870"}, "washburn-county-54871": {"city": "Washburn County", "rent": 1080, "zip": "54871"}, "washburn-county-54875": {"city": "Washburn County", "rent": 970, "zip": "54875"}, "washburn-county-54876": {"city": "Washburn County", "rent": 1230, "zip": "54876"}, "washburn-county-54888": {"city": "Washburn County", "rent": 970, "zip": "54888"}, "waupaca-county-54170": {"city": "Waupaca County", "rent": 1010, "zip": "54170"}, "waupaca-county-54486": {"city": "Waupaca County", "rent": 1090, "zip": "54486"}, "waupaca-county-54499": {"city": "Waupaca County", "rent": 970, "zip": "54499"}, "waupaca-county-54922": {"city": "Waupaca County", "rent": 1460, "zip": "54922"}, "waupaca-county-54926": {"city": "Waupaca County", "rent": 1000, "zip": "54926"}, "waupaca-county-54929": {"city": "Waupaca County", "rent": 1000, "zip": "54929"}, "waupaca-county-54933": {"city": "Waupaca County", "rent": 970, "zip": "54933"}, "waupaca-county-54940": {"city": "Waupaca County", "rent": 1110, "zip": "54940"}, "waupaca-county-54945": {"city": "Waupaca County", "rent": 970, "zip": "54945"}, "waupaca-county-54946": {"city": "Waupaca County", "rent": 970, "zip": "54946"}, "waupaca-county-54949": {"city": "Waupaca County", "rent": 970, "zip": "54949"}, "waupaca-county-54950": {"city": "Waupaca County", "rent": 970, "zip": "54950"}, "waupaca-county-54961": {"city": "Waupaca County", "rent": 1030, "zip": "54961"}, "waupaca-county-54962": {"city": "Waupaca County", "rent": 1000, "zip": "54962"}, "waupaca-county-54965": {"city": "Waupaca County", "rent": 1150, "zip": "54965"}, "waupaca-county-54969": {"city": "Waupaca County", "rent": 970, "zip": "54969"}, "waupaca-county-54977": {"city": "Waupaca County", "rent": 1130, "zip": "54977"}, "waupaca-county-54981": {"city": "Waupaca County", "rent": 970, "zip": "54981"}, "waupaca-county-54983": {"city": "Waupaca County", "rent": 1060, "zip": "54983"}, "waushara-county-53964": {"city": "Waushara County", "rent": 970, "zip": "53964"}, "waushara-county-54909": {"city": "Waushara County", "rent": 1030, "zip": "54909"}, "waushara-county-54921": {"city": "Waushara County", "rent": 970, "zip": "54921"}, "waushara-county-54923": {"city": "Waushara County", "rent": 1020, "zip": "54923"}, "waushara-county-54930": {"city": "Waushara County", "rent": 1010, "zip": "54930"}, "waushara-county-54940": {"city": "Waushara County", "rent": 1110, "zip": "54940"}, "waushara-county-54943": {"city": "Waushara County", "rent": 970, "zip": "54943"}, "waushara-county-54960": {"city": "Waushara County", "rent": 970, "zip": "54960"}, "waushara-county-54963": {"city": "Waushara County", "rent": 1230, "zip": "54963"}, "waushara-county-54965": {"city": "Waushara County", "rent": 1150, "zip": "54965"}, "waushara-county-54966": {"city": "Waushara County", "rent": 970, "zip": "54966"}, "waushara-county-54967": {"city": "Waushara County", "rent": 1120, "zip": "54967"}, "waushara-county-54970": {"city": "Waushara County", "rent": 970, "zip": "54970"}, "waushara-county-54976": {"city": "Waushara County", "rent": 970, "zip": "54976"}, "waushara-county-54981": {"city": "Waushara County", "rent": 970, "zip": "54981"}, "waushara-county-54982": {"city": "Waushara County", "rent": 970, "zip": "54982"}, "waushara-county-54983": {"city": "Waushara County", "rent": 1060, "zip": "54983"}, "waushara-county-54984": {"city": "Waushara County", "rent": 1040, "zip": "54984"}, "waushara-county-54986": {"city": "Waushara County", "rent": 1040, "zip": "54986"}, "wood-county-54410": {"city": "Wood County", "rent": 970, "zip": "54410"}, "wood-county-54412": {"city": "Wood County", "rent": 970, "zip": "54412"}, "wood-county-54413": {"city": "Wood County", "rent": 980, "zip": "54413"}, "wood-county-54415": {"city": "Wood County", "rent": 970, "zip": "54415"}, "wood-county-54420": {"city": "Wood County", "rent": 970, "zip": "54420"}, "wood-county-54441": {"city": "Wood County", "rent": 1030, "zip": "54441"}, "wood-county-54443": {"city": "Wood County", "rent": 970, "zip": "54443"}, "wood-county-54449": {"city": "Wood County", "rent": 1030, "zip": "54449"}, "wood-county-54454": {"city": "Wood County", "rent": 970, "zip": "54454"}, "wood-county-54457": {"city": "Wood County", "rent": 970, "zip": "54457"}, "wood-county-54466": {"city": "Wood County", "rent": 970, "zip": "54466"}, "wood-county-54469": {"city": "Wood County", "rent": 970, "zip": "54469"}, "wood-county-54475": {"city": "Wood County", "rent": 970, "zip": "54475"}, "wood-county-54489": {"city": "Wood County", "rent": 1140, "zip": "54489"}, "wood-county-54494": {"city": "Wood County", "rent": 1070, "zip": "54494"}, "wood-county-54495": {"city": "Wood County", "rent": 970, "zip": "54495"}}