{"casper-82601": {"city": "Casper", "rent": 970, "zip": "82601"}, "casper-82602": {"city": "Casper", "rent": 1080, "zip": "82602"}, "casper-82604": {"city": "Casper", "rent": 1270, "zip": "82604"}, "casper-82605": {"city": "Casper", "rent": 1080, "zip": "82605"}, "casper-82609": {"city": "Casper", "rent": 1110, "zip": "82609"}, "casper-82620": {"city": "Casper", "rent": 1050, "zip": "82620"}, "casper-82630": {"city": "Casper", "rent": 1080, "zip": "82630"}, "casper-82635": {"city": "Casper", "rent": 1080, "zip": "82635"}, "casper-82636": {"city": "Casper", "rent": 1120, "zip": "82636"}, "casper-82638": {"city": "Casper", "rent": 1080, "zip": "82638"}, "casper-82639": {"city": "Casper", "rent": 1360, "zip": "82639"}, "casper-82642": {"city": "Casper", "rent": 960, "zip": "82642"}, "casper-82643": {"city": "Casper", "rent": 960, "zip": "82643"}, "casper-82644": {"city": "Casper", "rent": 960, "zip": "82644"}, "casper-82646": {"city": "Casper", "rent": 1140, "zip": "82646"}, "casper-82648": {"city": "Casper", "rent": 1080, "zip": "82648"}, "cheyenne-82001": {"city": "Cheyenne", "rent": 1210, "zip": "82001"}, "cheyenne-82003": {"city": "Cheyenne", "rent": 1170, "zip": "82003"}, "cheyenne-82005": {"city": "Cheyenne", "rent": 1200, "zip": "82005"}, "cheyenne-82007": {"city": "Cheyenne", "rent": 1240, "zip": "82007"}, "cheyenne-82009": {"city": "Cheyenne", "rent": 1180, "zip": "82009"}, "cheyenne-82010": {"city": "Cheyenne", "rent": 1170, "zip": "82010"}, "cheyenne-82050": {"city": "Cheyenne", "rent": 1110, "zip": "82050"}, "cheyenne-82052": {"city": "Cheyenne", "rent": 1030, "zip": "82052"}, "cheyenne-82053": {"city": "Cheyenne", "rent": 1470, "zip": "82053"}, "cheyenne-82054": {"city": "Cheyenne", "rent": 1170, "zip": "82054"}, "cheyenne-82059": {"city": "Cheyenne", "rent": 1320, "zip": "82059"}, "cheyenne-82060": {"city": "Cheyenne", "rent": 1310, "zip": "82060"}, "cheyenne-82061": {"city": "Cheyenne", "rent": 1180, "zip": "82061"}, "cheyenne-82081": {"city": "Cheyenne", "rent": 1090, "zip": "82081"}, "cheyenne-82082": {"city": "Cheyenne", "rent": 1380, "zip": "82082"}, "cheyenne-82210": {"city": "Cheyenne", "rent": 1080, "zip": "82210"}, "cheyenne-82221": {"city": "Cheyenne", "rent": 1030, "zip": "82221"}, "albany-county-82051": {"city": "Albany County", "rent": 960, "zip": "82051"}, "albany-county-82052": {"city": "Albany County", "rent": 1030, "zip": "82052"}, "albany-county-82055": {"city": "Albany County", "rent": 990, "zip": "82055"}, "albany-county-82058": {"city": "Albany County", "rent": 960, "zip": "82058"}, "albany-county-82063": {"city": "Albany County", "rent": 1530, "zip": "82063"}, "albany-county-82070": {"city": "Albany County", "rent": 990, "zip": "82070"}, "albany-county-82072": {"city": "Albany County", "rent": 960, "zip": "82072"}, "albany-county-82073": {"city": "Albany County", "rent": 990, "zip": "82073"}, "albany-county-82083": {"city": "Albany County", "rent": 990, "zip": "82083"}, "albany-county-82084": {"city": "Albany County", "rent": 960, "zip": "82084"}, "albany-county-82201": {"city": "Albany County", "rent": 960, "zip": "82201"}, "albany-county-82329": {"city": "Albany County", "rent": 980, "zip": "82329"}, "big-horn-county-82401": {"city": "Big Horn County", "rent": 960, "zip": "82401"}, "big-horn-county-82410": {"city": "Big Horn County", "rent": 960, "zip": "82410"}, "big-horn-county-82411": {"city": "Big Horn County", "rent": 960, "zip": "82411"}, "big-horn-county-82412": {"city": "Big Horn County", "rent": 1170, "zip": "82412"}, "big-horn-county-82420": {"city": "Big Horn County", "rent": 1010, "zip": "82420"}, "big-horn-county-82421": {"city": "Big Horn County", "rent": 960, "zip": "82421"}, "big-horn-county-82422": {"city": "Big Horn County", "rent": 970, "zip": "82422"}, "big-horn-county-82423": {"city": "Big Horn County", "rent": 960, "zip": "82423"}, "big-horn-county-82426": {"city": "Big Horn County", "rent": 970, "zip": "82426"}, "big-horn-county-82428": {"city": "Big Horn County", "rent": 960, "zip": "82428"}, "big-horn-county-82431": {"city": "Big Horn County", "rent": 1030, "zip": "82431"}, "big-horn-county-82432": {"city": "Big Horn County", "rent": 960, "zip": "82432"}, "big-horn-county-82434": {"city": "Big Horn County", "rent": 960, "zip": "82434"}, "big-horn-county-82435": {"city": "Big Horn County", "rent": 960, "zip": "82435"}, "big-horn-county-82441": {"city": "Big Horn County", "rent": 1020, "zip": "82441"}, "big-horn-county-82442": {"city": "Big Horn County", "rent": 990, "zip": "82442"}, "campbell-county-82701": {"city": "Campbell County", "rent": 1040, "zip": "82701"}, "campbell-county-82716": {"city": "Campbell County", "rent": 960, "zip": "82716"}, "campbell-county-82717": {"city": "Campbell County", "rent": 1020, "zip": "82717"}, "campbell-county-82718": {"city": "Campbell County", "rent": 1080, "zip": "82718"}, "campbell-county-82721": {"city": "Campbell County", "rent": 960, "zip": "82721"}, "campbell-county-82725": {"city": "Campbell County", "rent": 970, "zip": "82725"}, "campbell-county-82727": {"city": "Campbell County", "rent": 1000, "zip": "82727"}, "campbell-county-82731": {"city": "Campbell County", "rent": 960, "zip": "82731"}, "campbell-county-82732": {"city": "Campbell County", "rent": 1150, "zip": "82732"}, "campbell-county-82831": {"city": "Campbell County", "rent": 1160, "zip": "82831"}, "carbon-county-82083": {"city": "Carbon County", "rent": 990, "zip": "82083"}, "carbon-county-82301": {"city": "Carbon County", "rent": 960, "zip": "82301"}, "carbon-county-82321": {"city": "Carbon County", "rent": 1070, "zip": "82321"}, "carbon-county-82323": {"city": "Carbon County", "rent": 1100, "zip": "82323"}, "carbon-county-82324": {"city": "Carbon County", "rent": 980, "zip": "82324"}, "carbon-county-82325": {"city": "Carbon County", "rent": 1130, "zip": "82325"}, "carbon-county-82327": {"city": "Carbon County", "rent": 1190, "zip": "82327"}, "carbon-county-82329": {"city": "Carbon County", "rent": 980, "zip": "82329"}, "carbon-county-82331": {"city": "Carbon County", "rent": 980, "zip": "82331"}, "carbon-county-82332": {"city": "Carbon County", "rent": 1140, "zip": "82332"}, "carbon-county-82334": {"city": "Carbon County", "rent": 1190, "zip": "82334"}, "carbon-county-82335": {"city": "Carbon County", "rent": 980, "zip": "82335"}, "carbon-county-82604": {"city": "Carbon County", "rent": 1270, "zip": "82604"}, "carbon-county-82615": {"city": "Carbon County", "rent": 980, "zip": "82615"}, "carbon-county-82620": {"city": "Carbon County", "rent": 1050, "zip": "82620"}, "converse-county-82224": {"city": "Converse County", "rent": 960, "zip": "82224"}, "converse-county-82229": {"city": "Converse County", "rent": 990, "zip": "82229"}, "converse-county-82633": {"city": "Converse County", "rent": 990, "zip": "82633"}, "converse-county-82636": {"city": "Converse County", "rent": 1120, "zip": "82636"}, "converse-county-82637": {"city": "Converse County", "rent": 1070, "zip": "82637"}, "crook-county-57717": {"city": "Crook County", "rent": 1090, "zip": "57717"}, "crook-county-82710": {"city": "Crook County", "rent": 1080, "zip": "82710"}, "crook-county-82711": {"city": "Crook County", "rent": 960, "zip": "82711"}, "crook-county-82712": {"city": "Crook County", "rent": 1080, "zip": "82712"}, "crook-county-82714": {"city": "Crook County", "rent": 990, "zip": "82714"}, "crook-county-82720": {"city": "Crook County", "rent": 960, "zip": "82720"}, "crook-county-82721": {"city": "Crook County", "rent": 960, "zip": "82721"}, "crook-county-82729": {"city": "Crook County", "rent": 1070, "zip": "82729"}, "crook-county-82730": {"city": "Crook County", "rent": 1150, "zip": "82730"}, "fremont-county-82301": {"city": "Fremont County", "rent": 960, "zip": "82301"}, "fremont-county-82310": {"city": "Fremont County", "rent": 980, "zip": "82310"}, "fremont-county-82501": {"city": "Fremont County", "rent": 980, "zip": "82501"}, "fremont-county-82510": {"city": "Fremont County", "rent": 960, "zip": "82510"}, "fremont-county-82512": {"city": "Fremont County", "rent": 980, "zip": "82512"}, "fremont-county-82513": {"city": "Fremont County", "rent": 960, "zip": "82513"}, "fremont-county-82514": {"city": "Fremont County", "rent": 960, "zip": "82514"}, "fremont-county-82515": {"city": "Fremont County", "rent": 980, "zip": "82515"}, "fremont-county-82516": {"city": "Fremont County", "rent": 1030, "zip": "82516"}, "fremont-county-82520": {"city": "Fremont County", "rent": 980, "zip": "82520"}, "fremont-county-82523": {"city": "Fremont County", "rent": 1080, "zip": "82523"}, "fremont-county-82524": {"city": "Fremont County", "rent": 960, "zip": "82524"}, "fremont-county-82642": {"city": "Fremont County", "rent": 960, "zip": "82642"}, "fremont-county-82649": {"city": "Fremont County", "rent": 960, "zip": "82649"}, "goshen-county-82201": {"city": "Goshen County", "rent": 960, "zip": "82201"}, "goshen-county-82210": {"city": "Goshen County", "rent": 1080, "zip": "82210"}, "goshen-county-82212": {"city": "Goshen County", "rent": 960, "zip": "82212"}, "goshen-county-82217": {"city": "Goshen County", "rent": 970, "zip": "82217"}, "goshen-county-82218": {"city": "Goshen County", "rent": 980, "zip": "82218"}, "goshen-county-82219": {"city": "Goshen County", "rent": 1110, "zip": "82219"}, "goshen-county-82221": {"city": "Goshen County", "rent": 1030, "zip": "82221"}, "goshen-county-82223": {"city": "Goshen County", "rent": 960, "zip": "82223"}, "goshen-county-82225": {"city": "Goshen County", "rent": 1200, "zip": "82225"}, "goshen-county-82240": {"city": "Goshen County", "rent": 980, "zip": "82240"}, "goshen-county-82242": {"city": "Goshen County", "rent": 1120, "zip": "82242"}, "goshen-county-82243": {"city": "Goshen County", "rent": 970, "zip": "82243"}, "goshen-county-82244": {"city": "Goshen County", "rent": 1000, "zip": "82244"}, "hot-springs-county-82401": {"city": "Hot Springs County", "rent": 960, "zip": "82401"}, "hot-springs-county-82430": {"city": "Hot Springs County", "rent": 960, "zip": "82430"}, "hot-springs-county-82443": {"city": "Hot Springs County", "rent": 960, "zip": "82443"}, "johnson-county-82639": {"city": "Johnson County", "rent": 1360, "zip": "82639"}, "johnson-county-82640": {"city": "Johnson County", "rent": 1080, "zip": "82640"}, "johnson-county-82831": {"city": "Johnson County", "rent": 1160, "zip": "82831"}, "johnson-county-82832": {"city": "Johnson County", "rent": 1200, "zip": "82832"}, "johnson-county-82834": {"city": "Johnson County", "rent": 1110, "zip": "82834"}, "johnson-county-82835": {"city": "Johnson County", "rent": 1420, "zip": "82835"}, "johnson-county-82840": {"city": "Johnson County", "rent": 1120, "zip": "82840"}, "lincoln-county-83101": {"city": "Lincoln County", "rent": 960, "zip": "83101"}, "lincoln-county-83110": {"city": "Lincoln County", "rent": 960, "zip": "83110"}, "lincoln-county-83111": {"city": "Lincoln County", "rent": 1190, "zip": "83111"}, "lincoln-county-83112": {"city": "Lincoln County", "rent": 1240, "zip": "83112"}, "lincoln-county-83113": {"city": "Lincoln County", "rent": 960, "zip": "83113"}, "lincoln-county-83114": {"city": "Lincoln County", "rent": 1350, "zip": "83114"}, "lincoln-county-83116": {"city": "Lincoln County", "rent": 960, "zip": "83116"}, "lincoln-county-83118": {"city": "Lincoln County", "rent": 1420, "zip": "83118"}, "lincoln-county-83119": {"city": "Lincoln County", "rent": 960, "zip": "83119"}, "lincoln-county-83120": {"city": "Lincoln County", "rent": 1470, "zip": "83120"}, "lincoln-county-83121": {"city": "Lincoln County", "rent": 960, "zip": "83121"}, "lincoln-county-83122": {"city": "Lincoln County", "rent": 1130, "zip": "83122"}, "lincoln-county-83123": {"city": "Lincoln County", "rent": 960, "zip": "83123"}, "lincoln-county-83124": {"city": "Lincoln County", "rent": 960, "zip": "83124"}, "lincoln-county-83126": {"city": "Lincoln County", "rent": 960, "zip": "83126"}, "lincoln-county-83127": {"city": "Lincoln County", "rent": 1350, "zip": "83127"}, "lincoln-county-83128": {"city": "Lincoln County", "rent": 1420, "zip": "83128"}, "niobrara-county-82222": {"city": "Niobrara County", "rent": 1200, "zip": "82222"}, "niobrara-county-82224": {"city": "Niobrara County", "rent": 960, "zip": "82224"}, "niobrara-county-82225": {"city": "Niobrara County", "rent": 1200, "zip": "82225"}, "niobrara-county-82227": {"city": "Niobrara County", "rent": 960, "zip": "82227"}, "niobrara-county-82242": {"city": "Niobrara County", "rent": 1120, "zip": "82242"}, "niobrara-county-82633": {"city": "Niobrara County", "rent": 990, "zip": "82633"}, "niobrara-county-82701": {"city": "Niobrara County", "rent": 1040, "zip": "82701"}, "park-county-82190": {"city": "Park County", "rent": 1420, "zip": "82190"}, "park-county-82411": {"city": "Park County", "rent": 960, "zip": "82411"}, "park-county-82414": {"city": "Park County", "rent": 1070, "zip": "82414"}, "park-county-82421": {"city": "Park County", "rent": 960, "zip": "82421"}, "park-county-82423": {"city": "Park County", "rent": 960, "zip": "82423"}, "park-county-82433": {"city": "Park County", "rent": 960, "zip": "82433"}, "park-county-82435": {"city": "Park County", "rent": 960, "zip": "82435"}, "park-county-82440": {"city": "Park County", "rent": 960, "zip": "82440"}, "park-county-82450": {"city": "Park County", "rent": 1070, "zip": "82450"}, "platte-county-82201": {"city": "Platte County", "rent": 960, "zip": "82201"}, "platte-county-82210": {"city": "Platte County", "rent": 1080, "zip": "82210"}, "platte-county-82213": {"city": "Platte County", "rent": 960, "zip": "82213"}, "platte-county-82214": {"city": "Platte County", "rent": 1020, "zip": "82214"}, "platte-county-82215": {"city": "Platte County", "rent": 960, "zip": "82215"}, "platte-county-82227": {"city": "Platte County", "rent": 960, "zip": "82227"}, "sheridan-county-82801": {"city": "Sheridan County", "rent": 1120, "zip": "82801"}, "sheridan-county-82831": {"city": "Sheridan County", "rent": 1160, "zip": "82831"}, "sheridan-county-82832": {"city": "Sheridan County", "rent": 1200, "zip": "82832"}, "sheridan-county-82833": {"city": "Sheridan County", "rent": 1120, "zip": "82833"}, "sheridan-county-82835": {"city": "Sheridan County", "rent": 1420, "zip": "82835"}, "sheridan-county-82836": {"city": "Sheridan County", "rent": 1000, "zip": "82836"}, "sheridan-county-82837": {"city": "Sheridan County", "rent": 1420, "zip": "82837"}, "sheridan-county-82838": {"city": "Sheridan County", "rent": 1060, "zip": "82838"}, "sheridan-county-82839": {"city": "Sheridan County", "rent": 1010, "zip": "82839"}, "sheridan-county-82842": {"city": "Sheridan County", "rent": 1130, "zip": "82842"}, "sheridan-county-82844": {"city": "Sheridan County", "rent": 1050, "zip": "82844"}, "sheridan-county-82845": {"city": "Sheridan County", "rent": 1210, "zip": "82845"}, "sublette-county-82922": {"city": "Sublette County", "rent": 1360, "zip": "82922"}, "sublette-county-82923": {"city": "Sublette County", "rent": 1040, "zip": "82923"}, "sublette-county-82925": {"city": "Sublette County", "rent": 1070, "zip": "82925"}, "sublette-county-82941": {"city": "Sublette County", "rent": 1090, "zip": "82941"}, "sublette-county-83113": {"city": "Sublette County", "rent": 960, "zip": "83113"}, "sublette-county-83115": {"city": "Sublette County", "rent": 1020, "zip": "83115"}, "sweetwater-county-82322": {"city": "Sweetwater County", "rent": 960, "zip": "82322"}, "sweetwater-county-82336": {"city": "Sweetwater County", "rent": 1000, "zip": "82336"}, "sweetwater-county-82901": {"city": "Sweetwater County", "rent": 990, "zip": "82901"}, "sweetwater-county-82902": {"city": "Sweetwater County", "rent": 1000, "zip": "82902"}, "sweetwater-county-82929": {"city": "Sweetwater County", "rent": 1000, "zip": "82929"}, "sweetwater-county-82932": {"city": "Sweetwater County", "rent": 1000, "zip": "82932"}, "sweetwater-county-82934": {"city": "Sweetwater County", "rent": 1000, "zip": "82934"}, "sweetwater-county-82935": {"city": "Sweetwater County", "rent": 1020, "zip": "82935"}, "sweetwater-county-82938": {"city": "Sweetwater County", "rent": 1130, "zip": "82938"}, "sweetwater-county-82942": {"city": "Sweetwater County", "rent": 990, "zip": "82942"}, "sweetwater-county-82943": {"city": "Sweetwater County", "rent": 990, "zip": "82943"}, "sweetwater-county-82945": {"city": "Sweetwater County", "rent": 990, "zip": "82945"}, "teton-county-82190": {"city": "Teton County", "rent": 1420, "zip": "82190"}, "teton-county-83001": {"city": "Teton County", "rent": 1740, "zip": "83001"}, "teton-county-83002": {"city": "Teton County", "rent": 1650, "zip": "83002"}, "teton-county-83011": {"city": "Teton County", "rent": 1650, "zip": "83011"}, "teton-county-83012": {"city": "Teton County", "rent": 1650, "zip": "83012"}, "teton-county-83013": {"city": "Teton County", "rent": 1420, "zip": "83013"}, "teton-county-83014": {"city": "Teton County", "rent": 1420, "zip": "83014"}, "teton-county-83025": {"city": "Teton County", "rent": 1440, "zip": "83025"}, "teton-county-83414": {"city": "Teton County", "rent": 1420, "zip": "83414"}, "uinta-county-82930": {"city": "Uinta County", "rent": 1470, "zip": "82930"}, "uinta-county-82931": {"city": "Uinta County", "rent": 960, "zip": "82931"}, "uinta-county-82933": {"city": "Uinta County", "rent": 1020, "zip": "82933"}, "uinta-county-82936": {"city": "Uinta County", "rent": 970, "zip": "82936"}, "uinta-county-82937": {"city": "Uinta County", "rent": 1110, "zip": "82937"}, "uinta-county-82939": {"city": "Uinta County", "rent": 970, "zip": "82939"}, "uinta-county-82944": {"city": "Uinta County", "rent": 970, "zip": "82944"}, "washakie-county-82401": {"city": "Washakie County", "rent": 960, "zip": "82401"}, "washakie-county-82442": {"city": "Washakie County", "rent": 990, "zip": "82442"}, "weston-county-82701": {"city": "Weston County", "rent": 1040, "zip": "82701"}, "weston-county-82715": {"city": "Weston County", "rent": 1060, "zip": "82715"}, "weston-county-82723": {"city": "Weston County", "rent": 1090, "zip": "82723"}, "weston-county-82729": {"city": "Weston County", "rent": 1070, "zip": "82729"}, "weston-county-82730": {"city": "Weston County", "rent": 1150, "zip": "82730"}}